<?xml version="1.0" encoding="UTF-8"?>
<gpx version="1.1" creator="https://budapestring.hu"
     xmlns="http://www.topografix.com/GPX/1/1"
     xmlns:xsi="http://www.w3.org/2001/XMLSchema-instance"
     xmlns:gpx_style="http://www.topografix.com/GPX/gpx_style/0/2"
     xsi:schemaLocation="http://www.topografix.com/GPX/1/1 http://www.topografix.com/GPX/1/1/gpx.xsd http://www.topografix.com/GPX/gpx_style/0/2 http://www.topografix.com/GPX/gpx_style/0/2/gpx_style.xsd">
  <metadata>
    <name>Budapest kör / Budapest Ring</name>
    <desc>Gyalogos körtúra Budapest körül — 102,7 km, ~1050 m szint. A körnek nincs eleje és vége: a waypointok tömegközlekedéssel elérhető belépési pontok, bármelyiknél el lehet indulni és bárhol abba lehet hagyni. Részletek: budapestring.hu
A walking route around Budapest — 102.7 km, ~1050 m of ascent. A circle has no start or end: the waypoints are entry points reachable by public transport, so set out from any of them and stop wherever you can get home from. More at budapestring.hu</desc>
    <author>
      <name>Makk Zsuzsa</name>
      <link href="https://budapestring.hu">
        <text>budapestring.hu</text>
      </link>
    </author>
    <copyright author="Makk Zsuzsa — budapestring.hu">
      <year>2025</year>
      <license>https://creativecommons.org/licenses/by/4.0/</license>
    </copyright>
    <link href="https://budapestring.hu">
      <text>budapestring.hu</text>
    </link>
    <keywords>Budapest, körtúra, gyalogtúra, hiking, walking, long distance path, Budapest Ring, Budapest kör</keywords>
  </metadata>
  <wpt lat="47.594508" lon="19.070121">
    <ele>99.8</ele>
    <name>Békásmegyer-Pünkösdfürdő</name>
    <cmt>Belépési pont / Entry point
ivóvíz / drinking water</cmt>
    <desc>Belépési pont / Entry point
ivóvíz / drinking water</desc>
    <link href="https://budapestring.hu/?from=punkosdfurdo">
      <text>budapestring.hu</text>
    </link>
    <sym>Ground Transportation</sym>
    <type>station</type>
  </wpt>
  <wpt lat="47.599462" lon="19.092813">
    <ele>106.3</ele>
    <name>Vízművek</name>
    <cmt>Belépési pont / Entry point
BKV: 104, 104A, 300, 301, 302, 303, 308, 309, 310, 311</cmt>
    <desc>Belépési pont / Entry point
BKV: 104, 104A, 300, 301, 302, 303, 308, 309, 310, 311</desc>
    <link href="https://budapestring.hu/?from=vizmuvek">
      <text>budapestring.hu</text>
    </link>
    <sym>Ground Transportation</sym>
    <type>bus stop</type>
  </wpt>
  <wpt lat="47.588828" lon="19.097888">
    <ele>102.8</ele>
    <name>Szilaspatak sor</name>
    <cmt>Belépési pont / Entry point
BKV: 30, 122E, 230</cmt>
    <desc>Belépési pont / Entry point
BKV: 30, 122E, 230</desc>
    <link href="https://budapestring.hu/?from=megyer">
      <text>budapestring.hu</text>
    </link>
    <sym>Ground Transportation</sym>
    <type>bus stop</type>
  </wpt>
  <wpt lat="47.576787" lon="19.115719">
    <ele>111.0</ele>
    <name>Óceánárok utca</name>
    <cmt>Belépési pont / Entry point
BKV: 14, 20E, 121, 126, 126A, 296, 296A, 914
103 m a körtől / from the ring</cmt>
    <desc>Belépési pont / Entry point
BKV: 14, 20E, 121, 126, 126A, 296, 296A, 914
103 m a körtől / from the ring</desc>
    <link href="https://budapestring.hu/?from=oceanarok-utca">
      <text>budapestring.hu</text>
    </link>
    <sym>Ground Transportation</sym>
    <type>tram stop</type>
  </wpt>
  <wpt lat="47.569434" lon="19.126389">
    <ele>113.0</ele>
    <name>Rákospalota, Kossuth utca</name>
    <cmt>Belépési pont / Entry point
BKV: 12, 12A, 5, 104, 104A, 125, 170, 204, 231, 231B, 270, 905, 905A, 985
71 m a körtől / from the ring
ivóvíz / drinking water</cmt>
    <desc>Belépési pont / Entry point
BKV: 12, 12A, 5, 104, 104A, 125, 170, 204, 231, 231B, 270, 905, 905A, 985
71 m a körtől / from the ring
ivóvíz / drinking water</desc>
    <link href="https://budapestring.hu/?from=rakospalota-kossuth-utca">
      <text>budapestring.hu</text>
    </link>
    <sym>Ground Transportation</sym>
    <type>tram stop</type>
  </wpt>
  <wpt lat="47.566540" lon="19.131599">
    <ele>114.0</ele>
    <name>Budapest, Juhos utca</name>
    <cmt>Belépési pont / Entry point
BKV: 5, 104, 104A, 204, 231, 231B, 310, 313, 314, 315, 316, 318, 319, 320, 321, 905, 905A
73 m a körtől / from the ring</cmt>
    <desc>Belépési pont / Entry point
BKV: 5, 104, 104A, 204, 231, 231B, 310, 313, 314, 315, 316, 318, 319, 320, 321, 905, 905A
73 m a körtől / from the ring</desc>
    <link href="https://budapestring.hu/?from=xv">
      <text>budapestring.hu</text>
    </link>
    <sym>Ground Transportation</sym>
    <type>bus stop</type>
  </wpt>
  <wpt lat="47.554024" lon="19.145043">
    <ele>120.0</ele>
    <name>Pólus Center</name>
    <cmt>Belépési pont / Entry point
195 m a körtől / from the ring
kávé / coffee · WC / toilet</cmt>
    <desc>Belépési pont / Entry point
195 m a körtől / from the ring
kávé / coffee · WC / toilet</desc>
    <link href="https://budapestring.hu/?from=polus-center">
      <text>budapestring.hu</text>
    </link>
    <sym>Ground Transportation</sym>
    <type>bus stop</type>
  </wpt>
  <wpt lat="47.533658" lon="19.181111">
    <ele>129.0</ele>
    <name>Csömöri út</name>
    <cmt>Belépési pont / Entry point
BKV: 31, 46, 146, 175, 931
128 m a körtől / from the ring</cmt>
    <desc>Belépési pont / Entry point
BKV: 31, 46, 146, 175, 931
128 m a körtől / from the ring</desc>
    <link href="https://budapestring.hu/?from=csomori-ut">
      <text>budapestring.hu</text>
    </link>
    <sym>Ground Transportation</sym>
    <type>bus stop</type>
  </wpt>
  <wpt lat="47.518414" lon="19.210005">
    <ele>140.0</ele>
    <name>Mátyásföld alsó</name>
    <cmt>Belépési pont / Entry point
BKV: H8, H9
333 m a körtől / from the ring
ivóvíz / drinking water</cmt>
    <desc>Belépési pont / Entry point
BKV: H8, H9
333 m a körtől / from the ring
ivóvíz / drinking water</desc>
    <link href="https://budapestring.hu/?from=matyasfold-also">
      <text>budapestring.hu</text>
    </link>
    <sym>Ground Transportation</sym>
    <type>station</type>
  </wpt>
  <wpt lat="47.516437" lon="19.215705">
    <ele>142.0</ele>
    <name>Cinkota</name>
    <cmt>Belépési pont / Entry point
BKV: H8, H9, 92, 92A
297 m a körtől / from the ring</cmt>
    <desc>Belépési pont / Entry point
BKV: H8, H9, 92, 92A
297 m a körtől / from the ring</desc>
    <link href="https://budapestring.hu/?from=cinkota">
      <text>budapestring.hu</text>
    </link>
    <sym>Ground Transportation</sym>
    <type>station</type>
  </wpt>
  <wpt lat="47.486351" lon="19.258123">
    <ele>140.0</ele>
    <name>Rákosliget</name>
    <cmt>Belépési pont / Entry point
BKV: S80, 98, 146, 146A, 176E, 198, 261E, 276E, 908, 946</cmt>
    <desc>Belépési pont / Entry point
BKV: S80, 98, 146, 146A, 176E, 198, 261E, 276E, 908, 946</desc>
    <link href="https://budapestring.hu/?from=rakosliget">
      <text>budapestring.hu</text>
    </link>
    <sym>Ground Transportation</sym>
    <type>station</type>
  </wpt>
  <wpt lat="47.481666" lon="19.245315">
    <ele>136.0</ele>
    <name>Bakancsos utca</name>
    <cmt>Belépési pont / Entry point
BKV: 46, 97E, 161, 161A, 161E, 162, 169E, 195, 198, 202E, 262, 908, 969, 995, 997
ivóvíz / drinking water · WC / toilet</cmt>
    <desc>Belépési pont / Entry point
BKV: 46, 97E, 161, 161A, 161E, 162, 169E, 195, 198, 202E, 262, 908, 969, 995, 997
ivóvíz / drinking water · WC / toilet</desc>
    <link href="https://budapestring.hu/?from=bakancsos-utca">
      <text>budapestring.hu</text>
    </link>
    <sym>Ground Transportation</sym>
    <type>bus stop</type>
  </wpt>
  <wpt lat="47.468071" lon="19.243789">
    <ele>153.0</ele>
    <name>Rákoshegy</name>
    <cmt>Belépési pont / Entry point
BKV: 46, 98, 98E, 168E, 198, 946
ivóvíz / drinking water · WC / toilet</cmt>
    <desc>Belépési pont / Entry point
BKV: 46, 98, 98E, 168E, 198, 946
ivóvíz / drinking water · WC / toilet</desc>
    <link href="https://budapestring.hu/?from=xvii">
      <text>budapestring.hu</text>
    </link>
    <sym>Ground Transportation</sym>
    <type>station</type>
  </wpt>
  <wpt lat="47.467042" lon="19.223098">
    <ele>141.0</ele>
    <name>Dedics Ferenc utca</name>
    <cmt>Belépési pont / Entry point
BKV: 46, 168E, 995
324 m a körtől / from the ring</cmt>
    <desc>Belépési pont / Entry point
BKV: 46, 168E, 995
324 m a körtől / from the ring</desc>
    <link href="https://budapestring.hu/?from=dedics-ferenc-utca">
      <text>budapestring.hu</text>
    </link>
    <sym>Ground Transportation</sym>
    <type>bus stop</type>
  </wpt>
  <wpt lat="47.452017" lon="19.194771">
    <ele>143.0</ele>
    <name>Fedezék utca</name>
    <cmt>Belépési pont / Entry point
BKV: 93, 93A, 198, 217, 217E, 577, 578, 946
ivóvíz / drinking water</cmt>
    <desc>Belépési pont / Entry point
BKV: 93, 93A, 198, 217, 217E, 577, 578, 946
ivóvíz / drinking water</desc>
    <link href="https://budapestring.hu/?from=fedezek-utca">
      <text>budapestring.hu</text>
    </link>
    <sym>Ground Transportation</sym>
    <type>bus stop</type>
  </wpt>
  <wpt lat="47.436437" lon="19.196933">
    <ele>134.0</ele>
    <name>Iparvasút</name>
    <cmt>Belépési pont / Entry point
BKV: 50, 236, 236A, 950, 983</cmt>
    <desc>Belépési pont / Entry point
BKV: 50, 236, 236A, 950, 983</desc>
    <link href="https://budapestring.hu/?from=iparvasut">
      <text>budapestring.hu</text>
    </link>
    <sym>Ground Transportation</sym>
    <type>tram stop</type>
  </wpt>
  <wpt lat="47.414216" lon="19.172756">
    <ele>115.0</ele>
    <name>Pestszentimre felső</name>
    <cmt>Belépési pont / Entry point
BKV: S21, 54, 55, 84E, 89E, 294E, 994
ivóvíz / drinking water</cmt>
    <desc>Belépési pont / Entry point
BKV: S21, 54, 55, 84E, 89E, 294E, 994
ivóvíz / drinking water</desc>
    <link href="https://budapestring.hu/?from=xviii">
      <text>budapestring.hu</text>
    </link>
    <sym>Ground Transportation</sym>
    <type>station</type>
  </wpt>
  <wpt lat="47.401016" lon="19.121467">
    <ele>106.8</ele>
    <name>Soroksár</name>
    <cmt>Belépési pont / Entry point
BKV: 166</cmt>
    <desc>Belépési pont / Entry point
BKV: 166</desc>
    <link href="https://budapestring.hu/?from=soroksar">
      <text>budapestring.hu</text>
    </link>
    <sym>Ground Transportation</sym>
    <type>station</type>
  </wpt>
  <wpt lat="47.399452" lon="19.115417">
    <ele>113.0</ele>
    <name>Soroksár, Hősök tere</name>
    <cmt>Belépési pont / Entry point
BKV: H6, 66, 66B, 66E, 135, 166, 626, 627, 628, 629, 630, 631, 632, 635, 636, 650, 653, 654, 655, 659, 660, 661, 966
kávé / coffee · ivóvíz / drinking water</cmt>
    <desc>Belépési pont / Entry point
BKV: H6, 66, 66B, 66E, 135, 166, 626, 627, 628, 629, 630, 631, 632, 635, 636, 650, 653, 654, 655, 659, 660, 661, 966
kávé / coffee · ivóvíz / drinking water</desc>
    <link href="https://budapestring.hu/?from=soroksar-hosok-tere">
      <text>budapestring.hu</text>
    </link>
    <sym>Ground Transportation</sym>
    <type>station</type>
  </wpt>
  <wpt lat="47.398268" lon="19.108640">
    <ele>99.0</ele>
    <name>Soroksár, Molnár-sziget rév</name>
    <cmt>Belépési pont / Entry point
BKV: D14
ivóvíz / drinking water · WC / toilet</cmt>
    <desc>Belépési pont / Entry point
BKV: D14
ivóvíz / drinking water · WC / toilet</desc>
    <link href="https://budapestring.hu/?from=soroksar-molnar-sziget-rev">
      <text>budapestring.hu</text>
    </link>
    <sym>Ground Transportation</sym>
    <type>ferry</type>
  </wpt>
  <wpt lat="47.398057" lon="19.106501">
    <ele>99.0</ele>
    <name>Csepel-Királyerdő</name>
    <cmt>Belépési pont / Entry point
BKV: D14
ivóvíz / drinking water · WC / toilet</cmt>
    <desc>Belépési pont / Entry point
BKV: D14
ivóvíz / drinking water · WC / toilet</desc>
    <link href="https://budapestring.hu/?from=csepel-kiralyerdo">
      <text>budapestring.hu</text>
    </link>
    <sym>Ground Transportation</sym>
    <type>station</type>
  </wpt>
  <wpt lat="47.411531" lon="19.087616">
    <ele>107.0</ele>
    <name>Tölgyes út</name>
    <cmt>Belépési pont / Entry point
BKV: 148, 948
kávé / coffee · ivóvíz / drinking water</cmt>
    <desc>Belépési pont / Entry point
BKV: 148, 948
kávé / coffee · ivóvíz / drinking water</desc>
    <link href="https://budapestring.hu/?from=tolgyes-ut">
      <text>budapestring.hu</text>
    </link>
    <sym>Ground Transportation</sym>
    <type>bus stop</type>
  </wpt>
  <wpt lat="47.410033" lon="19.055514">
    <ele>104.0</ele>
    <name>Tejút utca</name>
    <cmt>Belépési pont / Entry point
BKV: 38, 38A, 138, 238, 278, 672, 673, 674, 675, 676, 688, 690, 938
ivóvíz / drinking water</cmt>
    <desc>Belépési pont / Entry point
BKV: 38, 38A, 138, 238, 278, 672, 673, 674, 675, 676, 688, 690, 938
ivóvíz / drinking water</desc>
    <link href="https://budapestring.hu/?from=csepel">
      <text>budapestring.hu</text>
    </link>
    <sym>Ground Transportation</sym>
    <type>bus stop</type>
  </wpt>
  <wpt lat="47.391569" lon="19.035680">
    <ele>106.0</ele>
    <name>Vízművek lakótelep</name>
    <cmt>Belépési pont / Entry point
BKV: 38, 38A, 138, 238, 278, 690, 938
ivóvíz / drinking water</cmt>
    <desc>Belépési pont / Entry point
BKV: 38, 38A, 138, 238, 278, 690, 938
ivóvíz / drinking water</desc>
    <link href="https://budapestring.hu/?from=vizmuvek-lakotelep">
      <text>budapestring.hu</text>
    </link>
    <sym>Ground Transportation</sym>
    <type>bus stop</type>
  </wpt>
  <wpt lat="47.384033" lon="19.016043">
    <ele>106.0</ele>
    <name>Gát utca</name>
    <cmt>Belépési pont / Entry point
BKV: 38, 38A, 238, 279, 279B, 280, 280B, 689, 690, 938
231 m a körtől / from the ring</cmt>
    <desc>Belépési pont / Entry point
BKV: 38, 38A, 238, 279, 279B, 280, 280B, 689, 690, 938
231 m a körtől / from the ring</desc>
    <link href="https://budapestring.hu/?from=gat-utca">
      <text>budapestring.hu</text>
    </link>
    <sym>Ground Transportation</sym>
    <type>bus stop</type>
  </wpt>
  <wpt lat="47.404623" lon="19.012198">
    <ele>103.0</ele>
    <name>Budatétény vasútállomás (Növény utca)</name>
    <cmt>Belépési pont / Entry point
BKV: 13, 13A, 33, 88, 101B, 101E, 113, 113A, 114, 133E, 213, 214, 287, 700, 933, 941</cmt>
    <desc>Belépési pont / Entry point
BKV: 13, 13A, 33, 88, 101B, 101E, 113, 113A, 114, 133E, 213, 214, 287, 700, 933, 941</desc>
    <link href="https://budapestring.hu/?from=xxii">
      <text>budapestring.hu</text>
    </link>
    <sym>Ground Transportation</sym>
    <type>Növény utca</type>
  </wpt>
  <wpt lat="47.419095" lon="19.006731">
    <ele>169.0</ele>
    <name>Aradi utca</name>
    <cmt>Belépési pont / Entry point
BKV: 101B, 101E, 150, 150B, 941
ivóvíz / drinking water</cmt>
    <desc>Belépési pont / Entry point
BKV: 101B, 101E, 150, 150B, 941
ivóvíz / drinking water</desc>
    <link href="https://budapestring.hu/?from=aradi-utca">
      <text>budapestring.hu</text>
    </link>
    <sym>Ground Transportation</sym>
    <type>bus stop</type>
  </wpt>
  <wpt lat="47.439971" lon="18.980490">
    <ele>126.0</ele>
    <name>Kamaraerdei Ifjúsági Park</name>
    <cmt>Belépési pont / Entry point
BKV: 41, 87, 87A, 187, 287, 940
114 m a körtől / from the ring
ivóvíz / drinking water</cmt>
    <desc>Belépési pont / Entry point
BKV: 41, 87, 87A, 187, 287, 940
114 m a körtől / from the ring
ivóvíz / drinking water</desc>
    <link href="https://budapestring.hu/?from=kamaraerdei-ifjusagi-park">
      <text>budapestring.hu</text>
    </link>
    <sym>Ground Transportation</sym>
    <type>tram stop</type>
  </wpt>
  <wpt lat="47.444661" lon="18.986849">
    <ele>123.0</ele>
    <name>Fülőke utca</name>
    <cmt>Belépési pont / Entry point
BKV: 41
354 m a körtől / from the ring</cmt>
    <desc>Belépési pont / Entry point
BKV: 41
354 m a körtől / from the ring</desc>
    <link href="https://budapestring.hu/?from=fuloke-utca">
      <text>budapestring.hu</text>
    </link>
    <sym>Ground Transportation</sym>
    <type>tram stop</type>
  </wpt>
  <wpt lat="47.461364" lon="18.998888">
    <ele>122.0</ele>
    <name>Poprádi út</name>
    <cmt>Belépési pont / Entry point
BKV: 87, 87A, 88, 88A, 140, 140A, 922, 922B, 940, 988</cmt>
    <desc>Belépési pont / Entry point
BKV: 87, 87A, 88, 88A, 140, 140A, 922, 922B, 940, 988</desc>
    <link href="https://budapestring.hu/?from=popradi-ut">
      <text>budapestring.hu</text>
    </link>
    <sym>Ground Transportation</sym>
    <type>bus stop</type>
  </wpt>
  <wpt lat="47.473082" lon="18.992145">
    <ele>190.0</ele>
    <name>Gazdagréti tér</name>
    <cmt>Belépési pont / Entry point
BKV: 8E, 108E, 139, 153, 154, 908, 908A
ivóvíz / drinking water · WC / toilet</cmt>
    <desc>Belépési pont / Entry point
BKV: 8E, 108E, 139, 153, 154, 908, 908A
ivóvíz / drinking water · WC / toilet</desc>
    <link href="https://budapestring.hu/?from=gazdagreti-ter">
      <text>budapestring.hu</text>
    </link>
    <sym>Ground Transportation</sym>
    <type>bus stop</type>
  </wpt>
  <wpt lat="47.476329" lon="18.986969">
    <ele>215.0</ele>
    <name>Irhás árok</name>
    <cmt>Belépési pont / Entry point
BKV: 8E, 908, 908A</cmt>
    <desc>Belépési pont / Entry point
BKV: 8E, 908, 908A</desc>
    <link href="https://budapestring.hu/?from=xii-del">
      <text>budapestring.hu</text>
    </link>
    <sym>Ground Transportation</sym>
    <type>bus stop</type>
  </wpt>
  <wpt lat="47.499902" lon="18.968286">
    <ele>465.0</ele>
    <name>Normafa, látogatóközpont</name>
    <cmt>Belépési pont / Entry point
BKV: 21, 210B, 212, 212B, 221, 910
84 m a körtől / from the ring
ivóvíz / drinking water · WC / toilet</cmt>
    <desc>Belépési pont / Entry point
BKV: 21, 210B, 212, 212B, 221, 910
84 m a körtől / from the ring
ivóvíz / drinking water · WC / toilet</desc>
    <link href="https://budapestring.hu/?from=xii-eszak">
      <text>budapestring.hu</text>
    </link>
    <sym>Ground Transportation</sym>
    <type>bus stop</type>
  </wpt>
  <wpt lat="47.515617" lon="18.959894">
    <ele>489.0</ele>
    <name>János-hegy</name>
    <cmt>Belépési pont / Entry point
58 m a körtől / from the ring
kávé / coffee · ivóvíz / drinking water · WC / toilet</cmt>
    <desc>Belépési pont / Entry point
58 m a körtől / from the ring
kávé / coffee · ivóvíz / drinking water · WC / toilet</desc>
    <link href="https://budapestring.hu/?from=janos-hegy">
      <text>budapestring.hu</text>
    </link>
    <sym>Ground Transportation</sym>
    <type>station</type>
  </wpt>
  <wpt lat="47.526659" lon="18.948451">
    <ele>343.0</ele>
    <name>Laktanya</name>
    <cmt>Belépési pont / Entry point
BKV: 22, 22A, 222, 795, 797, 922, 922B, 988</cmt>
    <desc>Belépési pont / Entry point
BKV: 22, 22A, 222, 795, 797, 922, 922B, 988</desc>
    <link href="https://budapestring.hu/?from=laktanya">
      <text>budapestring.hu</text>
    </link>
    <sym>Ground Transportation</sym>
    <type>bus stop</type>
  </wpt>
  <wpt lat="47.543340" lon="18.964177">
    <ele>215.0</ele>
    <name>Hűvösvölgy</name>
    <cmt>Belépési pont / Entry point
BKV: Gyermekvasút, 56, 56A, 59B, 61, 29, 57, 63, 64, 64A, 64B, 157, 157A, 164, 257, 264, 905, 905A, 963, 964
kávé / coffee · ivóvíz / drinking water · WC / toilet</cmt>
    <desc>Belépési pont / Entry point
BKV: Gyermekvasút, 56, 56A, 59B, 61, 29, 57, 63, 64, 64A, 64B, 157, 157A, 164, 257, 264, 905, 905A, 963, 964
kávé / coffee · ivóvíz / drinking water · WC / toilet</desc>
    <link href="https://budapestring.hu/?from=ii">
      <text>budapestring.hu</text>
    </link>
    <sym>Ground Transportation</sym>
    <type>tram stop</type>
  </wpt>
  <wpt lat="47.574422" lon="19.016500">
    <ele>116.0</ele>
    <name>Aranyvölgy</name>
    <cmt>Belépési pont / Entry point
BKV: S72, S76, Z72, 218, 848
kávé / coffee · WC / toilet</cmt>
    <desc>Belépési pont / Entry point
BKV: S72, S76, Z72, 218, 848
kávé / coffee · WC / toilet</desc>
    <link href="https://budapestring.hu/?from=aranyvolgy">
      <text>budapestring.hu</text>
    </link>
    <sym>Ground Transportation</sym>
    <type>station</type>
  </wpt>
  <wpt lat="47.586122" lon="19.045591">
    <ele>107.0</ele>
    <name>Csillaghegy</name>
    <cmt>Belépési pont / Entry point
BKV: H5, 1, 134, 219, 923
kávé / coffee</cmt>
    <desc>Belépési pont / Entry point
BKV: H5, 1, 134, 219, 923
kávé / coffee</desc>
    <link href="https://budapestring.hu/?from=csillaghegy">
      <text>budapestring.hu</text>
    </link>
    <sym>Ground Transportation</sym>
    <type>station</type>
  </wpt>
  <trk>
    <name>Budapest kör / Budapest Ring</name>
    <extensions>
      <gpx_style:line>
        <gpx_style:color>001eff</gpx_style:color>
        <gpx_style:width>4</gpx_style:width>
      </gpx_style:line>
    </extensions>
    <trkseg>
      <trkpt lat="47.594209" lon="19.06902"><ele>103</ele></trkpt>
      <trkpt lat="47.594192" lon="19.068966"><ele>103</ele></trkpt>
      <trkpt lat="47.594099" lon="19.069212"><ele>102.75</ele></trkpt>
      <trkpt lat="47.594009" lon="19.069452"><ele>101.75</ele></trkpt>
      <trkpt lat="47.593953" lon="19.069596"><ele>101.25</ele></trkpt>
      <trkpt lat="47.593965" lon="19.069742"><ele>100.75</ele></trkpt>
      <trkpt lat="47.594001" lon="19.06983"><ele>100.5</ele></trkpt>
      <trkpt lat="47.594114" lon="19.069886"><ele>100.25</ele></trkpt>
      <trkpt lat="47.594429" lon="19.069986"><ele>100.25</ele></trkpt>
      <trkpt lat="47.594461" lon="19.070016"><ele>100.25</ele></trkpt>
      <trkpt lat="47.594491" lon="19.070061"><ele>100</ele></trkpt>
      <trkpt lat="47.594508" lon="19.070121"><ele>99.75</ele></trkpt>
      <trkpt lat="47.594536" lon="19.070085"><ele>100.25</ele></trkpt>
      <trkpt lat="47.594536" lon="19.070085"><ele>100.25</ele></trkpt>
      <trkpt lat="47.594574" lon="19.070038"><ele>100.25</ele></trkpt>
      <trkpt lat="47.594676" lon="19.070002"><ele>100.5</ele></trkpt>
      <trkpt lat="47.594935" lon="19.070016"><ele>100.75</ele></trkpt>
      <trkpt lat="47.595611" lon="19.070015"><ele>98.75</ele></trkpt>
      <trkpt lat="47.596512" lon="19.070026"><ele>100.25</ele></trkpt>
      <trkpt lat="47.597003" lon="19.070045"><ele>101</ele></trkpt>
      <trkpt lat="47.59747" lon="19.070091"><ele>101.25</ele></trkpt>
      <trkpt lat="47.598603" lon="19.070251"><ele>101.5</ele></trkpt>
      <trkpt lat="47.598912" lon="19.070288"><ele>103</ele></trkpt>
      <trkpt lat="47.599901" lon="19.070504"><ele>101.5</ele></trkpt>
      <trkpt lat="47.600223" lon="19.070611"><ele>100.75</ele></trkpt>
      <trkpt lat="47.600446" lon="19.070717"><ele>100.75</ele></trkpt>
      <trkpt lat="47.60044481858404" lon="19.070729921231333"><ele>97.93402715159137</ele></trkpt>
      <trkpt lat="47.600446" lon="19.070717"><ele>100.75</ele></trkpt>
      <trkpt lat="47.600493" lon="19.070739"><ele>100.75</ele></trkpt>
      <trkpt lat="47.602078" lon="19.071595"><ele>99.75</ele></trkpt>
      <trkpt lat="47.602241" lon="19.071675"><ele>100</ele></trkpt>
      <trkpt lat="47.602975" lon="19.072093"><ele>99</ele></trkpt>
      <trkpt lat="47.603429" lon="19.072381"><ele>98.25</ele></trkpt>
      <trkpt lat="47.603765" lon="19.072588"><ele>100.5</ele></trkpt>
      <trkpt lat="47.604064" lon="19.072797"><ele>102.75</ele></trkpt>
      <trkpt lat="47.604592" lon="19.073219"><ele>104.5</ele></trkpt>
      <trkpt lat="47.60496" lon="19.073558"><ele>103</ele></trkpt>
      <trkpt lat="47.605586" lon="19.074066"><ele>100.5</ele></trkpt>
      <trkpt lat="47.605617" lon="19.07398"><ele>101.25</ele></trkpt>
      <trkpt lat="47.60619" lon="19.074384"><ele>101.75</ele></trkpt>
      <trkpt lat="47.60624" lon="19.074426"><ele>101.75</ele></trkpt>
      <trkpt lat="47.606611" lon="19.074653"><ele>100.25</ele></trkpt>
      <trkpt lat="47.60665" lon="19.074677"><ele>100.25</ele></trkpt>
      <trkpt lat="47.606825" lon="19.074789"><ele>100</ele></trkpt>
      <trkpt lat="47.606978" lon="19.074818"><ele>100.75</ele></trkpt>
      <trkpt lat="47.607084" lon="19.074816"><ele>101.5</ele></trkpt>
      <trkpt lat="47.607186" lon="19.074793"><ele>102.25</ele></trkpt>
      <trkpt lat="47.60724" lon="19.074764"><ele>102.75</ele></trkpt>
      <trkpt lat="47.607308" lon="19.074704"><ele>103.25</ele></trkpt>
      <trkpt lat="47.607372" lon="19.074623"><ele>103.75</ele></trkpt>
      <trkpt lat="47.607474" lon="19.074433"><ele>104.5</ele></trkpt>
      <trkpt lat="47.607517" lon="19.074277"><ele>104.75</ele></trkpt>
      <trkpt lat="47.607528" lon="19.074148"><ele>105</ele></trkpt>
      <trkpt lat="47.607523" lon="19.074078"><ele>105</ele></trkpt>
      <trkpt lat="47.607501" lon="19.073931"><ele>105.25</ele></trkpt>
      <trkpt lat="47.60745" lon="19.073751"><ele>105.25</ele></trkpt>
      <trkpt lat="47.607433" lon="19.073662"><ele>105.5</ele></trkpt>
      <trkpt lat="47.607421" lon="19.073409"><ele>105.5</ele></trkpt>
      <trkpt lat="47.607498" lon="19.0734"><ele>105.75</ele></trkpt>
      <trkpt lat="47.607586" lon="19.073389"><ele>105.75</ele></trkpt>
      <trkpt lat="47.607646" lon="19.073381"><ele>105.75</ele></trkpt>
      <trkpt lat="47.6077" lon="19.073374"><ele>105.5</ele></trkpt>
      <trkpt lat="47.6077" lon="19.073374"><ele>105.5</ele></trkpt>
      <trkpt lat="47.607728" lon="19.073371"><ele>105.5</ele></trkpt>
      <trkpt lat="47.607766" lon="19.073384"><ele>105.5</ele></trkpt>
      <trkpt lat="47.607764" lon="19.073657"><ele>105.5</ele></trkpt>
      <trkpt lat="47.607776" lon="19.073945"><ele>105.25</ele></trkpt>
      <trkpt lat="47.607772" lon="19.074195"><ele>105.25</ele></trkpt>
      <trkpt lat="47.607763" lon="19.074283"><ele>105.25</ele></trkpt>
      <trkpt lat="47.607742" lon="19.074385"><ele>105</ele></trkpt>
      <trkpt lat="47.607712" lon="19.074488"><ele>105</ele></trkpt>
      <trkpt lat="47.60767" lon="19.074591"><ele>104.75</ele></trkpt>
      <trkpt lat="47.607656" lon="19.074654"><ele>104.75</ele></trkpt>
      <trkpt lat="47.607652" lon="19.074713"><ele>104.75</ele></trkpt>
      <trkpt lat="47.607665" lon="19.074781"><ele>104.75</ele></trkpt>
      <trkpt lat="47.607705" lon="19.074897"><ele>104.75</ele></trkpt>
      <trkpt lat="47.607914" lon="19.075199"><ele>104.25</ele></trkpt>
      <trkpt lat="47.607895" lon="19.075229"><ele>107</ele></trkpt>
      <trkpt lat="47.607914" lon="19.075199"><ele>104.25</ele></trkpt>
      <trkpt lat="47.60793" lon="19.075223"><ele>104.25</ele></trkpt>
      <trkpt lat="47.608571" lon="19.075603"><ele>105</ele></trkpt>
      <trkpt lat="47.608722" lon="19.075692"><ele>104.75</ele></trkpt>
      <trkpt lat="47.609159" lon="19.076016"><ele>103.75</ele></trkpt>
      <trkpt lat="47.609411" lon="19.076201"><ele>103.75</ele></trkpt>
      <trkpt lat="47.60961" lon="19.076306"><ele>103.5</ele></trkpt>
      <trkpt lat="47.609664" lon="19.076333"><ele>103.5</ele></trkpt>
      <trkpt lat="47.610083" lon="19.076557"><ele>103</ele></trkpt>
      <trkpt lat="47.610436" lon="19.07669"><ele>102.75</ele></trkpt>
      <trkpt lat="47.610965" lon="19.076921"><ele>103.75</ele></trkpt>
      <trkpt lat="47.610966" lon="19.076907"><ele>104</ele></trkpt>
      <trkpt lat="47.611175" lon="19.075397"><ele>104</ele></trkpt>
      <trkpt lat="47.611192" lon="19.075224"><ele>103.5</ele></trkpt>
      <trkpt lat="47.611221" lon="19.07524"><ele>103.5</ele></trkpt>
      <trkpt lat="47.611218" lon="19.075255"><ele>110</ele></trkpt>
      <trkpt lat="47.611312" lon="19.075286"><ele>112</ele></trkpt>
      <trkpt lat="47.611398" lon="19.075346"><ele>112</ele></trkpt>
      <trkpt lat="47.611481" lon="19.075424"><ele>111</ele></trkpt>
      <trkpt lat="47.611568" lon="19.075482"><ele>111</ele></trkpt>
      <trkpt lat="47.611659" lon="19.075529"><ele>111</ele></trkpt>
      <trkpt lat="47.611749" lon="19.075582"><ele>111</ele></trkpt>
      <trkpt lat="47.611837" lon="19.075618"><ele>111</ele></trkpt>
      <trkpt lat="47.61192" lon="19.075671"><ele>111</ele></trkpt>
      <trkpt lat="47.612007" lon="19.075722"><ele>111</ele></trkpt>
      <trkpt lat="47.612094" lon="19.075766"><ele>111</ele></trkpt>
      <trkpt lat="47.61219" lon="19.075812"><ele>111</ele></trkpt>
      <trkpt lat="47.612289" lon="19.075833"><ele>111</ele></trkpt>
      <trkpt lat="47.612384" lon="19.075832"><ele>111</ele></trkpt>
      <trkpt lat="47.612475" lon="19.075801"><ele>111</ele></trkpt>
      <trkpt lat="47.612573" lon="19.075789"><ele>110</ele></trkpt>
      <trkpt lat="47.612666" lon="19.075803"><ele>110</ele></trkpt>
      <trkpt lat="47.612757" lon="19.075825"><ele>110</ele></trkpt>
      <trkpt lat="47.61285" lon="19.075848"><ele>110</ele></trkpt>
      <trkpt lat="47.61294" lon="19.07583"><ele>110</ele></trkpt>
      <trkpt lat="47.612891" lon="19.075714"><ele>111</ele></trkpt>
      <trkpt lat="47.612801" lon="19.075714"><ele>112</ele></trkpt>
      <trkpt lat="47.612774" lon="19.075845"><ele>118</ele></trkpt>
      <trkpt lat="47.612781" lon="19.075993"><ele>118</ele></trkpt>
      <trkpt lat="47.612765" lon="19.076136"><ele>118</ele></trkpt>
      <trkpt lat="47.612755" lon="19.076273"><ele>118</ele></trkpt>
      <trkpt lat="47.612743" lon="19.076411"><ele>118</ele></trkpt>
      <trkpt lat="47.612728" lon="19.07655"><ele>115</ele></trkpt>
      <trkpt lat="47.612702" lon="19.076681"><ele>115</ele></trkpt>
      <trkpt lat="47.612677" lon="19.076812"><ele>118</ele></trkpt>
      <trkpt lat="47.612659" lon="19.076951"><ele>115</ele></trkpt>
      <trkpt lat="47.612625" lon="19.077084"><ele>116</ele></trkpt>
      <trkpt lat="47.61261" lon="19.077218"><ele>115</ele></trkpt>
      <trkpt lat="47.612571" lon="19.077346"><ele>116</ele></trkpt>
      <trkpt lat="47.612551" lon="19.077477"><ele>115</ele></trkpt>
      <trkpt lat="47.612517" lon="19.077601"><ele>116</ele></trkpt>
      <trkpt lat="47.612484" lon="19.077737"><ele>116</ele></trkpt>
      <trkpt lat="47.612448" lon="19.077865"><ele>116</ele></trkpt>
      <trkpt lat="47.612421" lon="19.077992"><ele>116</ele></trkpt>
      <trkpt lat="47.612388" lon="19.078124"><ele>116</ele></trkpt>
      <trkpt lat="47.612358" lon="19.078248"><ele>115</ele></trkpt>
      <trkpt lat="47.612327" lon="19.078374"><ele>116</ele></trkpt>
      <trkpt lat="47.612291" lon="19.078502"><ele>116</ele></trkpt>
      <trkpt lat="47.612259" lon="19.078635"><ele>116</ele></trkpt>
      <trkpt lat="47.612238" lon="19.07877"><ele>116</ele></trkpt>
      <trkpt lat="47.612207" lon="19.078905"><ele>116</ele></trkpt>
      <trkpt lat="47.612173" lon="19.079036"><ele>116</ele></trkpt>
      <trkpt lat="47.612138" lon="19.079199"><ele>116</ele></trkpt>
      <trkpt lat="47.612107" lon="19.079328"><ele>116</ele></trkpt>
      <trkpt lat="47.612066" lon="19.079455"><ele>116</ele></trkpt>
      <trkpt lat="47.612035" lon="19.079583"><ele>116</ele></trkpt>
      <trkpt lat="47.612002" lon="19.079709"><ele>116</ele></trkpt>
      <trkpt lat="47.611971" lon="19.079835"><ele>116</ele></trkpt>
      <trkpt lat="47.61194" lon="19.079966"><ele>116</ele></trkpt>
      <trkpt lat="47.611906" lon="19.0801"><ele>116</ele></trkpt>
      <trkpt lat="47.611879" lon="19.08023"><ele>116</ele></trkpt>
      <trkpt lat="47.611837" lon="19.080366"><ele>116</ele></trkpt>
      <trkpt lat="47.611806" lon="19.0805"><ele>116</ele></trkpt>
      <trkpt lat="47.611771" lon="19.080626"><ele>116</ele></trkpt>
      <trkpt lat="47.611741" lon="19.080759"><ele>116</ele></trkpt>
      <trkpt lat="47.611701" lon="19.08089"><ele>117</ele></trkpt>
      <trkpt lat="47.61167" lon="19.081018"><ele>116</ele></trkpt>
      <trkpt lat="47.611631" lon="19.08114"><ele>116</ele></trkpt>
      <trkpt lat="47.611601" lon="19.081271"><ele>117</ele></trkpt>
      <trkpt lat="47.611572" lon="19.081399"><ele>117</ele></trkpt>
      <trkpt lat="47.611539" lon="19.081531"><ele>117</ele></trkpt>
      <trkpt lat="47.611508" lon="19.08166"><ele>117</ele></trkpt>
      <trkpt lat="47.611479" lon="19.081789"><ele>117</ele></trkpt>
      <trkpt lat="47.61143" lon="19.081903"><ele>117</ele></trkpt>
      <trkpt lat="47.611412" lon="19.082034"><ele>117</ele></trkpt>
      <trkpt lat="47.611379" lon="19.082163"><ele>117</ele></trkpt>
      <trkpt lat="47.611338" lon="19.082317"><ele>117</ele></trkpt>
      <trkpt lat="47.611303" lon="19.082462"><ele>117</ele></trkpt>
      <trkpt lat="47.611271" lon="19.082588"><ele>117</ele></trkpt>
      <trkpt lat="47.611236" lon="19.082724"><ele>118</ele></trkpt>
      <trkpt lat="47.611202" lon="19.08286"><ele>117</ele></trkpt>
      <trkpt lat="47.611167" lon="19.082988"><ele>117</ele></trkpt>
      <trkpt lat="47.611127" lon="19.083108"><ele>117</ele></trkpt>
      <trkpt lat="47.61109" lon="19.083259"><ele>118</ele></trkpt>
      <trkpt lat="47.611049" lon="19.083383"><ele>117</ele></trkpt>
      <trkpt lat="47.61102" lon="19.083513"><ele>118</ele></trkpt>
      <trkpt lat="47.610988" lon="19.083648"><ele>117</ele></trkpt>
      <trkpt lat="47.610943" lon="19.083764"><ele>117</ele></trkpt>
      <trkpt lat="47.610907" lon="19.083898"><ele>118</ele></trkpt>
      <trkpt lat="47.610876" lon="19.084031"><ele>118</ele></trkpt>
      <trkpt lat="47.610829" lon="19.08415"><ele>118</ele></trkpt>
      <trkpt lat="47.610797" lon="19.084281"><ele>118</ele></trkpt>
      <trkpt lat="47.61075" lon="19.084408"><ele>118</ele></trkpt>
      <trkpt lat="47.610709" lon="19.084538"><ele>118</ele></trkpt>
      <trkpt lat="47.610667" lon="19.08467"><ele>118</ele></trkpt>
      <trkpt lat="47.610624" lon="19.084796"><ele>118</ele></trkpt>
      <trkpt lat="47.610588" lon="19.084927"><ele>118</ele></trkpt>
      <trkpt lat="47.610549" lon="19.085046"><ele>118</ele></trkpt>
      <trkpt lat="47.610506" lon="19.08517"><ele>118</ele></trkpt>
      <trkpt lat="47.61046" lon="19.085294"><ele>118</ele></trkpt>
      <trkpt lat="47.610424" lon="19.085418"><ele>119</ele></trkpt>
      <trkpt lat="47.610386" lon="19.08554"><ele>119</ele></trkpt>
      <trkpt lat="47.610332" lon="19.085655"><ele>118</ele></trkpt>
      <trkpt lat="47.610294" lon="19.085779"><ele>119</ele></trkpt>
      <trkpt lat="47.610242" lon="19.085905"><ele>119</ele></trkpt>
      <trkpt lat="47.6102" lon="19.086027"><ele>118</ele></trkpt>
      <trkpt lat="47.610154" lon="19.086151"><ele>119</ele></trkpt>
      <trkpt lat="47.610109" lon="19.086269"><ele>119</ele></trkpt>
      <trkpt lat="47.61006" lon="19.086401"><ele>118</ele></trkpt>
      <trkpt lat="47.610019" lon="19.086523"><ele>119</ele></trkpt>
      <trkpt lat="47.609963" lon="19.08663"><ele>119</ele></trkpt>
      <trkpt lat="47.609919" lon="19.086755"><ele>119</ele></trkpt>
      <trkpt lat="47.609871" lon="19.086888"><ele>119</ele></trkpt>
      <trkpt lat="47.609819" lon="19.087007"><ele>119</ele></trkpt>
      <trkpt lat="47.60976" lon="19.087129"><ele>119</ele></trkpt>
      <trkpt lat="47.609712" lon="19.087246"><ele>119</ele></trkpt>
      <trkpt lat="47.60966" lon="19.087377"><ele>119</ele></trkpt>
      <trkpt lat="47.609606" lon="19.087487"><ele>119</ele></trkpt>
      <trkpt lat="47.609557" lon="19.087605"><ele>119</ele></trkpt>
      <trkpt lat="47.609512" lon="19.087722"><ele>119</ele></trkpt>
      <trkpt lat="47.609461" lon="19.087836"><ele>119</ele></trkpt>
      <trkpt lat="47.609405" lon="19.087966"><ele>120</ele></trkpt>
      <trkpt lat="47.609354" lon="19.088079"><ele>119</ele></trkpt>
      <trkpt lat="47.609301" lon="19.088191"><ele>120</ele></trkpt>
      <trkpt lat="47.609243" lon="19.0883"><ele>120</ele></trkpt>
      <trkpt lat="47.609194" lon="19.088415"><ele>120</ele></trkpt>
      <trkpt lat="47.609138" lon="19.088522"><ele>120</ele></trkpt>
      <trkpt lat="47.609084" lon="19.088639"><ele>120</ele></trkpt>
      <trkpt lat="47.60904" lon="19.08876"><ele>120</ele></trkpt>
      <trkpt lat="47.608977" lon="19.08887"><ele>120</ele></trkpt>
      <trkpt lat="47.608919" lon="19.088987"><ele>120</ele></trkpt>
      <trkpt lat="47.608864" lon="19.089095"><ele>120</ele></trkpt>
      <trkpt lat="47.608805" lon="19.089208"><ele>120</ele></trkpt>
      <trkpt lat="47.608753" lon="19.089318"><ele>120</ele></trkpt>
      <trkpt lat="47.60869" lon="19.089429"><ele>120</ele></trkpt>
      <trkpt lat="47.608638" lon="19.089544"><ele>120</ele></trkpt>
      <trkpt lat="47.608578" lon="19.089656"><ele>120</ele></trkpt>
      <trkpt lat="47.608525" lon="19.089766"><ele>120</ele></trkpt>
      <trkpt lat="47.608476" lon="19.089881"><ele>120</ele></trkpt>
      <trkpt lat="47.60841" lon="19.089991"><ele>121</ele></trkpt>
      <trkpt lat="47.608347" lon="19.090113"><ele>121</ele></trkpt>
      <trkpt lat="47.60829" lon="19.090228"><ele>121</ele></trkpt>
      <trkpt lat="47.60824" lon="19.090338"><ele>121</ele></trkpt>
      <trkpt lat="47.608185" lon="19.090459"><ele>121</ele></trkpt>
      <trkpt lat="47.608118" lon="19.090562"><ele>121</ele></trkpt>
      <trkpt lat="47.608057" lon="19.090668"><ele>121</ele></trkpt>
      <trkpt lat="47.607998" lon="19.090774"><ele>121</ele></trkpt>
      <trkpt lat="47.607945" lon="19.090894"><ele>121</ele></trkpt>
      <trkpt lat="47.60789" lon="19.091013"><ele>121</ele></trkpt>
      <trkpt lat="47.607839" lon="19.09113"><ele>121</ele></trkpt>
      <trkpt lat="47.607787" lon="19.09124"><ele>122</ele></trkpt>
      <trkpt lat="47.607729" lon="19.09135"><ele>122</ele></trkpt>
      <trkpt lat="47.60768" lon="19.091462"><ele>122</ele></trkpt>
      <trkpt lat="47.607617" lon="19.091564"><ele>122</ele></trkpt>
      <trkpt lat="47.607556" lon="19.091674"><ele>122</ele></trkpt>
      <trkpt lat="47.607499" lon="19.091788"><ele>122</ele></trkpt>
      <trkpt lat="47.607444" lon="19.091915"><ele>122</ele></trkpt>
      <trkpt lat="47.607385" lon="19.092032"><ele>122</ele></trkpt>
      <trkpt lat="47.607326" lon="19.09215"><ele>122</ele></trkpt>
      <trkpt lat="47.607265" lon="19.09226"><ele>122</ele></trkpt>
      <trkpt lat="47.607213" lon="19.092386"><ele>122</ele></trkpt>
      <trkpt lat="47.60716" lon="19.092496"><ele>122</ele></trkpt>
      <trkpt lat="47.607094" lon="19.092602"><ele>122</ele></trkpt>
      <trkpt lat="47.60704" lon="19.092713"><ele>122</ele></trkpt>
      <trkpt lat="47.606982" lon="19.092822"><ele>122</ele></trkpt>
      <trkpt lat="47.606918" lon="19.092931"><ele>122</ele></trkpt>
      <trkpt lat="47.606869" lon="19.093055"><ele>122</ele></trkpt>
      <trkpt lat="47.60681" lon="19.093172"><ele>122</ele></trkpt>
      <trkpt lat="47.606755" lon="19.093285"><ele>122</ele></trkpt>
      <trkpt lat="47.606701" lon="19.093396"><ele>122</ele></trkpt>
      <trkpt lat="47.606637" lon="19.093501"><ele>122</ele></trkpt>
      <trkpt lat="47.606585" lon="19.093612"><ele>122</ele></trkpt>
      <trkpt lat="47.606528" lon="19.093715"><ele>122</ele></trkpt>
      <trkpt lat="47.606473" lon="19.093835"><ele>121</ele></trkpt>
      <trkpt lat="47.60641" lon="19.093942"><ele>122</ele></trkpt>
      <trkpt lat="47.606355" lon="19.094052"><ele>121</ele></trkpt>
      <trkpt lat="47.606302" lon="19.094166"><ele>121</ele></trkpt>
      <trkpt lat="47.606247" lon="19.094284"><ele>121</ele></trkpt>
      <trkpt lat="47.606187" lon="19.094402"><ele>121</ele></trkpt>
      <trkpt lat="47.606133" lon="19.094513"><ele>121</ele></trkpt>
      <trkpt lat="47.606076" lon="19.094635"><ele>121</ele></trkpt>
      <trkpt lat="47.606011" lon="19.094748"><ele>121</ele></trkpt>
      <trkpt lat="47.605954" lon="19.094859"><ele>121</ele></trkpt>
      <trkpt lat="47.605902" lon="19.094972"><ele>121</ele></trkpt>
      <trkpt lat="47.605845" lon="19.095089"><ele>121</ele></trkpt>
      <trkpt lat="47.60579" lon="19.095196"><ele>121</ele></trkpt>
      <trkpt lat="47.605735" lon="19.095303"><ele>121</ele></trkpt>
      <trkpt lat="47.605682" lon="19.095421"><ele>121</ele></trkpt>
      <trkpt lat="47.605618" lon="19.095539"><ele>121</ele></trkpt>
      <trkpt lat="47.605564" lon="19.095656"><ele>121</ele></trkpt>
      <trkpt lat="47.605505" lon="19.095762"><ele>121</ele></trkpt>
      <trkpt lat="47.605451" lon="19.095872"><ele>121</ele></trkpt>
      <trkpt lat="47.605397" lon="19.095999"><ele>121</ele></trkpt>
      <trkpt lat="47.605333" lon="19.096119"><ele>121</ele></trkpt>
      <trkpt lat="47.605275" lon="19.096226"><ele>121</ele></trkpt>
      <trkpt lat="47.605218" lon="19.096349"><ele>121</ele></trkpt>
      <trkpt lat="47.60516" lon="19.096459"><ele>121</ele></trkpt>
      <trkpt lat="47.605111" lon="19.096585"><ele>120</ele></trkpt>
      <trkpt lat="47.605044" lon="19.096686"><ele>120</ele></trkpt>
      <trkpt lat="47.604985" lon="19.09679"><ele>120</ele></trkpt>
      <trkpt lat="47.604927" lon="19.096907"><ele>119</ele></trkpt>
      <trkpt lat="47.605016" lon="19.096959"><ele>113</ele></trkpt>
      <trkpt lat="47.605102" lon="19.097012"><ele>111</ele></trkpt>
      <trkpt lat="47.605184" lon="19.097119"><ele>109</ele></trkpt>
      <trkpt lat="47.605173" lon="19.096981"><ele>109</ele></trkpt>
      <trkpt lat="47.605119" lon="19.096867"><ele>109</ele></trkpt>
      <trkpt lat="47.605034" lon="19.09679"><ele>109</ele></trkpt>
      <trkpt lat="47.604964" lon="19.096701"><ele>109</ele></trkpt>
      <trkpt lat="47.604896" lon="19.096611"><ele>109</ele></trkpt>
      <trkpt lat="47.604816" lon="19.096541"><ele>109</ele></trkpt>
      <trkpt lat="47.604738" lon="19.096458"><ele>109</ele></trkpt>
      <trkpt lat="47.604659" lon="19.096391"><ele>109</ele></trkpt>
      <trkpt lat="47.604574" lon="19.096318"><ele>109</ele></trkpt>
      <trkpt lat="47.604492" lon="19.096251"><ele>109</ele></trkpt>
      <trkpt lat="47.604411" lon="19.096172"><ele>109</ele></trkpt>
      <trkpt lat="47.604326" lon="19.096097"><ele>109</ele></trkpt>
      <trkpt lat="47.604247" lon="19.096025"><ele>109</ele></trkpt>
      <trkpt lat="47.604173" lon="19.095946"><ele>109</ele></trkpt>
      <trkpt lat="47.60409" lon="19.095864"><ele>109</ele></trkpt>
      <trkpt lat="47.604004" lon="19.095781"><ele>109</ele></trkpt>
      <trkpt lat="47.603919" lon="19.095732"><ele>109</ele></trkpt>
      <trkpt lat="47.603836" lon="19.095672"><ele>109</ele></trkpt>
      <trkpt lat="47.60376" lon="19.095597"><ele>109</ele></trkpt>
      <trkpt lat="47.603672" lon="19.095545"><ele>109</ele></trkpt>
      <trkpt lat="47.603585" lon="19.095496"><ele>108</ele></trkpt>
      <trkpt lat="47.6035" lon="19.095449"><ele>108</ele></trkpt>
      <trkpt lat="47.603416" lon="19.095401"><ele>108</ele></trkpt>
      <trkpt lat="47.603328" lon="19.095357"><ele>109</ele></trkpt>
      <trkpt lat="47.603236" lon="19.095306"><ele>108</ele></trkpt>
      <trkpt lat="47.603144" lon="19.095267"><ele>108</ele></trkpt>
      <trkpt lat="47.603059" lon="19.095223"><ele>108</ele></trkpt>
      <trkpt lat="47.602971" lon="19.09518"><ele>108</ele></trkpt>
      <trkpt lat="47.602882" lon="19.095149"><ele>108</ele></trkpt>
      <trkpt lat="47.602789" lon="19.095086"><ele>108</ele></trkpt>
      <trkpt lat="47.602694" lon="19.095051"><ele>108</ele></trkpt>
      <trkpt lat="47.602604" lon="19.095021"><ele>108</ele></trkpt>
      <trkpt lat="47.602508" lon="19.094977"><ele>108</ele></trkpt>
      <trkpt lat="47.602415" lon="19.094946"><ele>108</ele></trkpt>
      <trkpt lat="47.602325" lon="19.094916"><ele>108</ele></trkpt>
      <trkpt lat="47.602235" lon="19.094873"><ele>108</ele></trkpt>
      <trkpt lat="47.602146" lon="19.094834"><ele>109</ele></trkpt>
      <trkpt lat="47.602054" lon="19.094796"><ele>109</ele></trkpt>
      <trkpt lat="47.601963" lon="19.094756"><ele>109</ele></trkpt>
      <trkpt lat="47.601869" lon="19.094717"><ele>109</ele></trkpt>
      <trkpt lat="47.601775" lon="19.094696"><ele>109</ele></trkpt>
      <trkpt lat="47.601694" lon="19.094631"><ele>108</ele></trkpt>
      <trkpt lat="47.601605" lon="19.094592"><ele>108</ele></trkpt>
      <trkpt lat="47.601517" lon="19.094541"><ele>108</ele></trkpt>
      <trkpt lat="47.601432" lon="19.094492"><ele>108</ele></trkpt>
      <trkpt lat="47.60143" lon="19.094478"><ele>105</ele></trkpt>
      <trkpt lat="47.60147" lon="19.094468"><ele>105.25</ele></trkpt>
      <trkpt lat="47.601164" lon="19.094271"><ele>105</ele></trkpt>
      <trkpt lat="47.600807" lon="19.093998"><ele>105.25</ele></trkpt>
      <trkpt lat="47.600447" lon="19.093697"><ele>105.25</ele></trkpt>
      <trkpt lat="47.599847" lon="19.093144"><ele>105.5</ele></trkpt>
      <trkpt lat="47.599624" lon="19.092939"><ele>106</ele></trkpt>
      <trkpt lat="47.599534" lon="19.092877"><ele>106.25</ele></trkpt>
      <trkpt lat="47.599462" lon="19.092813"><ele>106.25</ele></trkpt>
      <trkpt lat="47.599317" lon="19.092683"><ele>106.5</ele></trkpt>
      <trkpt lat="47.599196" lon="19.092545"><ele>106.75</ele></trkpt>
      <trkpt lat="47.598679" lon="19.092069"><ele>105.5</ele></trkpt>
      <trkpt lat="47.598229" lon="19.091595"><ele>104.75</ele></trkpt>
      <trkpt lat="47.598027" lon="19.091453"><ele>104.5</ele></trkpt>
      <trkpt lat="47.597687" lon="19.091172"><ele>104.5</ele></trkpt>
      <trkpt lat="47.597519" lon="19.091036"><ele>104.75</ele></trkpt>
      <trkpt lat="47.596991" lon="19.090805"><ele>106.75</ele></trkpt>
      <trkpt lat="47.59653" lon="19.090716"><ele>107.75</ele></trkpt>
      <trkpt lat="47.596265" lon="19.090759"><ele>107.25</ele></trkpt>
      <trkpt lat="47.595933" lon="19.09078"><ele>107</ele></trkpt>
      <trkpt lat="47.595869" lon="19.090767"><ele>106.75</ele></trkpt>
      <trkpt lat="47.595842" lon="19.090736"><ele>106.75</ele></trkpt>
      <trkpt lat="47.595824" lon="19.090711"><ele>106.75</ele></trkpt>
      <trkpt lat="47.595791" lon="19.090697"><ele>106.75</ele></trkpt>
      <trkpt lat="47.595753" lon="19.090696"><ele>106.75</ele></trkpt>
      <trkpt lat="47.595649" lon="19.090699"><ele>106.75</ele></trkpt>
      <trkpt lat="47.595585" lon="19.090702"><ele>106.5</ele></trkpt>
      <trkpt lat="47.59556" lon="19.090378"><ele>106</ele></trkpt>
      <trkpt lat="47.595461" lon="19.089902"><ele>105</ele></trkpt>
      <trkpt lat="47.59529" lon="19.089559"><ele>105</ele></trkpt>
      <trkpt lat="47.595259" lon="19.089496"><ele>105</ele></trkpt>
      <trkpt lat="47.595184" lon="19.089404"><ele>104.75</ele></trkpt>
      <trkpt lat="47.595075" lon="19.08928"><ele>104.75</ele></trkpt>
      <trkpt lat="47.595093" lon="19.089248"><ele>108</ele></trkpt>
      <trkpt lat="47.595075" lon="19.08928"><ele>104.75</ele></trkpt>
      <trkpt lat="47.595055" lon="19.089256"><ele>104.75</ele></trkpt>
      <trkpt lat="47.595021" lon="19.089221"><ele>104.75</ele></trkpt>
      <trkpt lat="47.594913" lon="19.089422"><ele>104.5</ele></trkpt>
      <trkpt lat="47.59454" lon="19.090242"><ele>104.75</ele></trkpt>
      <trkpt lat="47.594131" lon="19.090763"><ele>105</ele></trkpt>
      <trkpt lat="47.592926" lon="19.091217"><ele>104.75</ele></trkpt>
      <trkpt lat="47.592718" lon="19.091369"><ele>104.5</ele></trkpt>
      <trkpt lat="47.592682" lon="19.091431"><ele>104.75</ele></trkpt>
      <trkpt lat="47.592439" lon="19.091788"><ele>105</ele></trkpt>
      <trkpt lat="47.592285" lon="19.092058"><ele>105</ele></trkpt>
      <trkpt lat="47.591639" lon="19.093194"><ele>102.75</ele></trkpt>
      <trkpt lat="47.591363" lon="19.093656"><ele>103.25</ele></trkpt>
      <trkpt lat="47.591109" lon="19.094108"><ele>103.5</ele></trkpt>
      <trkpt lat="47.590987" lon="19.0943"><ele>103</ele></trkpt>
      <trkpt lat="47.590842" lon="19.094528"><ele>102.5</ele></trkpt>
      <trkpt lat="47.590285" lon="19.09549"><ele>102</ele></trkpt>
      <trkpt lat="47.590143" lon="19.095767"><ele>101.75</ele></trkpt>
      <trkpt lat="47.589967" lon="19.096039"><ele>101.75</ele></trkpt>
      <trkpt lat="47.589303" lon="19.097208"><ele>102.5</ele></trkpt>
      <trkpt lat="47.589206" lon="19.097425"><ele>102</ele></trkpt>
      <trkpt lat="47.589012" lon="19.097721"><ele>102.5</ele></trkpt>
      <trkpt lat="47.588968" lon="19.097787"><ele>102.5</ele></trkpt>
      <trkpt lat="47.588903" lon="19.097808"><ele>102.75</ele></trkpt>
      <trkpt lat="47.588828" lon="19.097888"><ele>102.75</ele></trkpt>
      <trkpt lat="47.58888" lon="19.097997"><ele>102.75</ele></trkpt>
      <trkpt lat="47.588841" lon="19.098061"><ele>102.75</ele></trkpt>
      <trkpt lat="47.588793" lon="19.097999"><ele>107</ele></trkpt>
      <trkpt lat="47.588857" lon="19.098101"><ele>107</ele></trkpt>
      <trkpt lat="47.588853" lon="19.098254"><ele>108</ele></trkpt>
      <trkpt lat="47.58891" lon="19.098368"><ele>108</ele></trkpt>
      <trkpt lat="47.588988" lon="19.098457"><ele>108</ele></trkpt>
      <trkpt lat="47.589059" lon="19.098543"><ele>108</ele></trkpt>
      <trkpt lat="47.589007" lon="19.098659"><ele>108</ele></trkpt>
      <trkpt lat="47.588924" lon="19.098724"><ele>108</ele></trkpt>
      <trkpt lat="47.588888" lon="19.09885"><ele>107</ele></trkpt>
      <trkpt lat="47.588815" lon="19.098943"><ele>108</ele></trkpt>
      <trkpt lat="47.588762" lon="19.099049"><ele>108</ele></trkpt>
      <trkpt lat="47.588701" lon="19.099184"><ele>108</ele></trkpt>
      <trkpt lat="47.588639" lon="19.099294"><ele>108</ele></trkpt>
      <trkpt lat="47.588596" lon="19.099414"><ele>108</ele></trkpt>
      <trkpt lat="47.588596" lon="19.099554"><ele>107</ele></trkpt>
      <trkpt lat="47.588595" lon="19.099697"><ele>108</ele></trkpt>
      <trkpt lat="47.588588" lon="19.099833"><ele>108</ele></trkpt>
      <trkpt lat="47.588578" lon="19.099974"><ele>109</ele></trkpt>
      <trkpt lat="47.588572" lon="19.100118"><ele>109</ele></trkpt>
      <trkpt lat="47.588544" lon="19.100244"><ele>108</ele></trkpt>
      <trkpt lat="47.588557" lon="19.100378"><ele>108</ele></trkpt>
      <trkpt lat="47.58856" lon="19.100517"><ele>107</ele></trkpt>
      <trkpt lat="47.588536" lon="19.10065"><ele>106</ele></trkpt>
      <trkpt lat="47.588538" lon="19.100786"><ele>106</ele></trkpt>
      <trkpt lat="47.588528" lon="19.100918"><ele>106</ele></trkpt>
      <trkpt lat="47.588521" lon="19.101052"><ele>106</ele></trkpt>
      <trkpt lat="47.588513" lon="19.101192"><ele>106</ele></trkpt>
      <trkpt lat="47.588498" lon="19.101331"><ele>107</ele></trkpt>
      <trkpt lat="47.588504" lon="19.101468"><ele>106</ele></trkpt>
      <trkpt lat="47.58849" lon="19.101608"><ele>106</ele></trkpt>
      <trkpt lat="47.588511" lon="19.101744"><ele>106</ele></trkpt>
      <trkpt lat="47.58855" lon="19.101869"><ele>107</ele></trkpt>
      <trkpt lat="47.588593" lon="19.101997"><ele>107</ele></trkpt>
      <trkpt lat="47.588639" lon="19.102115"><ele>107</ele></trkpt>
      <trkpt lat="47.588629" lon="19.102253"><ele>109</ele></trkpt>
      <trkpt lat="47.58865687344067" lon="19.102376182584827"><ele>109</ele></trkpt>
      <trkpt lat="47.588656" lon="19.102376"><ele>102.25</ele></trkpt>
      <trkpt lat="47.588586" lon="19.102423"><ele>102.5</ele></trkpt>
      <trkpt lat="47.588426" lon="19.10253"><ele>102.75</ele></trkpt>
      <trkpt lat="47.588456" lon="19.102613"><ele>102.25</ele></trkpt>
      <trkpt lat="47.588477" lon="19.102671"><ele>102.25</ele></trkpt>
      <trkpt lat="47.58859" lon="19.10272"><ele>102</ele></trkpt>
      <trkpt lat="47.588663" lon="19.102794"><ele>101.75</ele></trkpt>
      <trkpt lat="47.588681" lon="19.102837"><ele>101.25</ele></trkpt>
      <trkpt lat="47.588638" lon="19.102879"><ele>104</ele></trkpt>
      <trkpt lat="47.58858" lon="19.102992"><ele>104</ele></trkpt>
      <trkpt lat="47.588492" lon="19.103018"><ele>104</ele></trkpt>
      <trkpt lat="47.588419" lon="19.103102"><ele>106</ele></trkpt>
      <trkpt lat="47.588437" lon="19.103237"><ele>106</ele></trkpt>
      <trkpt lat="47.588413" lon="19.103364"><ele>106</ele></trkpt>
      <trkpt lat="47.588328" lon="19.103417"><ele>106</ele></trkpt>
      <trkpt lat="47.588233" lon="19.103438"><ele>106</ele></trkpt>
      <trkpt lat="47.58814" lon="19.10346"><ele>106</ele></trkpt>
      <trkpt lat="47.588051" lon="19.103497"><ele>106</ele></trkpt>
      <trkpt lat="47.587956" lon="19.103521"><ele>106</ele></trkpt>
      <trkpt lat="47.587864" lon="19.103556"><ele>106</ele></trkpt>
      <trkpt lat="47.587772" lon="19.103591"><ele>106</ele></trkpt>
      <trkpt lat="47.587681" lon="19.103629"><ele>106</ele></trkpt>
      <trkpt lat="47.587591" lon="19.103662"><ele>106</ele></trkpt>
      <trkpt lat="47.587496" lon="19.10369"><ele>106</ele></trkpt>
      <trkpt lat="47.587401" lon="19.103731"><ele>106</ele></trkpt>
      <trkpt lat="47.587312" lon="19.10377"><ele>106</ele></trkpt>
      <trkpt lat="47.587221" lon="19.103791"><ele>109</ele></trkpt>
      <trkpt lat="47.587135" lon="19.10385"><ele>109</ele></trkpt>
      <trkpt lat="47.587047" lon="19.10389"><ele>109</ele></trkpt>
      <trkpt lat="47.58696" lon="19.103932"><ele>109</ele></trkpt>
      <trkpt lat="47.586871" lon="19.103953"><ele>109</ele></trkpt>
      <trkpt lat="47.586783" lon="19.103995"><ele>109</ele></trkpt>
      <trkpt lat="47.586694" lon="19.10402"><ele>109</ele></trkpt>
      <trkpt lat="47.586602" lon="19.103991"><ele>109</ele></trkpt>
      <trkpt lat="47.586534" lon="19.103896"><ele>109</ele></trkpt>
      <trkpt lat="47.586492" lon="19.104022"><ele>109</ele></trkpt>
      <trkpt lat="47.586427" lon="19.104116"><ele>109</ele></trkpt>
      <trkpt lat="47.586339" lon="19.104142"><ele>109</ele></trkpt>
      <trkpt lat="47.586337" lon="19.104118"><ele>108.25</ele></trkpt>
      <trkpt lat="47.586236" lon="19.104129"><ele>108.75</ele></trkpt>
      <trkpt lat="47.585948" lon="19.104001"><ele>109.75</ele></trkpt>
      <trkpt lat="47.585709" lon="19.104408"><ele>112.5</ele></trkpt>
      <trkpt lat="47.585721" lon="19.104537"><ele>113.25</ele></trkpt>
      <trkpt lat="47.585721" lon="19.104535"><ele>113</ele></trkpt>
      <trkpt lat="47.585724" lon="19.104561"><ele>113.25</ele></trkpt>
      <trkpt lat="47.585633" lon="19.104827"><ele>115</ele></trkpt>
      <trkpt lat="47.58542" lon="19.104625"><ele>114</ele></trkpt>
      <trkpt lat="47.58513" lon="19.104483"><ele>113.5</ele></trkpt>
      <trkpt lat="47.585104" lon="19.10452"><ele>113.75</ele></trkpt>
      <trkpt lat="47.584983" lon="19.104689"><ele>115</ele></trkpt>
      <trkpt lat="47.584707" lon="19.105075"><ele>116.75</ele></trkpt>
      <trkpt lat="47.584552" lon="19.105317"><ele>116.75</ele></trkpt>
      <trkpt lat="47.584356" lon="19.10546"><ele>116.25</ele></trkpt>
      <trkpt lat="47.583825" lon="19.106445"><ele>112.5</ele></trkpt>
      <trkpt lat="47.583725" lon="19.106357"><ele>114.25</ele></trkpt>
      <trkpt lat="47.58370998281573" lon="19.10639841893874"><ele>111</ele></trkpt>
      <trkpt lat="47.583688" lon="19.10639"><ele>111</ele></trkpt>
      <trkpt lat="47.583605" lon="19.106318"><ele>110</ele></trkpt>
      <trkpt lat="47.583536" lon="19.106221"><ele>111</ele></trkpt>
      <trkpt lat="47.583449" lon="19.106173"><ele>111</ele></trkpt>
      <trkpt lat="47.583362" lon="19.10611"><ele>110</ele></trkpt>
      <trkpt lat="47.583274" lon="19.106052"><ele>111</ele></trkpt>
      <trkpt lat="47.583191" lon="19.105982"><ele>110</ele></trkpt>
      <trkpt lat="47.583127" lon="19.105883"><ele>111</ele></trkpt>
      <trkpt lat="47.583033" lon="19.10587"><ele>111</ele></trkpt>
      <trkpt lat="47.58294" lon="19.105856"><ele>110</ele></trkpt>
      <trkpt lat="47.582861" lon="19.105772"><ele>111</ele></trkpt>
      <trkpt lat="47.582771" lon="19.105776"><ele>111</ele></trkpt>
      <trkpt lat="47.582697" lon="19.105686"><ele>111</ele></trkpt>
      <trkpt lat="47.582625" lon="19.105597"><ele>111</ele></trkpt>
      <trkpt lat="47.582546" lon="19.105532"><ele>111</ele></trkpt>
      <trkpt lat="47.582466" lon="19.105467"><ele>111</ele></trkpt>
      <trkpt lat="47.582466" lon="19.105329"><ele>110</ele></trkpt>
      <trkpt lat="47.582389" lon="19.105247"><ele>110</ele></trkpt>
      <trkpt lat="47.582463" lon="19.105329"><ele>110</ele></trkpt>
      <trkpt lat="47.58248" lon="19.105462"><ele>111</ele></trkpt>
      <trkpt lat="47.582425" lon="19.105259"><ele>111</ele></trkpt>
      <trkpt lat="47.582336" lon="19.105285"><ele>110</ele></trkpt>
      <trkpt lat="47.582249" lon="19.105371"><ele>110</ele></trkpt>
      <trkpt lat="47.582155" lon="19.105402"><ele>110</ele></trkpt>
      <trkpt lat="47.582059" lon="19.105442"><ele>110</ele></trkpt>
      <trkpt lat="47.581972" lon="19.105482"><ele>110</ele></trkpt>
      <trkpt lat="47.581894" lon="19.105412"><ele>110</ele></trkpt>
      <trkpt lat="47.581823" lon="19.105324"><ele>110</ele></trkpt>
      <trkpt lat="47.581737" lon="19.105274"><ele>110</ele></trkpt>
      <trkpt lat="47.581658" lon="19.105184"><ele>110</ele></trkpt>
      <trkpt lat="47.581647" lon="19.105044"><ele>110</ele></trkpt>
      <trkpt lat="47.58159" lon="19.10494"><ele>110</ele></trkpt>
      <trkpt lat="47.581552" lon="19.104809"><ele>110</ele></trkpt>
      <trkpt lat="47.581513" lon="19.104687"><ele>110</ele></trkpt>
      <trkpt lat="47.581436" lon="19.104597"><ele>110</ele></trkpt>
      <trkpt lat="47.581344" lon="19.104629"><ele>110</ele></trkpt>
      <trkpt lat="47.581276" lon="19.104735"><ele>109</ele></trkpt>
      <trkpt lat="47.581202" lon="19.10481"><ele>110</ele></trkpt>
      <trkpt lat="47.581123" lon="19.104889"><ele>109</ele></trkpt>
      <trkpt lat="47.581055" lon="19.104985"><ele>109</ele></trkpt>
      <trkpt lat="47.580987" lon="19.105074"><ele>109</ele></trkpt>
      <trkpt lat="47.580914" lon="19.105152"><ele>109</ele></trkpt>
      <trkpt lat="47.580848" lon="19.10525"><ele>109</ele></trkpt>
      <trkpt lat="47.580774" lon="19.105339"><ele>109</ele></trkpt>
      <trkpt lat="47.58071" lon="19.105445"><ele>109</ele></trkpt>
      <trkpt lat="47.580646" lon="19.105548"><ele>109</ele></trkpt>
      <trkpt lat="47.580582" lon="19.105643"><ele>109</ele></trkpt>
      <trkpt lat="47.580518" lon="19.105745"><ele>109</ele></trkpt>
      <trkpt lat="47.580443" lon="19.105831"><ele>109</ele></trkpt>
      <trkpt lat="47.580382" lon="19.10593"><ele>109</ele></trkpt>
      <trkpt lat="47.580311" lon="19.106021"><ele>109</ele></trkpt>
      <trkpt lat="47.580241" lon="19.106114"><ele>109</ele></trkpt>
      <trkpt lat="47.580169" lon="19.10621"><ele>109</ele></trkpt>
      <trkpt lat="47.580124" lon="19.106334"><ele>108</ele></trkpt>
      <trkpt lat="47.580075" lon="19.106458"><ele>109</ele></trkpt>
      <trkpt lat="47.580036" lon="19.10658"><ele>109</ele></trkpt>
      <trkpt lat="47.579977" lon="19.106692"><ele>109</ele></trkpt>
      <trkpt lat="47.579908" lon="19.106786"><ele>109</ele></trkpt>
      <trkpt lat="47.579852" lon="19.106912"><ele>109</ele></trkpt>
      <trkpt lat="47.579794" lon="19.107027"><ele>109</ele></trkpt>
      <trkpt lat="47.579751" lon="19.107149"><ele>109</ele></trkpt>
      <trkpt lat="47.579711" lon="19.107279"><ele>109</ele></trkpt>
      <trkpt lat="47.57969" lon="19.107419"><ele>109</ele></trkpt>
      <trkpt lat="47.579663" lon="19.107547"><ele>109</ele></trkpt>
      <trkpt lat="47.579613" lon="19.107664"><ele>109</ele></trkpt>
      <trkpt lat="47.579543" lon="19.107759"><ele>109</ele></trkpt>
      <trkpt lat="47.579497" lon="19.107879"><ele>108</ele></trkpt>
      <trkpt lat="47.579443" lon="19.107999"><ele>108</ele></trkpt>
      <trkpt lat="47.579362" lon="19.108089"><ele>110</ele></trkpt>
      <trkpt lat="47.579295" lon="19.108194"><ele>110</ele></trkpt>
      <trkpt lat="47.579234" lon="19.108308"><ele>109</ele></trkpt>
      <trkpt lat="47.579189" lon="19.108427"><ele>109</ele></trkpt>
      <trkpt lat="47.579134" lon="19.108541"><ele>108</ele></trkpt>
      <trkpt lat="47.579084" lon="19.108652"><ele>108</ele></trkpt>
      <trkpt lat="47.579041" lon="19.108769"><ele>108</ele></trkpt>
      <trkpt lat="47.57899" lon="19.108889"><ele>108</ele></trkpt>
      <trkpt lat="47.578939" lon="19.109001"><ele>108</ele></trkpt>
      <trkpt lat="47.578888" lon="19.109123"><ele>108</ele></trkpt>
      <trkpt lat="47.578839" lon="19.109236"><ele>108</ele></trkpt>
      <trkpt lat="47.578794" lon="19.109359"><ele>108</ele></trkpt>
      <trkpt lat="47.578728" lon="19.109472"><ele>108</ele></trkpt>
      <trkpt lat="47.578674" lon="19.109585"><ele>109</ele></trkpt>
      <trkpt lat="47.578633" lon="19.109711"><ele>108</ele></trkpt>
      <trkpt lat="47.578584" lon="19.109826"><ele>108</ele></trkpt>
      <trkpt lat="47.578524" lon="19.109935"><ele>108</ele></trkpt>
      <trkpt lat="47.578452" lon="19.110019"><ele>108</ele></trkpt>
      <trkpt lat="47.578401" lon="19.11014"><ele>108</ele></trkpt>
      <trkpt lat="47.578306" lon="19.110358"><ele>108</ele></trkpt>
      <trkpt lat="47.578252" lon="19.110471"><ele>107</ele></trkpt>
      <trkpt lat="47.578191" lon="19.110589"><ele>108</ele></trkpt>
      <trkpt lat="47.578125" lon="19.11069"><ele>107</ele></trkpt>
      <trkpt lat="47.578064" lon="19.110793"><ele>108</ele></trkpt>
      <trkpt lat="47.578002" lon="19.110897"><ele>108</ele></trkpt>
      <trkpt lat="47.577938" lon="19.111002"><ele>108</ele></trkpt>
      <trkpt lat="47.577874" lon="19.111105"><ele>108</ele></trkpt>
      <trkpt lat="47.577814" lon="19.11121"><ele>108</ele></trkpt>
      <trkpt lat="47.577754" lon="19.111312"><ele>108</ele></trkpt>
      <trkpt lat="47.577687" lon="19.111425"><ele>108</ele></trkpt>
      <trkpt lat="47.577622" lon="19.111526"><ele>108</ele></trkpt>
      <trkpt lat="47.577552" lon="19.111636"><ele>108</ele></trkpt>
      <trkpt lat="47.577485" lon="19.11173"><ele>108</ele></trkpt>
      <trkpt lat="47.577422" lon="19.111827"><ele>108</ele></trkpt>
      <trkpt lat="47.577358" lon="19.111922"><ele>109</ele></trkpt>
      <trkpt lat="47.577297" lon="19.11202"><ele>108</ele></trkpt>
      <trkpt lat="47.577237" lon="19.112122"><ele>108</ele></trkpt>
      <trkpt lat="47.577169" lon="19.112225"><ele>108</ele></trkpt>
      <trkpt lat="47.577106" lon="19.112322"><ele>108</ele></trkpt>
      <trkpt lat="47.577039" lon="19.112418"><ele>108</ele></trkpt>
      <trkpt lat="47.576973" lon="19.11252"><ele>108</ele></trkpt>
      <trkpt lat="47.576922" lon="19.11264"><ele>108</ele></trkpt>
      <trkpt lat="47.576934" lon="19.112774"><ele>108</ele></trkpt>
      <trkpt lat="47.576845" lon="19.112746"><ele>108</ele></trkpt>
      <trkpt lat="47.576764" lon="19.112822"><ele>108</ele></trkpt>
      <trkpt lat="47.5767" lon="19.112917"><ele>108</ele></trkpt>
      <trkpt lat="47.576645" lon="19.113034"><ele>108</ele></trkpt>
      <trkpt lat="47.576578" lon="19.113122"><ele>108</ele></trkpt>
      <trkpt lat="47.576513" lon="19.113218"><ele>108</ele></trkpt>
      <trkpt lat="47.57645" lon="19.113321"><ele>109</ele></trkpt>
      <trkpt lat="47.576386" lon="19.113419"><ele>108</ele></trkpt>
      <trkpt lat="47.576317" lon="19.113517"><ele>108</ele></trkpt>
      <trkpt lat="47.57625" lon="19.113623"><ele>108</ele></trkpt>
      <trkpt lat="47.576177" lon="19.113703"><ele>108</ele></trkpt>
      <trkpt lat="47.576099" lon="19.11378"><ele>109</ele></trkpt>
      <trkpt lat="47.576027" lon="19.113879"><ele>109</ele></trkpt>
      <trkpt lat="47.575953" lon="19.113966"><ele>108</ele></trkpt>
      <trkpt lat="47.575879" lon="19.114053"><ele>108</ele></trkpt>
      <trkpt lat="47.575805" lon="19.114139"><ele>108</ele></trkpt>
      <trkpt lat="47.575727" lon="19.114226"><ele>108</ele></trkpt>
      <trkpt lat="47.57565" lon="19.114312"><ele>108</ele></trkpt>
      <trkpt lat="47.575574" lon="19.114394"><ele>108</ele></trkpt>
      <trkpt lat="47.575496" lon="19.114472"><ele>108</ele></trkpt>
      <trkpt lat="47.575425" lon="19.114559"><ele>108</ele></trkpt>
      <trkpt lat="47.575361" lon="19.114658"><ele>108</ele></trkpt>
      <trkpt lat="47.575334" lon="19.114785"><ele>108</ele></trkpt>
      <trkpt lat="47.575367" lon="19.114915"><ele>110</ele></trkpt>
      <trkpt lat="47.575461" lon="19.114946"><ele>108</ele></trkpt>
      <trkpt lat="47.575552" lon="19.114956"><ele>110</ele></trkpt>
      <trkpt lat="47.575648" lon="19.114965"><ele>108</ele></trkpt>
      <trkpt lat="47.575739" lon="19.114972"><ele>109</ele></trkpt>
      <trkpt lat="47.575829" lon="19.115001"><ele>109</ele></trkpt>
      <trkpt lat="47.575918" lon="19.115033"><ele>109</ele></trkpt>
      <trkpt lat="47.576014" lon="19.115059"><ele>109</ele></trkpt>
      <trkpt lat="47.576113" lon="19.115086"><ele>110</ele></trkpt>
      <trkpt lat="47.576205" lon="19.115113"><ele>110</ele></trkpt>
      <trkpt lat="47.576298" lon="19.115133"><ele>110</ele></trkpt>
      <trkpt lat="47.576391" lon="19.115155"><ele>110</ele></trkpt>
      <trkpt lat="47.576484" lon="19.11518"><ele>110</ele></trkpt>
      <trkpt lat="47.576576" lon="19.115206"><ele>111</ele></trkpt>
      <trkpt lat="47.576668" lon="19.115253"><ele>111</ele></trkpt>
      <trkpt lat="47.57675" lon="19.115312"><ele>111</ele></trkpt>
      <trkpt lat="47.576762" lon="19.115449"><ele>110</ele></trkpt>
      <trkpt lat="47.576759" lon="19.11559"><ele>111</ele></trkpt>
      <trkpt lat="47.576787" lon="19.115719"><ele>111</ele></trkpt>
      <trkpt lat="47.576746" lon="19.115839"><ele>111</ele></trkpt>
      <trkpt lat="47.576698" lon="19.115956"><ele>110</ele></trkpt>
      <trkpt lat="47.576636" lon="19.116063"><ele>111</ele></trkpt>
      <trkpt lat="47.576571" lon="19.116164"><ele>111</ele></trkpt>
      <trkpt lat="47.576528" lon="19.116291"><ele>111</ele></trkpt>
      <trkpt lat="47.576472" lon="19.116399"><ele>111</ele></trkpt>
      <trkpt lat="47.576404" lon="19.11649"><ele>111</ele></trkpt>
      <trkpt lat="47.576344" lon="19.11667"><ele>110</ele></trkpt>
      <trkpt lat="47.576261" lon="19.116742"><ele>111</ele></trkpt>
      <trkpt lat="47.576218" lon="19.11686"><ele>111</ele></trkpt>
      <trkpt lat="47.576167" lon="19.11697"><ele>111</ele></trkpt>
      <trkpt lat="47.576099" lon="19.117064"><ele>111</ele></trkpt>
      <trkpt lat="47.576038" lon="19.117164"><ele>111</ele></trkpt>
      <trkpt lat="47.575992" lon="19.11728"><ele>111</ele></trkpt>
      <trkpt lat="47.57593" lon="19.117386"><ele>111</ele></trkpt>
      <trkpt lat="47.575862" lon="19.117476"><ele>111</ele></trkpt>
      <trkpt lat="47.575794" lon="19.117564"><ele>111</ele></trkpt>
      <trkpt lat="47.575749" lon="19.117687"><ele>111</ele></trkpt>
      <trkpt lat="47.575691" lon="19.117789"><ele>111</ele></trkpt>
      <trkpt lat="47.575632" lon="19.117898"><ele>111</ele></trkpt>
      <trkpt lat="47.575561" lon="19.117984"><ele>111</ele></trkpt>
      <trkpt lat="47.575497" lon="19.118082"><ele>111</ele></trkpt>
      <trkpt lat="47.575436" lon="19.118184"><ele>111</ele></trkpt>
      <trkpt lat="47.575373" lon="19.118288"><ele>111</ele></trkpt>
      <trkpt lat="47.57532" lon="19.1184"><ele>111</ele></trkpt>
      <trkpt lat="47.575253" lon="19.118503"><ele>111</ele></trkpt>
      <trkpt lat="47.575188" lon="19.118601"><ele>111</ele></trkpt>
      <trkpt lat="47.575138" lon="19.118716"><ele>111</ele></trkpt>
      <trkpt lat="47.575084" lon="19.11883"><ele>111</ele></trkpt>
      <trkpt lat="47.575014" lon="19.118916"><ele>112</ele></trkpt>
      <trkpt lat="47.574951" lon="19.119018"><ele>112</ele></trkpt>
      <trkpt lat="47.574913" lon="19.119144"><ele>112</ele></trkpt>
      <trkpt lat="47.574851" lon="19.119247"><ele>112</ele></trkpt>
      <trkpt lat="47.574817" lon="19.119372"><ele>112</ele></trkpt>
      <trkpt lat="47.574785" lon="19.119497"><ele>112</ele></trkpt>
      <trkpt lat="47.574719" lon="19.119597"><ele>112</ele></trkpt>
      <trkpt lat="47.574651" lon="19.119698"><ele>112</ele></trkpt>
      <trkpt lat="47.574582" lon="19.119796"><ele>112</ele></trkpt>
      <trkpt lat="47.57451" lon="19.119883"><ele>112</ele></trkpt>
      <trkpt lat="47.574423" lon="19.119918"><ele>112</ele></trkpt>
      <trkpt lat="47.574354" lon="19.120012"><ele>111</ele></trkpt>
      <trkpt lat="47.57429" lon="19.12012"><ele>111</ele></trkpt>
      <trkpt lat="47.574235" lon="19.120237"><ele>111</ele></trkpt>
      <trkpt lat="47.57417" lon="19.120339"><ele>111</ele></trkpt>
      <trkpt lat="47.574106" lon="19.120443"><ele>111</ele></trkpt>
      <trkpt lat="47.574046" lon="19.120548"><ele>111</ele></trkpt>
      <trkpt lat="47.573985" lon="19.120646"><ele>111</ele></trkpt>
      <trkpt lat="47.573932" lon="19.120768"><ele>111</ele></trkpt>
      <trkpt lat="47.573858" lon="19.120874"><ele>111</ele></trkpt>
      <trkpt lat="47.573789" lon="19.120972"><ele>111</ele></trkpt>
      <trkpt lat="47.573711" lon="19.121043"><ele>111</ele></trkpt>
      <trkpt lat="47.573618" lon="19.12103"><ele>111</ele></trkpt>
      <trkpt lat="47.573527" lon="19.121032"><ele>111</ele></trkpt>
      <trkpt lat="47.573433" lon="19.121052"><ele>111</ele></trkpt>
      <trkpt lat="47.573346" lon="19.121093"><ele>111</ele></trkpt>
      <trkpt lat="47.57326" lon="19.121013"><ele>111</ele></trkpt>
      <trkpt lat="47.573182" lon="19.120936"><ele>111</ele></trkpt>
      <trkpt lat="47.573101" lon="19.120859"><ele>111</ele></trkpt>
      <trkpt lat="47.573014" lon="19.120798"><ele>111</ele></trkpt>
      <trkpt lat="47.572929" lon="19.120748"><ele>111</ele></trkpt>
      <trkpt lat="47.572838" lon="19.120773"><ele>111</ele></trkpt>
      <trkpt lat="47.572741" lon="19.120753"><ele>111</ele></trkpt>
      <trkpt lat="47.572676" lon="19.120654"><ele>111</ele></trkpt>
      <trkpt lat="47.572607" lon="19.120567"><ele>111</ele></trkpt>
      <trkpt lat="47.572531" lon="19.120496"><ele>111</ele></trkpt>
      <trkpt lat="47.57244" lon="19.120447"><ele>111</ele></trkpt>
      <trkpt lat="47.572358" lon="19.120382"><ele>111</ele></trkpt>
      <trkpt lat="47.572261" lon="19.120346"><ele>111</ele></trkpt>
      <trkpt lat="47.572188" lon="19.120256"><ele>111</ele></trkpt>
      <trkpt lat="47.572109" lon="19.12019"><ele>111</ele></trkpt>
      <trkpt lat="47.572027" lon="19.120119"><ele>111</ele></trkpt>
      <trkpt lat="47.571944" lon="19.120051"><ele>111</ele></trkpt>
      <trkpt lat="47.571863" lon="19.119977"><ele>111</ele></trkpt>
      <trkpt lat="47.571778" lon="19.119903"><ele>111</ele></trkpt>
      <trkpt lat="47.571697" lon="19.119836"><ele>111</ele></trkpt>
      <trkpt lat="47.571699" lon="19.119828"><ele>109.75</ele></trkpt>
      <trkpt lat="47.571653" lon="19.119783"><ele>110</ele></trkpt>
      <trkpt lat="47.570984" lon="19.12101"><ele>109.5</ele></trkpt>
      <trkpt lat="47.570952" lon="19.120981"><ele>111.5</ele></trkpt>
      <trkpt lat="47.570537" lon="19.120599"><ele>111.5</ele></trkpt>
      <trkpt lat="47.570529" lon="19.120591"><ele>111.5</ele></trkpt>
      <trkpt lat="47.570489" lon="19.120559"><ele>111.75</ele></trkpt>
      <trkpt lat="47.570197" lon="19.121185"><ele>112.5</ele></trkpt>
      <trkpt lat="47.570203" lon="19.121192"><ele>114</ele></trkpt>
      <trkpt lat="47.570164" lon="19.121321"><ele>114</ele></trkpt>
      <trkpt lat="47.570115" lon="19.12144"><ele>114</ele></trkpt>
      <trkpt lat="47.570089" lon="19.12157"><ele>114</ele></trkpt>
      <trkpt lat="47.57005" lon="19.121695"><ele>114</ele></trkpt>
      <trkpt lat="47.570012" lon="19.121822"><ele>114</ele></trkpt>
      <trkpt lat="47.569971" lon="19.121956"><ele>114</ele></trkpt>
      <trkpt lat="47.569959" lon="19.12209"><ele>114</ele></trkpt>
      <trkpt lat="47.569915" lon="19.122214"><ele>114</ele></trkpt>
      <trkpt lat="47.569879" lon="19.122337"><ele>115</ele></trkpt>
      <trkpt lat="47.569841" lon="19.122466"><ele>115</ele></trkpt>
      <trkpt lat="47.5698" lon="19.122599"><ele>114</ele></trkpt>
      <trkpt lat="47.569769" lon="19.122739"><ele>113</ele></trkpt>
      <trkpt lat="47.569747" lon="19.122876"><ele>115</ele></trkpt>
      <trkpt lat="47.569725" lon="19.123012"><ele>114</ele></trkpt>
      <trkpt lat="47.569698" lon="19.123147"><ele>114</ele></trkpt>
      <trkpt lat="47.56967" lon="19.123281"><ele>114</ele></trkpt>
      <trkpt lat="47.569618" lon="19.12339"><ele>114</ele></trkpt>
      <trkpt lat="47.569579" lon="19.123521"><ele>114</ele></trkpt>
      <trkpt lat="47.569527" lon="19.123635"><ele>114</ele></trkpt>
      <trkpt lat="47.569478" lon="19.123749"><ele>114</ele></trkpt>
      <trkpt lat="47.569426" lon="19.123862"><ele>114</ele></trkpt>
      <trkpt lat="47.569373" lon="19.123975"><ele>114</ele></trkpt>
      <trkpt lat="47.569334" lon="19.124098"><ele>114</ele></trkpt>
      <trkpt lat="47.569301" lon="19.124232"><ele>114</ele></trkpt>
      <trkpt lat="47.569267" lon="19.124361"><ele>114</ele></trkpt>
      <trkpt lat="47.569222" lon="19.124483"><ele>114</ele></trkpt>
      <trkpt lat="47.569283" lon="19.124593"><ele>114</ele></trkpt>
      <trkpt lat="47.569356" lon="19.124684"><ele>116</ele></trkpt>
      <trkpt lat="47.569441" lon="19.124746"><ele>115</ele></trkpt>
      <trkpt lat="47.569523" lon="19.124806"><ele>115</ele></trkpt>
      <trkpt lat="47.569602" lon="19.124874"><ele>115</ele></trkpt>
      <trkpt lat="47.569686" lon="19.124923"><ele>115</ele></trkpt>
      <trkpt lat="47.569693" lon="19.125058"><ele>114</ele></trkpt>
      <trkpt lat="47.56966" lon="19.125187"><ele>114</ele></trkpt>
      <trkpt lat="47.569629" lon="19.125318"><ele>114</ele></trkpt>
      <trkpt lat="47.569586" lon="19.125438"><ele>113</ele></trkpt>
      <trkpt lat="47.569561" lon="19.125572"><ele>113</ele></trkpt>
      <trkpt lat="47.569546" lon="19.125706"><ele>113</ele></trkpt>
      <trkpt lat="47.569516" lon="19.12584"><ele>113</ele></trkpt>
      <trkpt lat="47.569487" lon="19.125978"><ele>113</ele></trkpt>
      <trkpt lat="47.569456" lon="19.126104"><ele>114</ele></trkpt>
      <trkpt lat="47.569437" lon="19.126253"><ele>113</ele></trkpt>
      <trkpt lat="47.569434" lon="19.126389"><ele>113</ele></trkpt>
      <trkpt lat="47.569422" lon="19.126543"><ele>113</ele></trkpt>
      <trkpt lat="47.569429" lon="19.126685"><ele>113</ele></trkpt>
      <trkpt lat="47.569397" lon="19.126811"><ele>113</ele></trkpt>
      <trkpt lat="47.569366" lon="19.126941"><ele>113</ele></trkpt>
      <trkpt lat="47.569354" lon="19.127077"><ele>113</ele></trkpt>
      <trkpt lat="47.569361" lon="19.127219"><ele>113</ele></trkpt>
      <trkpt lat="47.569346" lon="19.127354"><ele>113</ele></trkpt>
      <trkpt lat="47.569314" lon="19.127486"><ele>113</ele></trkpt>
      <trkpt lat="47.569271" lon="19.127608"><ele>113</ele></trkpt>
      <trkpt lat="47.569224" lon="19.127732"><ele>113</ele></trkpt>
      <trkpt lat="47.569187" lon="19.127856"><ele>113</ele></trkpt>
      <trkpt lat="47.569149" lon="19.127989"><ele>113</ele></trkpt>
      <trkpt lat="47.56911" lon="19.128113"><ele>113</ele></trkpt>
      <trkpt lat="47.569063" lon="19.128235"><ele>113</ele></trkpt>
      <trkpt lat="47.569008" lon="19.128355"><ele>113</ele></trkpt>
      <trkpt lat="47.568959" lon="19.12847"><ele>113</ele></trkpt>
      <trkpt lat="47.568904" lon="19.128577"><ele>113</ele></trkpt>
      <trkpt lat="47.568862" lon="19.128697"><ele>113</ele></trkpt>
      <trkpt lat="47.568811" lon="19.128824"><ele>113</ele></trkpt>
      <trkpt lat="47.568781" lon="19.128953"><ele>113</ele></trkpt>
      <trkpt lat="47.568749" lon="19.129086"><ele>113</ele></trkpt>
      <trkpt lat="47.568699" lon="19.129208"><ele>113</ele></trkpt>
      <trkpt lat="47.568638" lon="19.129319"><ele>114</ele></trkpt>
      <trkpt lat="47.568577" lon="19.129429"><ele>114</ele></trkpt>
      <trkpt lat="47.56852" lon="19.129537"><ele>114</ele></trkpt>
      <trkpt lat="47.568477" lon="19.129658"><ele>115</ele></trkpt>
      <trkpt lat="47.568415" lon="19.129761"><ele>114</ele></trkpt>
      <trkpt lat="47.568371" lon="19.129889"><ele>114</ele></trkpt>
      <trkpt lat="47.568319" lon="19.13"><ele>113</ele></trkpt>
      <trkpt lat="47.568269" lon="19.130118"><ele>113</ele></trkpt>
      <trkpt lat="47.568203" lon="19.130219"><ele>113</ele></trkpt>
      <trkpt lat="47.568119" lon="19.130278"><ele>114</ele></trkpt>
      <trkpt lat="47.568067" lon="19.130388"><ele>114</ele></trkpt>
      <trkpt lat="47.567988" lon="19.130451"><ele>114</ele></trkpt>
      <trkpt lat="47.567935" lon="19.130562"><ele>114</ele></trkpt>
      <trkpt lat="47.567881" lon="19.130672"><ele>114</ele></trkpt>
      <trkpt lat="47.567805" lon="19.130747"><ele>114</ele></trkpt>
      <trkpt lat="47.567726" lon="19.130834"><ele>113</ele></trkpt>
      <trkpt lat="47.567674" lon="19.130946"><ele>114</ele></trkpt>
      <trkpt lat="47.567592" lon="19.131015"><ele>114</ele></trkpt>
      <trkpt lat="47.56751" lon="19.13107"><ele>114</ele></trkpt>
      <trkpt lat="47.567435" lon="19.131158"><ele>115</ele></trkpt>
      <trkpt lat="47.567344" lon="19.131172"><ele>114</ele></trkpt>
      <trkpt lat="47.567246" lon="19.131199"><ele>114</ele></trkpt>
      <trkpt lat="47.567158" lon="19.131246"><ele>114</ele></trkpt>
      <trkpt lat="47.567061" lon="19.13123"><ele>115</ele></trkpt>
      <trkpt lat="47.566971" lon="19.131221"><ele>115</ele></trkpt>
      <trkpt lat="47.566879" lon="19.131243"><ele>115</ele></trkpt>
      <trkpt lat="47.566798" lon="19.131305"><ele>114</ele></trkpt>
      <trkpt lat="47.566733" lon="19.131408"><ele>114</ele></trkpt>
      <trkpt lat="47.566663" lon="19.1315"><ele>114</ele></trkpt>
      <trkpt lat="47.566629" lon="19.131628"><ele>114</ele></trkpt>
      <trkpt lat="47.56654" lon="19.131599"><ele>114</ele></trkpt>
      <trkpt lat="47.566603" lon="19.131707"><ele>114</ele></trkpt>
      <trkpt lat="47.566562" lon="19.131837"><ele>114</ele></trkpt>
      <trkpt lat="47.566608" lon="19.131957"><ele>114</ele></trkpt>
      <trkpt lat="47.566698" lon="19.132024"><ele>114</ele></trkpt>
      <trkpt lat="47.56674" lon="19.132146"><ele>114</ele></trkpt>
      <trkpt lat="47.566792" lon="19.132264"><ele>114</ele></trkpt>
      <trkpt lat="47.566847" lon="19.132374"><ele>114</ele></trkpt>
      <trkpt lat="47.566907" lon="19.132485"><ele>114</ele></trkpt>
      <trkpt lat="47.566958" lon="19.132598"><ele>114</ele></trkpt>
      <trkpt lat="47.56695" lon="19.132603"><ele>112.5</ele></trkpt>
      <trkpt lat="47.566968" lon="19.132646"><ele>112.5</ele></trkpt>
      <trkpt lat="47.567002" lon="19.132712"><ele>112.5</ele></trkpt>
      <trkpt lat="47.566761" lon="19.133031"><ele>113.25</ele></trkpt>
      <trkpt lat="47.566632" lon="19.133185"><ele>113.75</ele></trkpt>
      <trkpt lat="47.56663" lon="19.133186"><ele>113.75</ele></trkpt>
      <trkpt lat="47.566643" lon="19.133217"><ele>120</ele></trkpt>
      <trkpt lat="47.56655" lon="19.133217"><ele>120</ele></trkpt>
      <trkpt lat="47.566464" lon="19.133267"><ele>120</ele></trkpt>
      <trkpt lat="47.566385" lon="19.133344"><ele>120</ele></trkpt>
      <trkpt lat="47.566313" lon="19.133432"><ele>120</ele></trkpt>
      <trkpt lat="47.566232" lon="19.133503"><ele>120</ele></trkpt>
      <trkpt lat="47.566155" lon="19.13359"><ele>120</ele></trkpt>
      <trkpt lat="47.566075" lon="19.133659"><ele>120</ele></trkpt>
      <trkpt lat="47.566" lon="19.133745"><ele>120</ele></trkpt>
      <trkpt lat="47.565927" lon="19.133844"><ele>120</ele></trkpt>
      <trkpt lat="47.565864" lon="19.133947"><ele>120</ele></trkpt>
      <trkpt lat="47.5658" lon="19.134045"><ele>120</ele></trkpt>
      <trkpt lat="47.565721" lon="19.134113"><ele>120</ele></trkpt>
      <trkpt lat="47.565632" lon="19.134168"><ele>120</ele></trkpt>
      <trkpt lat="47.565536" lon="19.13418"><ele>121</ele></trkpt>
      <trkpt lat="47.565467" lon="19.134091"><ele>121</ele></trkpt>
      <trkpt lat="47.565422" lon="19.133971"><ele>121</ele></trkpt>
      <trkpt lat="47.565347" lon="19.133879"><ele>122</ele></trkpt>
      <trkpt lat="47.565287" lon="19.133767"><ele>122</ele></trkpt>
      <trkpt lat="47.565219" lon="19.133677"><ele>121</ele></trkpt>
      <trkpt lat="47.565129" lon="19.133676"><ele>121</ele></trkpt>
      <trkpt lat="47.565045" lon="19.133739"><ele>121</ele></trkpt>
      <trkpt lat="47.564962" lon="19.13379"><ele>120</ele></trkpt>
      <trkpt lat="47.564884" lon="19.133863"><ele>120</ele></trkpt>
      <trkpt lat="47.564803" lon="19.133924"><ele>121</ele></trkpt>
      <trkpt lat="47.564721" lon="19.134001"><ele>121</ele></trkpt>
      <trkpt lat="47.564638" lon="19.134073"><ele>121</ele></trkpt>
      <trkpt lat="47.564546" lon="19.13407"><ele>121</ele></trkpt>
      <trkpt lat="47.564462" lon="19.134021"><ele>120</ele></trkpt>
      <trkpt lat="47.564401" lon="19.133914"><ele>119</ele></trkpt>
      <trkpt lat="47.564337" lon="19.133809"><ele>117</ele></trkpt>
      <trkpt lat="47.564292" lon="19.133691"><ele>117</ele></trkpt>
      <trkpt lat="47.564245" lon="19.133572"><ele>115</ele></trkpt>
      <trkpt lat="47.564178" lon="19.133474"><ele>115</ele></trkpt>
      <trkpt lat="47.564116" lon="19.133372"><ele>117</ele></trkpt>
      <trkpt lat="47.564165" lon="19.133258"><ele>117</ele></trkpt>
      <trkpt lat="47.564239" lon="19.133179"><ele>115</ele></trkpt>
      <trkpt lat="47.564321" lon="19.133105"><ele>117</ele></trkpt>
      <trkpt lat="47.564398" lon="19.133035"><ele>115</ele></trkpt>
      <trkpt lat="47.564484" lon="19.132973"><ele>115</ele></trkpt>
      <trkpt lat="47.564564" lon="19.132898"><ele>115</ele></trkpt>
      <trkpt lat="47.564657" lon="19.132881"><ele>115</ele></trkpt>
      <trkpt lat="47.564577" lon="19.132948"><ele>115</ele></trkpt>
      <trkpt lat="47.564495" lon="19.133004"><ele>115</ele></trkpt>
      <trkpt lat="47.564412" lon="19.133067"><ele>115</ele></trkpt>
      <trkpt lat="47.564327" lon="19.133126"><ele>115</ele></trkpt>
      <trkpt lat="47.56424" lon="19.1332"><ele>115</ele></trkpt>
      <trkpt lat="47.564185" lon="19.133314"><ele>115</ele></trkpt>
      <trkpt lat="47.564117" lon="19.133409"><ele>115</ele></trkpt>
      <trkpt lat="47.564026" lon="19.133448"><ele>115</ele></trkpt>
      <trkpt lat="47.563965" lon="19.13355"><ele>117</ele></trkpt>
      <trkpt lat="47.563908" lon="19.133663"><ele>117</ele></trkpt>
      <trkpt lat="47.563839" lon="19.133766"><ele>117</ele></trkpt>
      <trkpt lat="47.563763" lon="19.133853"><ele>117</ele></trkpt>
      <trkpt lat="47.563702" lon="19.133959"><ele>117</ele></trkpt>
      <trkpt lat="47.563611" lon="19.134002"><ele>117</ele></trkpt>
      <trkpt lat="47.563502" lon="19.134085"><ele>117</ele></trkpt>
      <trkpt lat="47.563352" lon="19.134239"><ele>115</ele></trkpt>
      <trkpt lat="47.56327" lon="19.134298"><ele>115</ele></trkpt>
      <trkpt lat="47.563191" lon="19.134378"><ele>115</ele></trkpt>
      <trkpt lat="47.563114" lon="19.134454"><ele>114</ele></trkpt>
      <trkpt lat="47.563024" lon="19.134486"><ele>114</ele></trkpt>
      <trkpt lat="47.562935" lon="19.134534"><ele>115</ele></trkpt>
      <trkpt lat="47.56285" lon="19.134585"><ele>114</ele></trkpt>
      <trkpt lat="47.562769" lon="19.134646"><ele>114</ele></trkpt>
      <trkpt lat="47.562701" lon="19.134741"><ele>114</ele></trkpt>
      <trkpt lat="47.562629" lon="19.134827"><ele>114</ele></trkpt>
      <trkpt lat="47.562562" lon="19.134918"><ele>114</ele></trkpt>
      <trkpt lat="47.562489" lon="19.135012"><ele>114</ele></trkpt>
      <trkpt lat="47.562399" lon="19.135063"><ele>114</ele></trkpt>
      <trkpt lat="47.562316" lon="19.135133"><ele>114</ele></trkpt>
      <trkpt lat="47.562229" lon="19.135173"><ele>116</ele></trkpt>
      <trkpt lat="47.562142" lon="19.135228"><ele>114</ele></trkpt>
      <trkpt lat="47.562065" lon="19.135303"><ele>116</ele></trkpt>
      <trkpt lat="47.56198" lon="19.135359"><ele>116</ele></trkpt>
      <trkpt lat="47.561909" lon="19.13545"><ele>116</ele></trkpt>
      <trkpt lat="47.56182" lon="19.135477"><ele>116</ele></trkpt>
      <trkpt lat="47.561742" lon="19.135552"><ele>116</ele></trkpt>
      <trkpt lat="47.561663" lon="19.135626"><ele>116</ele></trkpt>
      <trkpt lat="47.561598" lon="19.135731"><ele>116</ele></trkpt>
      <trkpt lat="47.561528" lon="19.135821"><ele>116</ele></trkpt>
      <trkpt lat="47.561448" lon="19.135884"><ele>116</ele></trkpt>
      <trkpt lat="47.561361" lon="19.135941"><ele>116</ele></trkpt>
      <trkpt lat="47.561279" lon="19.136018"><ele>116</ele></trkpt>
      <trkpt lat="47.561188" lon="19.136075"><ele>116</ele></trkpt>
      <trkpt lat="47.561097" lon="19.136133"><ele>116</ele></trkpt>
      <trkpt lat="47.561021" lon="19.136208"><ele>116</ele></trkpt>
      <trkpt lat="47.560943" lon="19.136293"><ele>116</ele></trkpt>
      <trkpt lat="47.560871" lon="19.136376"><ele>116</ele></trkpt>
      <trkpt lat="47.560791" lon="19.136447"><ele>116</ele></trkpt>
      <trkpt lat="47.560723" lon="19.136539"><ele>116</ele></trkpt>
      <trkpt lat="47.560666" lon="19.136649"><ele>117</ele></trkpt>
      <trkpt lat="47.56061" lon="19.136757"><ele>117</ele></trkpt>
      <trkpt lat="47.560541" lon="19.136863"><ele>117</ele></trkpt>
      <trkpt lat="47.560446" lon="19.136931"><ele>117</ele></trkpt>
      <trkpt lat="47.56038" lon="19.137034"><ele>117</ele></trkpt>
      <trkpt lat="47.560301" lon="19.137121"><ele>117</ele></trkpt>
      <trkpt lat="47.560216" lon="19.13719"><ele>117</ele></trkpt>
      <trkpt lat="47.560134" lon="19.137248"><ele>117</ele></trkpt>
      <trkpt lat="47.560057" lon="19.137319"><ele>117</ele></trkpt>
      <trkpt lat="47.55999" lon="19.137416"><ele>117</ele></trkpt>
      <trkpt lat="47.559911" lon="19.137486"><ele>117</ele></trkpt>
      <trkpt lat="47.55982" lon="19.137512"><ele>116</ele></trkpt>
      <trkpt lat="47.559728" lon="19.137536"><ele>117</ele></trkpt>
      <trkpt lat="47.559641" lon="19.137569"><ele>117</ele></trkpt>
      <trkpt lat="47.559549" lon="19.137579"><ele>117</ele></trkpt>
      <trkpt lat="47.559456" lon="19.137579"><ele>117</ele></trkpt>
      <trkpt lat="47.55936" lon="19.137583"><ele>117</ele></trkpt>
      <trkpt lat="47.559263" lon="19.13758"><ele>117</ele></trkpt>
      <trkpt lat="47.559172" lon="19.137576"><ele>116</ele></trkpt>
      <trkpt lat="47.559082" lon="19.137618"><ele>117</ele></trkpt>
      <trkpt lat="47.558992" lon="19.137612"><ele>116</ele></trkpt>
      <trkpt lat="47.558902" lon="19.137655"><ele>116</ele></trkpt>
      <trkpt lat="47.558815" lon="19.137713"><ele>117</ele></trkpt>
      <trkpt lat="47.558726" lon="19.13776"><ele>116</ele></trkpt>
      <trkpt lat="47.558658" lon="19.137855"><ele>116</ele></trkpt>
      <trkpt lat="47.55856" lon="19.137907"><ele>117</ele></trkpt>
      <trkpt lat="47.558479" lon="19.137982"><ele>116</ele></trkpt>
      <trkpt lat="47.5584" lon="19.138049"><ele>116</ele></trkpt>
      <trkpt lat="47.558331" lon="19.13815"><ele>116</ele></trkpt>
      <trkpt lat="47.55825" lon="19.13821"><ele>116</ele></trkpt>
      <trkpt lat="47.558188" lon="19.138307"><ele>116</ele></trkpt>
      <trkpt lat="47.558115" lon="19.138394"><ele>116</ele></trkpt>
      <trkpt lat="47.558035" lon="19.138464"><ele>116</ele></trkpt>
      <trkpt lat="47.557956" lon="19.13855"><ele>116</ele></trkpt>
      <trkpt lat="47.557875" lon="19.138619"><ele>116</ele></trkpt>
      <trkpt lat="47.557818" lon="19.138724"><ele>116</ele></trkpt>
      <trkpt lat="47.557739" lon="19.138796"><ele>116</ele></trkpt>
      <trkpt lat="47.557671" lon="19.138885"><ele>116</ele></trkpt>
      <trkpt lat="47.557583" lon="19.138953"><ele>117</ele></trkpt>
      <trkpt lat="47.557509" lon="19.139033"><ele>116</ele></trkpt>
      <trkpt lat="47.557422" lon="19.139083"><ele>117</ele></trkpt>
      <trkpt lat="47.557333" lon="19.139113"><ele>117</ele></trkpt>
      <trkpt lat="47.557244" lon="19.139138"><ele>117</ele></trkpt>
      <trkpt lat="47.557148" lon="19.139147"><ele>117</ele></trkpt>
      <trkpt lat="47.557061" lon="19.139185"><ele>117</ele></trkpt>
      <trkpt lat="47.556972" lon="19.139231"><ele>116</ele></trkpt>
      <trkpt lat="47.556883" lon="19.139282"><ele>117</ele></trkpt>
      <trkpt lat="47.556789" lon="19.139321"><ele>117</ele></trkpt>
      <trkpt lat="47.556696" lon="19.13934"><ele>116</ele></trkpt>
      <trkpt lat="47.556605" lon="19.139338"><ele>117</ele></trkpt>
      <trkpt lat="47.556517" lon="19.139374"><ele>117</ele></trkpt>
      <trkpt lat="47.556429" lon="19.139407"><ele>117</ele></trkpt>
      <trkpt lat="47.556342" lon="19.139452"><ele>117</ele></trkpt>
      <trkpt lat="47.556264" lon="19.139531"><ele>118</ele></trkpt>
      <trkpt lat="47.556176" lon="19.139592"><ele>117</ele></trkpt>
      <trkpt lat="47.556144" lon="19.139784"><ele>117</ele></trkpt>
      <trkpt lat="47.556108" lon="19.139953"><ele>117</ele></trkpt>
      <trkpt lat="47.556045" lon="19.140049"><ele>118</ele></trkpt>
      <trkpt lat="47.555992" lon="19.140156"><ele>118</ele></trkpt>
      <trkpt lat="47.555935" lon="19.140273"><ele>118</ele></trkpt>
      <trkpt lat="47.555889" lon="19.140392"><ele>118</ele></trkpt>
      <trkpt lat="47.555837" lon="19.140501"><ele>118</ele></trkpt>
      <trkpt lat="47.555789" lon="19.140626"><ele>118</ele></trkpt>
      <trkpt lat="47.555744" lon="19.140742"><ele>118</ele></trkpt>
      <trkpt lat="47.555705" lon="19.140871"><ele>118</ele></trkpt>
      <trkpt lat="47.55566" lon="19.140999"><ele>118</ele></trkpt>
      <trkpt lat="47.555611" lon="19.141118"><ele>118</ele></trkpt>
      <trkpt lat="47.555565" lon="19.141236"><ele>118</ele></trkpt>
      <trkpt lat="47.555518" lon="19.141353"><ele>119</ele></trkpt>
      <trkpt lat="47.555475" lon="19.141477"><ele>119</ele></trkpt>
      <trkpt lat="47.555424" lon="19.141591"><ele>118</ele></trkpt>
      <trkpt lat="47.555373" lon="19.141711"><ele>118</ele></trkpt>
      <trkpt lat="47.555318" lon="19.141825"><ele>118</ele></trkpt>
      <trkpt lat="47.555271" lon="19.141952"><ele>118</ele></trkpt>
      <trkpt lat="47.555225" lon="19.142069"><ele>118</ele></trkpt>
      <trkpt lat="47.555178" lon="19.142187"><ele>118</ele></trkpt>
      <trkpt lat="47.555127" lon="19.142305"><ele>118</ele></trkpt>
      <trkpt lat="47.555088" lon="19.142426"><ele>118</ele></trkpt>
      <trkpt lat="47.555041" lon="19.142553"><ele>118</ele></trkpt>
      <trkpt lat="47.555011" lon="19.142683"><ele>118</ele></trkpt>
      <trkpt lat="47.554954" lon="19.14281"><ele>117</ele></trkpt>
      <trkpt lat="47.554899" lon="19.142922"><ele>119</ele></trkpt>
      <trkpt lat="47.554844" lon="19.14303"><ele>120</ele></trkpt>
      <trkpt lat="47.554795" lon="19.143155"><ele>119</ele></trkpt>
      <trkpt lat="47.554752" lon="19.143277"><ele>119</ele></trkpt>
      <trkpt lat="47.554704" lon="19.143388"><ele>119</ele></trkpt>
      <trkpt lat="47.554654" lon="19.1435"><ele>119</ele></trkpt>
      <trkpt lat="47.554603" lon="19.14362"><ele>119</ele></trkpt>
      <trkpt lat="47.55455" lon="19.143736"><ele>119</ele></trkpt>
      <trkpt lat="47.554509" lon="19.143856"><ele>119</ele></trkpt>
      <trkpt lat="47.554462" lon="19.143973"><ele>118</ele></trkpt>
      <trkpt lat="47.554423" lon="19.144099"><ele>119</ele></trkpt>
      <trkpt lat="47.554378" lon="19.144223"><ele>119</ele></trkpt>
      <trkpt lat="47.554335" lon="19.144359"><ele>119</ele></trkpt>
      <trkpt lat="47.55428" lon="19.144468"><ele>118</ele></trkpt>
      <trkpt lat="47.554229" lon="19.144585"><ele>118</ele></trkpt>
      <trkpt lat="47.554184" lon="19.144701"><ele>119</ele></trkpt>
      <trkpt lat="47.554135" lon="19.144815"><ele>118</ele></trkpt>
      <trkpt lat="47.554086" lon="19.144935"><ele>120</ele></trkpt>
      <trkpt lat="47.554024" lon="19.145043"><ele>120</ele></trkpt>
      <trkpt lat="47.553978" lon="19.145168"><ele>120</ele></trkpt>
      <trkpt lat="47.553938" lon="19.145297"><ele>120</ele></trkpt>
      <trkpt lat="47.553887" lon="19.145409"><ele>120</ele></trkpt>
      <trkpt lat="47.553843" lon="19.145532"><ele>120</ele></trkpt>
      <trkpt lat="47.553791" lon="19.145658"><ele>119</ele></trkpt>
      <trkpt lat="47.553739" lon="19.145776"><ele>119</ele></trkpt>
      <trkpt lat="47.553703" lon="19.145899"><ele>120</ele></trkpt>
      <trkpt lat="47.553703" lon="19.146033"><ele>120</ele></trkpt>
      <trkpt lat="47.553663" lon="19.146169"><ele>120</ele></trkpt>
      <trkpt lat="47.55359" lon="19.14627"><ele>120</ele></trkpt>
      <trkpt lat="47.553527" lon="19.146372"><ele>119</ele></trkpt>
      <trkpt lat="47.55347" lon="19.146488"><ele>120</ele></trkpt>
      <trkpt lat="47.553407" lon="19.146595"><ele>120</ele></trkpt>
      <trkpt lat="47.553348" lon="19.146708"><ele>120</ele></trkpt>
      <trkpt lat="47.55329" lon="19.146816"><ele>119</ele></trkpt>
      <trkpt lat="47.553228" lon="19.146922"><ele>120</ele></trkpt>
      <trkpt lat="47.553194" lon="19.147047"><ele>120</ele></trkpt>
      <trkpt lat="47.553171" lon="19.147176"><ele>119</ele></trkpt>
      <trkpt lat="47.553124" lon="19.147304"><ele>119</ele></trkpt>
      <trkpt lat="47.553074" lon="19.147416"><ele>120</ele></trkpt>
      <trkpt lat="47.553028" lon="19.147535"><ele>119</ele></trkpt>
      <trkpt lat="47.55299" lon="19.14766"><ele>119</ele></trkpt>
      <trkpt lat="47.552941" lon="19.147779"><ele>118</ele></trkpt>
      <trkpt lat="47.552888" lon="19.147889"><ele>119</ele></trkpt>
      <trkpt lat="47.552813" lon="19.147967"><ele>119</ele></trkpt>
      <trkpt lat="47.552735" lon="19.148047"><ele>120</ele></trkpt>
      <trkpt lat="47.552667" lon="19.148145"><ele>119</ele></trkpt>
      <trkpt lat="47.552595" lon="19.148226"><ele>120</ele></trkpt>
      <trkpt lat="47.552516" lon="19.148297"><ele>120</ele></trkpt>
      <trkpt lat="47.552424" lon="19.148419"><ele>118</ele></trkpt>
      <trkpt lat="47.552346" lon="19.14851"><ele>119</ele></trkpt>
      <trkpt lat="47.552267" lon="19.148595"><ele>119</ele></trkpt>
      <trkpt lat="47.552196" lon="19.148683"><ele>119</ele></trkpt>
      <trkpt lat="47.552124" lon="19.148769"><ele>119</ele></trkpt>
      <trkpt lat="47.552053" lon="19.148853"><ele>119</ele></trkpt>
      <trkpt lat="47.551975" lon="19.148927"><ele>118</ele></trkpt>
      <trkpt lat="47.551907" lon="19.149017"><ele>118</ele></trkpt>
      <trkpt lat="47.551829" lon="19.149093"><ele>119</ele></trkpt>
      <trkpt lat="47.55176" lon="19.14919"><ele>119</ele></trkpt>
      <trkpt lat="47.551693" lon="19.149292"><ele>118</ele></trkpt>
      <trkpt lat="47.551581" lon="19.149503"><ele>119</ele></trkpt>
      <trkpt lat="47.551502" lon="19.149578"><ele>119</ele></trkpt>
      <trkpt lat="47.551434" lon="19.149689"><ele>119</ele></trkpt>
      <trkpt lat="47.55137" lon="19.149788"><ele>120</ele></trkpt>
      <trkpt lat="47.551309" lon="19.149887"><ele>120</ele></trkpt>
      <trkpt lat="47.551244" lon="19.149981"><ele>119</ele></trkpt>
      <trkpt lat="47.55118" lon="19.150078"><ele>119</ele></trkpt>
      <trkpt lat="47.551114" lon="19.150184"><ele>119</ele></trkpt>
      <trkpt lat="47.551046" lon="19.150283"><ele>119</ele></trkpt>
      <trkpt lat="47.550975" lon="19.150378"><ele>119</ele></trkpt>
      <trkpt lat="47.550916" lon="19.150491"><ele>119</ele></trkpt>
      <trkpt lat="47.550865" lon="19.150606"><ele>119</ele></trkpt>
      <trkpt lat="47.550795" lon="19.150704"><ele>118</ele></trkpt>
      <trkpt lat="47.550727" lon="19.150794"><ele>119</ele></trkpt>
      <trkpt lat="47.550658" lon="19.150896"><ele>119</ele></trkpt>
      <trkpt lat="47.550579" lon="19.150976"><ele>119</ele></trkpt>
      <trkpt lat="47.550507" lon="19.151066"><ele>119</ele></trkpt>
      <trkpt lat="47.550438" lon="19.151155"><ele>119</ele></trkpt>
      <trkpt lat="47.550382" lon="19.151265"><ele>119</ele></trkpt>
      <trkpt lat="47.550321" lon="19.151379"><ele>119</ele></trkpt>
      <trkpt lat="47.550256" lon="19.151481"><ele>119</ele></trkpt>
      <trkpt lat="47.550216" lon="19.151609"><ele>119</ele></trkpt>
      <trkpt lat="47.550135" lon="19.151693"><ele>119</ele></trkpt>
      <trkpt lat="47.550067" lon="19.151784"><ele>119</ele></trkpt>
      <trkpt lat="47.550004" lon="19.15189"><ele>119</ele></trkpt>
      <trkpt lat="47.549994" lon="19.152025"><ele>119</ele></trkpt>
      <trkpt lat="47.549922" lon="19.152116"><ele>119</ele></trkpt>
      <trkpt lat="47.549839" lon="19.152177"><ele>119</ele></trkpt>
      <trkpt lat="47.549747" lon="19.15222"><ele>118</ele></trkpt>
      <trkpt lat="47.549666" lon="19.152313"><ele>119</ele></trkpt>
      <trkpt lat="47.549611" lon="19.152422"><ele>118</ele></trkpt>
      <trkpt lat="47.549542" lon="19.152527"><ele>118</ele></trkpt>
      <trkpt lat="47.549471" lon="19.152614"><ele>118</ele></trkpt>
      <trkpt lat="47.549391" lon="19.152705"><ele>119</ele></trkpt>
      <trkpt lat="47.54933" lon="19.152808"><ele>119</ele></trkpt>
      <trkpt lat="47.549283" lon="19.152926"><ele>118</ele></trkpt>
      <trkpt lat="47.549222" lon="19.153036"><ele>119</ele></trkpt>
      <trkpt lat="47.549158" lon="19.153141"><ele>119</ele></trkpt>
      <trkpt lat="47.549088" lon="19.153233"><ele>119</ele></trkpt>
      <trkpt lat="47.549021" lon="19.153331"><ele>119</ele></trkpt>
      <trkpt lat="47.548933" lon="19.153423"><ele>119</ele></trkpt>
      <trkpt lat="47.548862" lon="19.153526"><ele>119</ele></trkpt>
      <trkpt lat="47.548797" lon="19.153622"><ele>119</ele></trkpt>
      <trkpt lat="47.548727" lon="19.153722"><ele>119</ele></trkpt>
      <trkpt lat="47.54866" lon="19.153817"><ele>119</ele></trkpt>
      <trkpt lat="47.548596" lon="19.153917"><ele>119</ele></trkpt>
      <trkpt lat="47.548527" lon="19.154005"><ele>119</ele></trkpt>
      <trkpt lat="47.548467" lon="19.154115"><ele>119</ele></trkpt>
      <trkpt lat="47.54841" lon="19.154218"><ele>119</ele></trkpt>
      <trkpt lat="47.548354" lon="19.154324"><ele>119</ele></trkpt>
      <trkpt lat="47.548296" lon="19.154431"><ele>120</ele></trkpt>
      <trkpt lat="47.548226" lon="19.15452"><ele>120</ele></trkpt>
      <trkpt lat="47.548161" lon="19.154619"><ele>120</ele></trkpt>
      <trkpt lat="47.548086" lon="19.154722"><ele>120</ele></trkpt>
      <trkpt lat="47.548016" lon="19.154829"><ele>120</ele></trkpt>
      <trkpt lat="47.547943" lon="19.154933"><ele>120</ele></trkpt>
      <trkpt lat="47.547883" lon="19.15504"><ele>120</ele></trkpt>
      <trkpt lat="47.54782" lon="19.155145"><ele>120</ele></trkpt>
      <trkpt lat="47.547753" lon="19.155249"><ele>120</ele></trkpt>
      <trkpt lat="47.54768" lon="19.155331"><ele>121</ele></trkpt>
      <trkpt lat="47.547597" lon="19.155401"><ele>120</ele></trkpt>
      <trkpt lat="47.547547" lon="19.155516"><ele>120</ele></trkpt>
      <trkpt lat="47.547532" lon="19.155653"><ele>121</ele></trkpt>
      <trkpt lat="47.547474" lon="19.155767"><ele>120</ele></trkpt>
      <trkpt lat="47.547413" lon="19.155882"><ele>120</ele></trkpt>
      <trkpt lat="47.547353" lon="19.155997"><ele>120</ele></trkpt>
      <trkpt lat="47.547306" lon="19.156114"><ele>120</ele></trkpt>
      <trkpt lat="47.547265" lon="19.156239"><ele>120</ele></trkpt>
      <trkpt lat="47.547205" lon="19.156362"><ele>120</ele></trkpt>
      <trkpt lat="47.547158" lon="19.156479"><ele>120</ele></trkpt>
      <trkpt lat="47.547102" lon="19.156589"><ele>120</ele></trkpt>
      <trkpt lat="47.547062" lon="19.15671"><ele>120</ele></trkpt>
      <trkpt lat="47.547013" lon="19.156825"><ele>120</ele></trkpt>
      <trkpt lat="47.546973" lon="19.156952"><ele>120</ele></trkpt>
      <trkpt lat="47.546935" lon="19.157073"><ele>120</ele></trkpt>
      <trkpt lat="47.546891" lon="19.157191"><ele>120</ele></trkpt>
      <trkpt lat="47.546847" lon="19.157312"><ele>120</ele></trkpt>
      <trkpt lat="47.546805" lon="19.157436"><ele>120</ele></trkpt>
      <trkpt lat="47.546753" lon="19.157555"><ele>120</ele></trkpt>
      <trkpt lat="47.546696" lon="19.157671"><ele>120</ele></trkpt>
      <trkpt lat="47.546634" lon="19.157777"><ele>120</ele></trkpt>
      <trkpt lat="47.546554" lon="19.157864"><ele>120</ele></trkpt>
      <trkpt lat="47.54647" lon="19.15795"><ele>120</ele></trkpt>
      <trkpt lat="47.546385" lon="19.158012"><ele>120</ele></trkpt>
      <trkpt lat="47.546294" lon="19.158056"><ele>120</ele></trkpt>
      <trkpt lat="47.546219" lon="19.158142"><ele>120</ele></trkpt>
      <trkpt lat="47.546155" lon="19.158256"><ele>120</ele></trkpt>
      <trkpt lat="47.546072" lon="19.158331"><ele>120</ele></trkpt>
      <trkpt lat="47.54599" lon="19.158406"><ele>119</ele></trkpt>
      <trkpt lat="47.54591" lon="19.158483"><ele>119</ele></trkpt>
      <trkpt lat="47.545833" lon="19.158568"><ele>120</ele></trkpt>
      <trkpt lat="47.545765" lon="19.158668"><ele>119</ele></trkpt>
      <trkpt lat="47.545699" lon="19.158771"><ele>119</ele></trkpt>
      <trkpt lat="47.545622" lon="19.158859"><ele>120</ele></trkpt>
      <trkpt lat="47.545554" lon="19.15896"><ele>119</ele></trkpt>
      <trkpt lat="47.545477" lon="19.15904"><ele>119</ele></trkpt>
      <trkpt lat="47.545405" lon="19.159124"><ele>120</ele></trkpt>
      <trkpt lat="47.545329" lon="19.159201"><ele>119</ele></trkpt>
      <trkpt lat="47.545257" lon="19.159285"><ele>119</ele></trkpt>
      <trkpt lat="47.545178" lon="19.159358"><ele>120</ele></trkpt>
      <trkpt lat="47.545107" lon="19.159462"><ele>119</ele></trkpt>
      <trkpt lat="47.545046" lon="19.159565"><ele>119</ele></trkpt>
      <trkpt lat="47.54497" lon="19.159644"><ele>120</ele></trkpt>
      <trkpt lat="47.544901" lon="19.159743"><ele>120</ele></trkpt>
      <trkpt lat="47.544831" lon="19.15983"><ele>119</ele></trkpt>
      <trkpt lat="47.544759" lon="19.159923"><ele>120</ele></trkpt>
      <trkpt lat="47.544691" lon="19.160018"><ele>120</ele></trkpt>
      <trkpt lat="47.544618" lon="19.160109"><ele>119</ele></trkpt>
      <trkpt lat="47.544555" lon="19.16021"><ele>119</ele></trkpt>
      <trkpt lat="47.544494" lon="19.160317"><ele>119</ele></trkpt>
      <trkpt lat="47.544432" lon="19.160423"><ele>119</ele></trkpt>
      <trkpt lat="47.544362" lon="19.160513"><ele>119</ele></trkpt>
      <trkpt lat="47.544299" lon="19.160612"><ele>119</ele></trkpt>
      <trkpt lat="47.544236" lon="19.160711"><ele>119</ele></trkpt>
      <trkpt lat="47.544174" lon="19.160823"><ele>119</ele></trkpt>
      <trkpt lat="47.544105" lon="19.160921"><ele>119</ele></trkpt>
      <trkpt lat="47.544049" lon="19.161024"><ele>119</ele></trkpt>
      <trkpt lat="47.543987" lon="19.161127"><ele>119</ele></trkpt>
      <trkpt lat="47.543942" lon="19.161247"><ele>119</ele></trkpt>
      <trkpt lat="47.543876" lon="19.161342"><ele>119</ele></trkpt>
      <trkpt lat="47.543815" lon="19.16145"><ele>119</ele></trkpt>
      <trkpt lat="47.543737" lon="19.161534"><ele>119</ele></trkpt>
      <trkpt lat="47.54368" lon="19.161654"><ele>119</ele></trkpt>
      <trkpt lat="47.543614" lon="19.161758"><ele>119</ele></trkpt>
      <trkpt lat="47.543573" lon="19.161881"><ele>119</ele></trkpt>
      <trkpt lat="47.543532" lon="19.162002"><ele>120</ele></trkpt>
      <trkpt lat="47.543461" lon="19.16209"><ele>119</ele></trkpt>
      <trkpt lat="47.543385" lon="19.162165"><ele>119</ele></trkpt>
      <trkpt lat="47.543315" lon="19.162266"><ele>119</ele></trkpt>
      <trkpt lat="47.543252" lon="19.162366"><ele>119</ele></trkpt>
      <trkpt lat="47.543202" lon="19.162478"><ele>119</ele></trkpt>
      <trkpt lat="47.543137" lon="19.162574"><ele>119</ele></trkpt>
      <trkpt lat="47.543065" lon="19.162657"><ele>119</ele></trkpt>
      <trkpt lat="47.543002" lon="19.162755"><ele>118</ele></trkpt>
      <trkpt lat="47.542933" lon="19.162841"><ele>118</ele></trkpt>
      <trkpt lat="47.54287" lon="19.16295"><ele>118</ele></trkpt>
      <trkpt lat="47.542804" lon="19.163061"><ele>118</ele></trkpt>
      <trkpt lat="47.542733" lon="19.163159"><ele>118</ele></trkpt>
      <trkpt lat="47.542664" lon="19.16325"><ele>118</ele></trkpt>
      <trkpt lat="47.542592" lon="19.163348"><ele>118</ele></trkpt>
      <trkpt lat="47.542522" lon="19.163446"><ele>118</ele></trkpt>
      <trkpt lat="47.542464" lon="19.163549"><ele>118</ele></trkpt>
      <trkpt lat="47.542388" lon="19.163627"><ele>118</ele></trkpt>
      <trkpt lat="47.542315" lon="19.163732"><ele>118</ele></trkpt>
      <trkpt lat="47.542243" lon="19.163817"><ele>119</ele></trkpt>
      <trkpt lat="47.542193" lon="19.163938"><ele>119</ele></trkpt>
      <trkpt lat="47.542133" lon="19.164047"><ele>119</ele></trkpt>
      <trkpt lat="47.542067" lon="19.164139"><ele>119</ele></trkpt>
      <trkpt lat="47.541992" lon="19.164231"><ele>119</ele></trkpt>
      <trkpt lat="47.541938" lon="19.164343"><ele>118</ele></trkpt>
      <trkpt lat="47.541873" lon="19.164446"><ele>119</ele></trkpt>
      <trkpt lat="47.541801" lon="19.164539"><ele>119</ele></trkpt>
      <trkpt lat="47.541728" lon="19.164615"><ele>119</ele></trkpt>
      <trkpt lat="47.541663" lon="19.164712"><ele>119</ele></trkpt>
      <trkpt lat="47.541591" lon="19.164802"><ele>119</ele></trkpt>
      <trkpt lat="47.541516" lon="19.164884"><ele>119</ele></trkpt>
      <trkpt lat="47.541434" lon="19.164944"><ele>119</ele></trkpt>
      <trkpt lat="47.541351" lon="19.165"><ele>119</ele></trkpt>
      <trkpt lat="47.541274" lon="19.165073"><ele>119</ele></trkpt>
      <trkpt lat="47.541194" lon="19.165148"><ele>119</ele></trkpt>
      <trkpt lat="47.541121" lon="19.16524"><ele>120</ele></trkpt>
      <trkpt lat="47.541056" lon="19.165337"><ele>119</ele></trkpt>
      <trkpt lat="47.540995" lon="19.165438"><ele>119</ele></trkpt>
      <trkpt lat="47.540931" lon="19.165545"><ele>120</ele></trkpt>
      <trkpt lat="47.540863" lon="19.16564"><ele>120</ele></trkpt>
      <trkpt lat="47.540801" lon="19.165741"><ele>119</ele></trkpt>
      <trkpt lat="47.540733" lon="19.165837"><ele>120</ele></trkpt>
      <trkpt lat="47.540686" lon="19.165961"><ele>120</ele></trkpt>
      <trkpt lat="47.540618" lon="19.166071"><ele>120</ele></trkpt>
      <trkpt lat="47.540552" lon="19.16617"><ele>120</ele></trkpt>
      <trkpt lat="47.540472" lon="19.166254"><ele>121</ele></trkpt>
      <trkpt lat="47.540395" lon="19.166325"><ele>120</ele></trkpt>
      <trkpt lat="47.540336" lon="19.166427"><ele>119</ele></trkpt>
      <trkpt lat="47.540293" lon="19.166553"><ele>120</ele></trkpt>
      <trkpt lat="47.540229" lon="19.166651"><ele>122</ele></trkpt>
      <trkpt lat="47.54018" lon="19.166768"><ele>122</ele></trkpt>
      <trkpt lat="47.540141" lon="19.166894"><ele>123</ele></trkpt>
      <trkpt lat="47.540083" lon="19.167011"><ele>124</ele></trkpt>
      <trkpt lat="47.540025" lon="19.167126"><ele>124</ele></trkpt>
      <trkpt lat="47.539959" lon="19.167037"><ele>126</ele></trkpt>
      <trkpt lat="47.539878" lon="19.167099"><ele>126</ele></trkpt>
      <trkpt lat="47.539808" lon="19.167204"><ele>126</ele></trkpt>
      <trkpt lat="47.539756" lon="19.167323"><ele>126</ele></trkpt>
      <trkpt lat="47.539705" lon="19.167449"><ele>126</ele></trkpt>
      <trkpt lat="47.539658" lon="19.167565"><ele>126</ele></trkpt>
      <trkpt lat="47.539605" lon="19.167685"><ele>126</ele></trkpt>
      <trkpt lat="47.539551" lon="19.167795"><ele>126</ele></trkpt>
      <trkpt lat="47.539499" lon="19.167908"><ele>126</ele></trkpt>
      <trkpt lat="47.53945" lon="19.168027"><ele>126</ele></trkpt>
      <trkpt lat="47.539406" lon="19.168159"><ele>126</ele></trkpt>
      <trkpt lat="47.539356" lon="19.168279"><ele>126</ele></trkpt>
      <trkpt lat="47.539308" lon="19.168396"><ele>126</ele></trkpt>
      <trkpt lat="47.539251" lon="19.168514"><ele>126</ele></trkpt>
      <trkpt lat="47.539202" lon="19.168625"><ele>126</ele></trkpt>
      <trkpt lat="47.539157" lon="19.168759"><ele>126</ele></trkpt>
      <trkpt lat="47.539102" lon="19.168881"><ele>126</ele></trkpt>
      <trkpt lat="47.539055" lon="19.169002"><ele>126</ele></trkpt>
      <trkpt lat="47.538999" lon="19.169112"><ele>127</ele></trkpt>
      <trkpt lat="47.53896" lon="19.16924"><ele>126</ele></trkpt>
      <trkpt lat="47.538911" lon="19.169352"><ele>127</ele></trkpt>
      <trkpt lat="47.538858" lon="19.169461"><ele>126</ele></trkpt>
      <trkpt lat="47.538803" lon="19.169567"><ele>127</ele></trkpt>
      <trkpt lat="47.538761" lon="19.169687"><ele>127</ele></trkpt>
      <trkpt lat="47.538718" lon="19.169805"><ele>126</ele></trkpt>
      <trkpt lat="47.538665" lon="19.169915"><ele>126</ele></trkpt>
      <trkpt lat="47.538614" lon="19.170027"><ele>127</ele></trkpt>
      <trkpt lat="47.538565" lon="19.170145"><ele>127</ele></trkpt>
      <trkpt lat="47.538509" lon="19.170264"><ele>127</ele></trkpt>
      <trkpt lat="47.538465" lon="19.170392"><ele>127</ele></trkpt>
      <trkpt lat="47.538407" lon="19.170493"><ele>127</ele></trkpt>
      <trkpt lat="47.538355" lon="19.17061"><ele>127</ele></trkpt>
      <trkpt lat="47.5383" lon="19.170736"><ele>127</ele></trkpt>
      <trkpt lat="47.538246" lon="19.170846"><ele>127</ele></trkpt>
      <trkpt lat="47.538205" lon="19.170967"><ele>127</ele></trkpt>
      <trkpt lat="47.538161" lon="19.171085"><ele>127</ele></trkpt>
      <trkpt lat="47.538091" lon="19.171185"><ele>127</ele></trkpt>
      <trkpt lat="47.538037" lon="19.171294"><ele>127</ele></trkpt>
      <trkpt lat="47.537998" lon="19.171423"><ele>127</ele></trkpt>
      <trkpt lat="47.537946" lon="19.17154"><ele>128</ele></trkpt>
      <trkpt lat="47.537897" lon="19.171667"><ele>127</ele></trkpt>
      <trkpt lat="47.537851" lon="19.171788"><ele>127</ele></trkpt>
      <trkpt lat="47.537808" lon="19.171908"><ele>128</ele></trkpt>
      <trkpt lat="47.537755" lon="19.172017"><ele>127</ele></trkpt>
      <trkpt lat="47.537706" lon="19.172138"><ele>128</ele></trkpt>
      <trkpt lat="47.537655" lon="19.17226"><ele>128</ele></trkpt>
      <trkpt lat="47.53761" lon="19.172378"><ele>128</ele></trkpt>
      <trkpt lat="47.537563" lon="19.172497"><ele>128</ele></trkpt>
      <trkpt lat="47.537514" lon="19.172618"><ele>128</ele></trkpt>
      <trkpt lat="47.537459" lon="19.17273"><ele>128</ele></trkpt>
      <trkpt lat="47.537407" lon="19.17285"><ele>128</ele></trkpt>
      <trkpt lat="47.537342" lon="19.172954"><ele>128</ele></trkpt>
      <trkpt lat="47.537298" lon="19.173076"><ele>128</ele></trkpt>
      <trkpt lat="47.537231" lon="19.173189"><ele>128</ele></trkpt>
      <trkpt lat="47.537194" lon="19.173322"><ele>128</ele></trkpt>
      <trkpt lat="47.537143" lon="19.173445"><ele>128</ele></trkpt>
      <trkpt lat="47.537086" lon="19.173557"><ele>128</ele></trkpt>
      <trkpt lat="47.537031" lon="19.173668"><ele>128</ele></trkpt>
      <trkpt lat="47.536979" lon="19.173779"><ele>128</ele></trkpt>
      <trkpt lat="47.536935" lon="19.173899"><ele>128</ele></trkpt>
      <trkpt lat="47.536887" lon="19.174021"><ele>128</ele></trkpt>
      <trkpt lat="47.536835" lon="19.174133"><ele>128</ele></trkpt>
      <trkpt lat="47.536772" lon="19.174243"><ele>128</ele></trkpt>
      <trkpt lat="47.536731" lon="19.174363"><ele>128</ele></trkpt>
      <trkpt lat="47.536678" lon="19.174475"><ele>128</ele></trkpt>
      <trkpt lat="47.536624" lon="19.174591"><ele>128</ele></trkpt>
      <trkpt lat="47.536583" lon="19.17471"><ele>128</ele></trkpt>
      <trkpt lat="47.536535" lon="19.174825"><ele>128</ele></trkpt>
      <trkpt lat="47.536483" lon="19.174935"><ele>128</ele></trkpt>
      <trkpt lat="47.536423" lon="19.175053"><ele>129</ele></trkpt>
      <trkpt lat="47.536373" lon="19.175169"><ele>129</ele></trkpt>
      <trkpt lat="47.53632" lon="19.175285"><ele>129</ele></trkpt>
      <trkpt lat="47.536259" lon="19.175389"><ele>128</ele></trkpt>
      <trkpt lat="47.536214" lon="19.175504"><ele>129</ele></trkpt>
      <trkpt lat="47.536165" lon="19.17563"><ele>129</ele></trkpt>
      <trkpt lat="47.536111" lon="19.17574"><ele>129</ele></trkpt>
      <trkpt lat="47.536059" lon="19.175853"><ele>128</ele></trkpt>
      <trkpt lat="47.536011" lon="19.175979"><ele>129</ele></trkpt>
      <trkpt lat="47.535958" lon="19.176095"><ele>128</ele></trkpt>
      <trkpt lat="47.535909" lon="19.176216"><ele>128</ele></trkpt>
      <trkpt lat="47.535855" lon="19.176323"><ele>129</ele></trkpt>
      <trkpt lat="47.535802" lon="19.176437"><ele>128</ele></trkpt>
      <trkpt lat="47.535757" lon="19.176557"><ele>128</ele></trkpt>
      <trkpt lat="47.535705" lon="19.176676"><ele>128</ele></trkpt>
      <trkpt lat="47.535649" lon="19.176786"><ele>128</ele></trkpt>
      <trkpt lat="47.535607" lon="19.176905"><ele>129</ele></trkpt>
      <trkpt lat="47.535557" lon="19.177033"><ele>129</ele></trkpt>
      <trkpt lat="47.535508" lon="19.177144"><ele>129</ele></trkpt>
      <trkpt lat="47.535464" lon="19.177261"><ele>129</ele></trkpt>
      <trkpt lat="47.535425" lon="19.177388"><ele>129</ele></trkpt>
      <trkpt lat="47.535356" lon="19.177485"><ele>128</ele></trkpt>
      <trkpt lat="47.535296" lon="19.177597"><ele>129</ele></trkpt>
      <trkpt lat="47.535255" lon="19.177719"><ele>129</ele></trkpt>
      <trkpt lat="47.535194" lon="19.17784"><ele>129</ele></trkpt>
      <trkpt lat="47.535146" lon="19.177962"><ele>130</ele></trkpt>
      <trkpt lat="47.535099" lon="19.178092"><ele>129</ele></trkpt>
      <trkpt lat="47.535042" lon="19.178203"><ele>129</ele></trkpt>
      <trkpt lat="47.534987" lon="19.178316"><ele>129</ele></trkpt>
      <trkpt lat="47.534939" lon="19.178431"><ele>129</ele></trkpt>
      <trkpt lat="47.534883" lon="19.178537"><ele>129</ele></trkpt>
      <trkpt lat="47.534832" lon="19.178665"><ele>129</ele></trkpt>
      <trkpt lat="47.534794" lon="19.178792"><ele>129</ele></trkpt>
      <trkpt lat="47.534747" lon="19.178906"><ele>129</ele></trkpt>
      <trkpt lat="47.534694" lon="19.179022"><ele>129</ele></trkpt>
      <trkpt lat="47.534636" lon="19.179132"><ele>130</ele></trkpt>
      <trkpt lat="47.534585" lon="19.17924"><ele>131</ele></trkpt>
      <trkpt lat="47.534535" lon="19.179357"><ele>130</ele></trkpt>
      <trkpt lat="47.534484" lon="19.179469"><ele>130</ele></trkpt>
      <trkpt lat="47.53443" lon="19.179583"><ele>130</ele></trkpt>
      <trkpt lat="47.534374" lon="19.179695"><ele>130</ele></trkpt>
      <trkpt lat="47.534309" lon="19.179795"><ele>130</ele></trkpt>
      <trkpt lat="47.534223" lon="19.179862"><ele>130</ele></trkpt>
      <trkpt lat="47.534205" lon="19.180001"><ele>130</ele></trkpt>
      <trkpt lat="47.534162" lon="19.180123"><ele>130</ele></trkpt>
      <trkpt lat="47.534095" lon="19.180225"><ele>130</ele></trkpt>
      <trkpt lat="47.534043" lon="19.18034"><ele>130</ele></trkpt>
      <trkpt lat="47.533975" lon="19.180444"><ele>130</ele></trkpt>
      <trkpt lat="47.53393" lon="19.180564"><ele>130</ele></trkpt>
      <trkpt lat="47.533871" lon="19.180666"><ele>130</ele></trkpt>
      <trkpt lat="47.533819" lon="19.18078"><ele>129</ele></trkpt>
      <trkpt lat="47.53375" lon="19.180879"><ele>129</ele></trkpt>
      <trkpt lat="47.533702" lon="19.180994"><ele>129</ele></trkpt>
      <trkpt lat="47.533658" lon="19.181111"><ele>129</ele></trkpt>
      <trkpt lat="47.533589" lon="19.181201"><ele>129</ele></trkpt>
      <trkpt lat="47.533541" lon="19.181324"><ele>129</ele></trkpt>
      <trkpt lat="47.533484" lon="19.181433"><ele>129</ele></trkpt>
      <trkpt lat="47.533427" lon="19.181542"><ele>130</ele></trkpt>
      <trkpt lat="47.53337" lon="19.181649"><ele>128</ele></trkpt>
      <trkpt lat="47.533303" lon="19.181741"><ele>130</ele></trkpt>
      <trkpt lat="47.533244" lon="19.181843"><ele>128</ele></trkpt>
      <trkpt lat="47.533205" lon="19.181963"><ele>130</ele></trkpt>
      <trkpt lat="47.533156" lon="19.182078"><ele>130</ele></trkpt>
      <trkpt lat="47.533091" lon="19.182188"><ele>130</ele></trkpt>
      <trkpt lat="47.533039" lon="19.182303"><ele>130</ele></trkpt>
      <trkpt lat="47.532974" lon="19.182402"><ele>130</ele></trkpt>
      <trkpt lat="47.532919" lon="19.182511"><ele>130</ele></trkpt>
      <trkpt lat="47.532861" lon="19.18262"><ele>130</ele></trkpt>
      <trkpt lat="47.532793" lon="19.182716"><ele>130</ele></trkpt>
      <trkpt lat="47.53275" lon="19.182846"><ele>130</ele></trkpt>
      <trkpt lat="47.532689" lon="19.182952"><ele>130</ele></trkpt>
      <trkpt lat="47.532635" lon="19.183058"><ele>130</ele></trkpt>
      <trkpt lat="47.532577" lon="19.18316"><ele>130</ele></trkpt>
      <trkpt lat="47.532526" lon="19.183282"><ele>130</ele></trkpt>
      <trkpt lat="47.532466" lon="19.183387"><ele>131</ele></trkpt>
      <trkpt lat="47.532407" lon="19.183487"><ele>131</ele></trkpt>
      <trkpt lat="47.532355" lon="19.1836"><ele>131</ele></trkpt>
      <trkpt lat="47.532274" lon="19.183658"><ele>131</ele></trkpt>
      <trkpt lat="47.532245" lon="19.183788"><ele>131</ele></trkpt>
      <trkpt lat="47.532192" lon="19.183895"><ele>131</ele></trkpt>
      <trkpt lat="47.532127" lon="19.184005"><ele>131</ele></trkpt>
      <trkpt lat="47.532067" lon="19.184111"><ele>131</ele></trkpt>
      <trkpt lat="47.532003" lon="19.184216"><ele>131</ele></trkpt>
      <trkpt lat="47.531949" lon="19.184328"><ele>131</ele></trkpt>
      <trkpt lat="47.531917" lon="19.184454"><ele>131</ele></trkpt>
      <trkpt lat="47.531997" lon="19.184525"><ele>131</ele></trkpt>
      <trkpt lat="47.531961" lon="19.184652"><ele>132</ele></trkpt>
      <trkpt lat="47.531881" lon="19.184744"><ele>131</ele></trkpt>
      <trkpt lat="47.53183" lon="19.184857"><ele>131</ele></trkpt>
      <trkpt lat="47.531783" lon="19.184981"><ele>131</ele></trkpt>
      <trkpt lat="47.531718" lon="19.185078"><ele>131</ele></trkpt>
      <trkpt lat="47.531659" lon="19.185193"><ele>132</ele></trkpt>
      <trkpt lat="47.53159" lon="19.185306"><ele>132</ele></trkpt>
      <trkpt lat="47.531543" lon="19.185431"><ele>132</ele></trkpt>
      <trkpt lat="47.531498" lon="19.185555"><ele>132</ele></trkpt>
      <trkpt lat="47.531427" lon="19.185657"><ele>132</ele></trkpt>
      <trkpt lat="47.531362" lon="19.185762"><ele>132</ele></trkpt>
      <trkpt lat="47.531286" lon="19.185852"><ele>132</ele></trkpt>
      <trkpt lat="47.531235" lon="19.185964"><ele>132</ele></trkpt>
      <trkpt lat="47.531185" lon="19.186078"><ele>132</ele></trkpt>
      <trkpt lat="47.531136" lon="19.186194"><ele>132</ele></trkpt>
      <trkpt lat="47.531071" lon="19.186293"><ele>132</ele></trkpt>
      <trkpt lat="47.531012" lon="19.186399"><ele>131</ele></trkpt>
      <trkpt lat="47.53095" lon="19.186505"><ele>132</ele></trkpt>
      <trkpt lat="47.530881" lon="19.186606"><ele>132</ele></trkpt>
      <trkpt lat="47.530845" lon="19.186738"><ele>132</ele></trkpt>
      <trkpt lat="47.530785" lon="19.186842"><ele>132</ele></trkpt>
      <trkpt lat="47.530728" lon="19.186947"><ele>132</ele></trkpt>
      <trkpt lat="47.530671" lon="19.187059"><ele>132</ele></trkpt>
      <trkpt lat="47.530614" lon="19.187169"><ele>132</ele></trkpt>
      <trkpt lat="47.530565" lon="19.187285"><ele>132</ele></trkpt>
      <trkpt lat="47.530496" lon="19.187386"><ele>132</ele></trkpt>
      <trkpt lat="47.530439" lon="19.1875"><ele>132</ele></trkpt>
      <trkpt lat="47.530379" lon="19.187607"><ele>132</ele></trkpt>
      <trkpt lat="47.530334" lon="19.187735"><ele>132</ele></trkpt>
      <trkpt lat="47.530285" lon="19.187845"><ele>132</ele></trkpt>
      <trkpt lat="47.530214" lon="19.187935"><ele>132</ele></trkpt>
      <trkpt lat="47.530171" lon="19.188061"><ele>132</ele></trkpt>
      <trkpt lat="47.530093" lon="19.188152"><ele>132</ele></trkpt>
      <trkpt lat="47.530047" lon="19.188278"><ele>132</ele></trkpt>
      <trkpt lat="47.529989" lon="19.188384"><ele>132</ele></trkpt>
      <trkpt lat="47.529935" lon="19.188492"><ele>132</ele></trkpt>
      <trkpt lat="47.529886" lon="19.188605"><ele>132</ele></trkpt>
      <trkpt lat="47.529831" lon="19.188718"><ele>132</ele></trkpt>
      <trkpt lat="47.529767" lon="19.188818"><ele>132</ele></trkpt>
      <trkpt lat="47.529708" lon="19.188935"><ele>132</ele></trkpt>
      <trkpt lat="47.529656" lon="19.189054"><ele>132</ele></trkpt>
      <trkpt lat="47.529591" lon="19.189159"><ele>132</ele></trkpt>
      <trkpt lat="47.52955" lon="19.18928"><ele>132</ele></trkpt>
      <trkpt lat="47.529488" lon="19.189382"><ele>132</ele></trkpt>
      <trkpt lat="47.529416" lon="19.189489"><ele>132</ele></trkpt>
      <trkpt lat="47.529363" lon="19.1896"><ele>133</ele></trkpt>
      <trkpt lat="47.529316" lon="19.189722"><ele>133</ele></trkpt>
      <trkpt lat="47.529269" lon="19.189842"><ele>133</ele></trkpt>
      <trkpt lat="47.529198" lon="19.189923"><ele>133</ele></trkpt>
      <trkpt lat="47.529135" lon="19.190028"><ele>133</ele></trkpt>
      <trkpt lat="47.529078" lon="19.190135"><ele>133</ele></trkpt>
      <trkpt lat="47.529019" lon="19.190247"><ele>132</ele></trkpt>
      <trkpt lat="47.528954" lon="19.190355"><ele>133</ele></trkpt>
      <trkpt lat="47.528902" lon="19.190481"><ele>133</ele></trkpt>
      <trkpt lat="47.528844" lon="19.190595"><ele>133</ele></trkpt>
      <trkpt lat="47.528779" lon="19.190696"><ele>133</ele></trkpt>
      <trkpt lat="47.528718" lon="19.190809"><ele>133</ele></trkpt>
      <trkpt lat="47.528667" lon="19.190933"><ele>133</ele></trkpt>
      <trkpt lat="47.528618" lon="19.19105"><ele>133</ele></trkpt>
      <trkpt lat="47.528546" lon="19.191138"><ele>133</ele></trkpt>
      <trkpt lat="47.528496" lon="19.191262"><ele>133</ele></trkpt>
      <trkpt lat="47.528437" lon="19.191368"><ele>133</ele></trkpt>
      <trkpt lat="47.528372" lon="19.191487"><ele>133</ele></trkpt>
      <trkpt lat="47.528317" lon="19.191593"><ele>133</ele></trkpt>
      <trkpt lat="47.52826" lon="19.191699"><ele>133</ele></trkpt>
      <trkpt lat="47.528213" lon="19.191821"><ele>133</ele></trkpt>
      <trkpt lat="47.528144" lon="19.191914"><ele>134</ele></trkpt>
      <trkpt lat="47.52808" lon="19.191816"><ele>134</ele></trkpt>
      <trkpt lat="47.527999" lon="19.191741"><ele>133</ele></trkpt>
      <trkpt lat="47.527963" lon="19.191864"><ele>133</ele></trkpt>
      <trkpt lat="47.52791" lon="19.191974"><ele>133</ele></trkpt>
      <trkpt lat="47.527871" lon="19.1921"><ele>133</ele></trkpt>
      <trkpt lat="47.527808" lon="19.192203"><ele>133</ele></trkpt>
      <trkpt lat="47.527732" lon="19.1923"><ele>133</ele></trkpt>
      <trkpt lat="47.527698" lon="19.192427"><ele>133</ele></trkpt>
      <trkpt lat="47.527643" lon="19.192535"><ele>133</ele></trkpt>
      <trkpt lat="47.527564" lon="19.192627"><ele>133</ele></trkpt>
      <trkpt lat="47.527498" lon="19.192725"><ele>133</ele></trkpt>
      <trkpt lat="47.52745" lon="19.192844"><ele>133</ele></trkpt>
      <trkpt lat="47.527415" lon="19.192972"><ele>133</ele></trkpt>
      <trkpt lat="47.527356" lon="19.193078"><ele>133</ele></trkpt>
      <trkpt lat="47.527291" lon="19.193173"><ele>133</ele></trkpt>
      <trkpt lat="47.527242" lon="19.193291"><ele>133</ele></trkpt>
      <trkpt lat="47.527177" lon="19.193394"><ele>133</ele></trkpt>
      <trkpt lat="47.527124" lon="19.193503"><ele>134</ele></trkpt>
      <trkpt lat="47.527055" lon="19.193605"><ele>134</ele></trkpt>
      <trkpt lat="47.526989" lon="19.193705"><ele>134</ele></trkpt>
      <trkpt lat="47.526953" lon="19.193831"><ele>134</ele></trkpt>
      <trkpt lat="47.526898" lon="19.193936"><ele>134</ele></trkpt>
      <trkpt lat="47.526836" lon="19.194039"><ele>134</ele></trkpt>
      <trkpt lat="47.526765" lon="19.194124"><ele>134</ele></trkpt>
      <trkpt lat="47.526696" lon="19.194235"><ele>134</ele></trkpt>
      <trkpt lat="47.526645" lon="19.194364"><ele>134</ele></trkpt>
      <trkpt lat="47.526602" lon="19.194493"><ele>134</ele></trkpt>
      <trkpt lat="47.526534" lon="19.194598"><ele>134</ele></trkpt>
      <trkpt lat="47.526465" lon="19.194702"><ele>134</ele></trkpt>
      <trkpt lat="47.526406" lon="19.194809"><ele>134</ele></trkpt>
      <trkpt lat="47.526359" lon="19.194931"><ele>134</ele></trkpt>
      <trkpt lat="47.526302" lon="19.195041"><ele>134</ele></trkpt>
      <trkpt lat="47.526242" lon="19.195147"><ele>134</ele></trkpt>
      <trkpt lat="47.526172" lon="19.195233"><ele>134</ele></trkpt>
      <trkpt lat="47.526096" lon="19.195316"><ele>134</ele></trkpt>
      <trkpt lat="47.526047" lon="19.195434"><ele>134</ele></trkpt>
      <trkpt lat="47.525988" lon="19.195543"><ele>134</ele></trkpt>
      <trkpt lat="47.525926" lon="19.195641"><ele>134</ele></trkpt>
      <trkpt lat="47.525874" lon="19.195751"><ele>134</ele></trkpt>
      <trkpt lat="47.525813" lon="19.195855"><ele>135</ele></trkpt>
      <trkpt lat="47.525746" lon="19.195946"><ele>135</ele></trkpt>
      <trkpt lat="47.525697" lon="19.196063"><ele>135</ele></trkpt>
      <trkpt lat="47.525626" lon="19.196154"><ele>135</ele></trkpt>
      <trkpt lat="47.525568" lon="19.196267"><ele>135</ele></trkpt>
      <trkpt lat="47.525506" lon="19.19637"><ele>135</ele></trkpt>
      <trkpt lat="47.525449" lon="19.196481"><ele>135</ele></trkpt>
      <trkpt lat="47.525391" lon="19.196602"><ele>135</ele></trkpt>
      <trkpt lat="47.525327" lon="19.196704"><ele>135</ele></trkpt>
      <trkpt lat="47.525267" lon="19.196811"><ele>135</ele></trkpt>
      <trkpt lat="47.525204" lon="19.196907"><ele>135</ele></trkpt>
      <trkpt lat="47.525143" lon="19.197008"><ele>135</ele></trkpt>
      <trkpt lat="47.525087" lon="19.197128"><ele>135</ele></trkpt>
      <trkpt lat="47.525044" lon="19.197246"><ele>135</ele></trkpt>
      <trkpt lat="47.524975" lon="19.197349"><ele>135</ele></trkpt>
      <trkpt lat="47.524902" lon="19.197439"><ele>135</ele></trkpt>
      <trkpt lat="47.524827" lon="19.19753"><ele>135</ele></trkpt>
      <trkpt lat="47.524773" lon="19.197639"><ele>135</ele></trkpt>
      <trkpt lat="47.524712" lon="19.197751"><ele>135</ele></trkpt>
      <trkpt lat="47.524645" lon="19.197851"><ele>135</ele></trkpt>
      <trkpt lat="47.524586" lon="19.197954"><ele>135</ele></trkpt>
      <trkpt lat="47.524519" lon="19.198071"><ele>135</ele></trkpt>
      <trkpt lat="47.524454" lon="19.198177"><ele>135</ele></trkpt>
      <trkpt lat="47.524397" lon="19.198283"><ele>135</ele></trkpt>
      <trkpt lat="47.524326" lon="19.198395"><ele>133</ele></trkpt>
      <trkpt lat="47.52426" lon="19.198497"><ele>133</ele></trkpt>
      <trkpt lat="47.524205" lon="19.198603"><ele>133</ele></trkpt>
      <trkpt lat="47.524153" lon="19.198722"><ele>133</ele></trkpt>
      <trkpt lat="47.524092" lon="19.198826"><ele>133</ele></trkpt>
      <trkpt lat="47.52404" lon="19.198944"><ele>133</ele></trkpt>
      <trkpt lat="47.523968" lon="19.199039"><ele>133</ele></trkpt>
      <trkpt lat="47.523914" lon="19.199152"><ele>134</ele></trkpt>
      <trkpt lat="47.523851" lon="19.199253"><ele>133</ele></trkpt>
      <trkpt lat="47.52379" lon="19.199355"><ele>133</ele></trkpt>
      <trkpt lat="47.523725" lon="19.199449"><ele>134</ele></trkpt>
      <trkpt lat="47.523669" lon="19.199557"><ele>134</ele></trkpt>
      <trkpt lat="47.523612" lon="19.199663"><ele>134</ele></trkpt>
      <trkpt lat="47.52355" lon="19.199768"><ele>134</ele></trkpt>
      <trkpt lat="47.523496" lon="19.19989"><ele>134</ele></trkpt>
      <trkpt lat="47.523426" lon="19.199988"><ele>134</ele></trkpt>
      <trkpt lat="47.523372" lon="19.200118"><ele>134</ele></trkpt>
      <trkpt lat="47.52332" lon="19.200231"><ele>134</ele></trkpt>
      <trkpt lat="47.52326" lon="19.20034"><ele>134</ele></trkpt>
      <trkpt lat="47.523216" lon="19.200456"><ele>134</ele></trkpt>
      <trkpt lat="47.523156" lon="19.200572"><ele>134</ele></trkpt>
      <trkpt lat="47.523091" lon="19.20068"><ele>134</ele></trkpt>
      <trkpt lat="47.52304" lon="19.200798"><ele>134</ele></trkpt>
      <trkpt lat="47.522987" lon="19.200907"><ele>134</ele></trkpt>
      <trkpt lat="47.522927" lon="19.201021"><ele>134</ele></trkpt>
      <trkpt lat="47.522872" lon="19.201135"><ele>134</ele></trkpt>
      <trkpt lat="47.522809" lon="19.201238"><ele>134</ele></trkpt>
      <trkpt lat="47.522751" lon="19.201348"><ele>134</ele></trkpt>
      <trkpt lat="47.52271" lon="19.201472"><ele>134</ele></trkpt>
      <trkpt lat="47.522648" lon="19.20158"><ele>135</ele></trkpt>
      <trkpt lat="47.522583" lon="19.201692"><ele>135</ele></trkpt>
      <trkpt lat="47.522541" lon="19.201811"><ele>134</ele></trkpt>
      <trkpt lat="47.522473" lon="19.201914"><ele>134</ele></trkpt>
      <trkpt lat="47.522417" lon="19.20202"><ele>134</ele></trkpt>
      <trkpt lat="47.522363" lon="19.202137"><ele>134</ele></trkpt>
      <trkpt lat="47.522299" lon="19.202233"><ele>134</ele></trkpt>
      <trkpt lat="47.522255" lon="19.202351"><ele>134</ele></trkpt>
      <trkpt lat="47.522214" lon="19.202472"><ele>134</ele></trkpt>
      <trkpt lat="47.522139" lon="19.202591"><ele>134</ele></trkpt>
      <trkpt lat="47.522072" lon="19.202688"><ele>134</ele></trkpt>
      <trkpt lat="47.52203" lon="19.202819"><ele>134</ele></trkpt>
      <trkpt lat="47.521973" lon="19.202943"><ele>134</ele></trkpt>
      <trkpt lat="47.521909" lon="19.203035"><ele>134</ele></trkpt>
      <trkpt lat="47.52185" lon="19.203137"><ele>134</ele></trkpt>
      <trkpt lat="47.521807" lon="19.203259"><ele>134</ele></trkpt>
      <trkpt lat="47.521751" lon="19.203379"><ele>134</ele></trkpt>
      <trkpt lat="47.521684" lon="19.203479"><ele>135</ele></trkpt>
      <trkpt lat="47.521631" lon="19.203588"><ele>134</ele></trkpt>
      <trkpt lat="47.521572" lon="19.20369"><ele>135</ele></trkpt>
      <trkpt lat="47.521523" lon="19.203809"><ele>135</ele></trkpt>
      <trkpt lat="47.521466" lon="19.203939"><ele>135</ele></trkpt>
      <trkpt lat="47.521401" lon="19.204044"><ele>135</ele></trkpt>
      <trkpt lat="47.521354" lon="19.204159"><ele>135</ele></trkpt>
      <trkpt lat="47.521294" lon="19.204276"><ele>135</ele></trkpt>
      <trkpt lat="47.521236" lon="19.204382"><ele>135</ele></trkpt>
      <trkpt lat="47.521183" lon="19.204497"><ele>135</ele></trkpt>
      <trkpt lat="47.521123" lon="19.204607"><ele>135</ele></trkpt>
      <trkpt lat="47.52107" lon="19.204724"><ele>135</ele></trkpt>
      <trkpt lat="47.521014" lon="19.204832"><ele>135</ele></trkpt>
      <trkpt lat="47.520961" lon="19.204948"><ele>135</ele></trkpt>
      <trkpt lat="47.520898" lon="19.205056"><ele>135</ele></trkpt>
      <trkpt lat="47.520841" lon="19.20518"><ele>136</ele></trkpt>
      <trkpt lat="47.520788" lon="19.205298"><ele>135</ele></trkpt>
      <trkpt lat="47.52072" lon="19.205385"><ele>136</ele></trkpt>
      <trkpt lat="47.520674" lon="19.205502"><ele>136</ele></trkpt>
      <trkpt lat="47.520615" lon="19.205606"><ele>136</ele></trkpt>
      <trkpt lat="47.52057" lon="19.205727"><ele>136</ele></trkpt>
      <trkpt lat="47.520503" lon="19.205826"><ele>137</ele></trkpt>
      <trkpt lat="47.520439" lon="19.205947"><ele>137</ele></trkpt>
      <trkpt lat="47.520391" lon="19.206061"><ele>137</ele></trkpt>
      <trkpt lat="47.520341" lon="19.206171"><ele>137</ele></trkpt>
      <trkpt lat="47.520299" lon="19.206292"><ele>136</ele></trkpt>
      <trkpt lat="47.520135" lon="19.206592"><ele>139</ele></trkpt>
      <trkpt lat="47.520094" lon="19.206723"><ele>139</ele></trkpt>
      <trkpt lat="47.520045" lon="19.206845"><ele>139</ele></trkpt>
      <trkpt lat="47.519984" lon="19.206963"><ele>139</ele></trkpt>
      <trkpt lat="47.519928" lon="19.207073"><ele>139</ele></trkpt>
      <trkpt lat="47.51988" lon="19.207193"><ele>139</ele></trkpt>
      <trkpt lat="47.519814" lon="19.207292"><ele>139</ele></trkpt>
      <trkpt lat="47.519742" lon="19.207371"><ele>139</ele></trkpt>
      <trkpt lat="47.519687" lon="19.207485"><ele>139</ele></trkpt>
      <trkpt lat="47.519641" lon="19.207599"><ele>139</ele></trkpt>
      <trkpt lat="47.519585" lon="19.207705"><ele>139</ele></trkpt>
      <trkpt lat="47.519534" lon="19.20782"><ele>139</ele></trkpt>
      <trkpt lat="47.519471" lon="19.207924"><ele>139</ele></trkpt>
      <trkpt lat="47.519399" lon="19.208014"><ele>140</ele></trkpt>
      <trkpt lat="47.519341" lon="19.208126"><ele>140</ele></trkpt>
      <trkpt lat="47.519289" lon="19.208235"><ele>140</ele></trkpt>
      <trkpt lat="47.519251" lon="19.208365"><ele>140</ele></trkpt>
      <trkpt lat="47.519199" lon="19.208478"><ele>140</ele></trkpt>
      <trkpt lat="47.519141" lon="19.208581"><ele>140</ele></trkpt>
      <trkpt lat="47.519086" lon="19.208695"><ele>140</ele></trkpt>
      <trkpt lat="47.519033" lon="19.208807"><ele>140</ele></trkpt>
      <trkpt lat="47.518972" lon="19.208913"><ele>140</ele></trkpt>
      <trkpt lat="47.518917" lon="19.209027"><ele>140</ele></trkpt>
      <trkpt lat="47.518859" lon="19.209131"><ele>140</ele></trkpt>
      <trkpt lat="47.518791" lon="19.209225"><ele>140</ele></trkpt>
      <trkpt lat="47.518753" lon="19.209345"><ele>140</ele></trkpt>
      <trkpt lat="47.518702" lon="19.209457"><ele>140</ele></trkpt>
      <trkpt lat="47.518636" lon="19.209557"><ele>140</ele></trkpt>
      <trkpt lat="47.518585" lon="19.209674"><ele>140</ele></trkpt>
      <trkpt lat="47.518529" lon="19.209781"><ele>140</ele></trkpt>
      <trkpt lat="47.518478" lon="19.209896"><ele>140</ele></trkpt>
      <trkpt lat="47.518414" lon="19.210005"><ele>140</ele></trkpt>
      <trkpt lat="47.518366" lon="19.210131"><ele>141</ele></trkpt>
      <trkpt lat="47.518302" lon="19.210236"><ele>141</ele></trkpt>
      <trkpt lat="47.518246" lon="19.210346"><ele>141</ele></trkpt>
      <trkpt lat="47.518193" lon="19.210454"><ele>141</ele></trkpt>
      <trkpt lat="47.518136" lon="19.210563"><ele>141</ele></trkpt>
      <trkpt lat="47.518083" lon="19.210677"><ele>141</ele></trkpt>
      <trkpt lat="47.518026" lon="19.21078"><ele>141</ele></trkpt>
      <trkpt lat="47.517975" lon="19.210893"><ele>141</ele></trkpt>
      <trkpt lat="47.517914" lon="19.211003"><ele>141</ele></trkpt>
      <trkpt lat="47.517859" lon="19.21111"><ele>141</ele></trkpt>
      <trkpt lat="47.517807" lon="19.211221"><ele>141</ele></trkpt>
      <trkpt lat="47.517755" lon="19.211345"><ele>141</ele></trkpt>
      <trkpt lat="47.517687" lon="19.21144"><ele>142</ele></trkpt>
      <trkpt lat="47.517641" lon="19.211558"><ele>141</ele></trkpt>
      <trkpt lat="47.517605" lon="19.211684"><ele>141</ele></trkpt>
      <trkpt lat="47.517557" lon="19.211801"><ele>141</ele></trkpt>
      <trkpt lat="47.517523" lon="19.211926"><ele>141</ele></trkpt>
      <trkpt lat="47.517487" lon="19.212057"><ele>140</ele></trkpt>
      <trkpt lat="47.517454" lon="19.212186"><ele>140</ele></trkpt>
      <trkpt lat="47.517393" lon="19.212286"><ele>140</ele></trkpt>
      <trkpt lat="47.517375" lon="19.212416"><ele>140</ele></trkpt>
      <trkpt lat="47.51732" lon="19.212525"><ele>140</ele></trkpt>
      <trkpt lat="47.517269" lon="19.212643"><ele>140</ele></trkpt>
      <trkpt lat="47.517202" lon="19.212758"><ele>139</ele></trkpt>
      <trkpt lat="47.517155" lon="19.212876"><ele>140</ele></trkpt>
      <trkpt lat="47.517111" lon="19.213"><ele>142</ele></trkpt>
      <trkpt lat="47.517057" lon="19.213115"><ele>142</ele></trkpt>
      <trkpt lat="47.517021" lon="19.213245"><ele>142</ele></trkpt>
      <trkpt lat="47.516997" lon="19.213378"><ele>142</ele></trkpt>
      <trkpt lat="47.516959" lon="19.213507"><ele>142</ele></trkpt>
      <trkpt lat="47.516938" lon="19.213641"><ele>142</ele></trkpt>
      <trkpt lat="47.516908" lon="19.213775"><ele>142</ele></trkpt>
      <trkpt lat="47.516874" lon="19.2139"><ele>142</ele></trkpt>
      <trkpt lat="47.516824" lon="19.214014"><ele>142</ele></trkpt>
      <trkpt lat="47.516792" lon="19.214144"><ele>142</ele></trkpt>
      <trkpt lat="47.516764" lon="19.214271"><ele>142</ele></trkpt>
      <trkpt lat="47.516742" lon="19.2144"><ele>142</ele></trkpt>
      <trkpt lat="47.516714" lon="19.214531"><ele>142</ele></trkpt>
      <trkpt lat="47.516678" lon="19.214668"><ele>142</ele></trkpt>
      <trkpt lat="47.51666" lon="19.214808"><ele>141</ele></trkpt>
      <trkpt lat="47.516641" lon="19.21494"><ele>142</ele></trkpt>
      <trkpt lat="47.516596" lon="19.215064"><ele>142</ele></trkpt>
      <trkpt lat="47.516562" lon="19.215194"><ele>142</ele></trkpt>
      <trkpt lat="47.516522" lon="19.215319"><ele>142</ele></trkpt>
      <trkpt lat="47.516489" lon="19.215445"><ele>142</ele></trkpt>
      <trkpt lat="47.516456" lon="19.215571"><ele>142</ele></trkpt>
      <trkpt lat="47.516437" lon="19.215705"><ele>142</ele></trkpt>
      <trkpt lat="47.516389" lon="19.215823"><ele>142</ele></trkpt>
      <trkpt lat="47.516367" lon="19.215958"><ele>142</ele></trkpt>
      <trkpt lat="47.516342" lon="19.216086"><ele>142</ele></trkpt>
      <trkpt lat="47.51631" lon="19.216216"><ele>142</ele></trkpt>
      <trkpt lat="47.51628" lon="19.216347"><ele>141</ele></trkpt>
      <trkpt lat="47.516253" lon="19.216476"><ele>141</ele></trkpt>
      <trkpt lat="47.516221" lon="19.216605"><ele>142</ele></trkpt>
      <trkpt lat="47.51619" lon="19.216731"><ele>141</ele></trkpt>
      <trkpt lat="47.516169" lon="19.216865"><ele>142</ele></trkpt>
      <trkpt lat="47.516133" lon="19.216988"><ele>141</ele></trkpt>
      <trkpt lat="47.516103" lon="19.21712"><ele>141</ele></trkpt>
      <trkpt lat="47.516075" lon="19.217246"><ele>141</ele></trkpt>
      <trkpt lat="47.516045" lon="19.217373"><ele>141</ele></trkpt>
      <trkpt lat="47.516009" lon="19.217501"><ele>141</ele></trkpt>
      <trkpt lat="47.51598" lon="19.217632"><ele>141</ele></trkpt>
      <trkpt lat="47.515948" lon="19.217758"><ele>141</ele></trkpt>
      <trkpt lat="47.515934" lon="19.217895"><ele>141</ele></trkpt>
      <trkpt lat="47.515891" lon="19.218018"><ele>142</ele></trkpt>
      <trkpt lat="47.515862" lon="19.218163"><ele>142</ele></trkpt>
      <trkpt lat="47.515823" lon="19.218285"><ele>142</ele></trkpt>
      <trkpt lat="47.515786" lon="19.21841"><ele>142</ele></trkpt>
      <trkpt lat="47.515763" lon="19.218539"><ele>142</ele></trkpt>
      <trkpt lat="47.515724" lon="19.218666"><ele>142</ele></trkpt>
      <trkpt lat="47.515697" lon="19.218796"><ele>142</ele></trkpt>
      <trkpt lat="47.515661" lon="19.218926"><ele>142</ele></trkpt>
      <trkpt lat="47.515645" lon="19.219063"><ele>143</ele></trkpt>
      <trkpt lat="47.515606" lon="19.219189"><ele>143</ele></trkpt>
      <trkpt lat="47.515572" lon="19.219318"><ele>144</ele></trkpt>
      <trkpt lat="47.515539" lon="19.219455"><ele>143</ele></trkpt>
      <trkpt lat="47.515501" lon="19.219582"><ele>143</ele></trkpt>
      <trkpt lat="47.515465" lon="19.219717"><ele>145</ele></trkpt>
      <trkpt lat="47.515433" lon="19.219847"><ele>144</ele></trkpt>
      <trkpt lat="47.515417" lon="19.21998"><ele>144</ele></trkpt>
      <trkpt lat="47.515389" lon="19.220108"><ele>144</ele></trkpt>
      <trkpt lat="47.515351" lon="19.220243"><ele>144</ele></trkpt>
      <trkpt lat="47.515312" lon="19.220372"><ele>144</ele></trkpt>
      <trkpt lat="47.515276" lon="19.220502"><ele>145</ele></trkpt>
      <trkpt lat="47.51524" lon="19.220624"><ele>145</ele></trkpt>
      <trkpt lat="47.515201" lon="19.220743"><ele>145</ele></trkpt>
      <trkpt lat="47.515175" lon="19.220875"><ele>144</ele></trkpt>
      <trkpt lat="47.515168" lon="19.221009"><ele>145</ele></trkpt>
      <trkpt lat="47.515142" lon="19.22114"><ele>145</ele></trkpt>
      <trkpt lat="47.515135" lon="19.221286"><ele>145</ele></trkpt>
      <trkpt lat="47.51513" lon="19.221423"><ele>145</ele></trkpt>
      <trkpt lat="47.515103" lon="19.221555"><ele>145</ele></trkpt>
      <trkpt lat="47.515049" lon="19.221665"><ele>145</ele></trkpt>
      <trkpt lat="47.514996" lon="19.221779"><ele>144</ele></trkpt>
      <trkpt lat="47.51496" lon="19.221911"><ele>146</ele></trkpt>
      <trkpt lat="47.514936" lon="19.222048"><ele>146</ele></trkpt>
      <trkpt lat="47.514923" lon="19.222186"><ele>146</ele></trkpt>
      <trkpt lat="47.5149" lon="19.222323"><ele>146</ele></trkpt>
      <trkpt lat="47.514855" lon="19.222447"><ele>146</ele></trkpt>
      <trkpt lat="47.51483" lon="19.222575"><ele>146</ele></trkpt>
      <trkpt lat="47.514799" lon="19.222701"><ele>146</ele></trkpt>
      <trkpt lat="47.514787" lon="19.222837"><ele>146</ele></trkpt>
      <trkpt lat="47.514753" lon="19.222971"><ele>145</ele></trkpt>
      <trkpt lat="47.514722" lon="19.223098"><ele>146</ele></trkpt>
      <trkpt lat="47.514696" lon="19.223234"><ele>146</ele></trkpt>
      <trkpt lat="47.514678" lon="19.223372"><ele>146</ele></trkpt>
      <trkpt lat="47.514646" lon="19.223503"><ele>146</ele></trkpt>
      <trkpt lat="47.514631" lon="19.223636"><ele>146</ele></trkpt>
      <trkpt lat="47.514601" lon="19.223786"><ele>146</ele></trkpt>
      <trkpt lat="47.514569" lon="19.22391"><ele>146</ele></trkpt>
      <trkpt lat="47.514549" lon="19.224045"><ele>146</ele></trkpt>
      <trkpt lat="47.514529" lon="19.224175"><ele>146</ele></trkpt>
      <trkpt lat="47.514495" lon="19.224315"><ele>146</ele></trkpt>
      <trkpt lat="47.51449" lon="19.22446"><ele>146</ele></trkpt>
      <trkpt lat="47.514452" lon="19.22458"><ele>146</ele></trkpt>
      <trkpt lat="47.514409" lon="19.224709"><ele>147</ele></trkpt>
      <trkpt lat="47.514368" lon="19.224832"><ele>147</ele></trkpt>
      <trkpt lat="47.514338" lon="19.224966"><ele>147</ele></trkpt>
      <trkpt lat="47.514315" lon="19.225094"><ele>147</ele></trkpt>
      <trkpt lat="47.514289" lon="19.225229"><ele>147</ele></trkpt>
      <trkpt lat="47.514248" lon="19.225359"><ele>147</ele></trkpt>
      <trkpt lat="47.514234" lon="19.225498"><ele>147</ele></trkpt>
      <trkpt lat="47.514218" lon="19.225638"><ele>147</ele></trkpt>
      <trkpt lat="47.514191" lon="19.225771"><ele>147</ele></trkpt>
      <trkpt lat="47.514158" lon="19.225895"><ele>147</ele></trkpt>
      <trkpt lat="47.514159" lon="19.226031"><ele>147</ele></trkpt>
      <trkpt lat="47.514111" lon="19.226152"><ele>147</ele></trkpt>
      <trkpt lat="47.514177" lon="19.226247"><ele>147</ele></trkpt>
      <trkpt lat="47.514077" lon="19.226336"><ele>147</ele></trkpt>
      <trkpt lat="47.514037" lon="19.226462"><ele>147</ele></trkpt>
      <trkpt lat="47.514018" lon="19.226593"><ele>147</ele></trkpt>
      <trkpt lat="47.513971" lon="19.226713"><ele>147</ele></trkpt>
      <trkpt lat="47.513957" lon="19.226844"><ele>147</ele></trkpt>
      <trkpt lat="47.513931" lon="19.226979"><ele>147</ele></trkpt>
      <trkpt lat="47.513896" lon="19.227107"><ele>147</ele></trkpt>
      <trkpt lat="47.513879" lon="19.227241"><ele>147</ele></trkpt>
      <trkpt lat="47.513844" lon="19.22737"><ele>147</ele></trkpt>
      <trkpt lat="47.513816" lon="19.227498"><ele>147</ele></trkpt>
      <trkpt lat="47.513794" lon="19.227629"><ele>148</ele></trkpt>
      <trkpt lat="47.513758" lon="19.227755"><ele>148</ele></trkpt>
      <trkpt lat="47.513743" lon="19.227893"><ele>148</ele></trkpt>
      <trkpt lat="47.513695" lon="19.228012"><ele>148</ele></trkpt>
      <trkpt lat="47.51367" lon="19.228144"><ele>148</ele></trkpt>
      <trkpt lat="47.51365" lon="19.228278"><ele>148</ele></trkpt>
      <trkpt lat="47.513621" lon="19.228412"><ele>148</ele></trkpt>
      <trkpt lat="47.513591" lon="19.228543"><ele>148</ele></trkpt>
      <trkpt lat="47.513562" lon="19.228673"><ele>148</ele></trkpt>
      <trkpt lat="47.513517" lon="19.228798"><ele>148</ele></trkpt>
      <trkpt lat="47.513505" lon="19.228932"><ele>149</ele></trkpt>
      <trkpt lat="47.513465" lon="19.229057"><ele>148</ele></trkpt>
      <trkpt lat="47.513438" lon="19.229195"><ele>148</ele></trkpt>
      <trkpt lat="47.513407" lon="19.229318"><ele>149</ele></trkpt>
      <trkpt lat="47.513382" lon="19.229452"><ele>149</ele></trkpt>
      <trkpt lat="47.513344" lon="19.229575"><ele>149</ele></trkpt>
      <trkpt lat="47.513323" lon="19.229707"><ele>149</ele></trkpt>
      <trkpt lat="47.513286" lon="19.229836"><ele>149</ele></trkpt>
      <trkpt lat="47.513258" lon="19.229973"><ele>149</ele></trkpt>
      <trkpt lat="47.513236" lon="19.230112"><ele>149</ele></trkpt>
      <trkpt lat="47.513189" lon="19.230229"><ele>149</ele></trkpt>
      <trkpt lat="47.513163" lon="19.230363"><ele>149</ele></trkpt>
      <trkpt lat="47.513141" lon="19.230494"><ele>149</ele></trkpt>
      <trkpt lat="47.513112" lon="19.230621"><ele>149</ele></trkpt>
      <trkpt lat="47.513083" lon="19.230753"><ele>149</ele></trkpt>
      <trkpt lat="47.513049" lon="19.230881"><ele>149</ele></trkpt>
      <trkpt lat="47.513036" lon="19.23102"><ele>149</ele></trkpt>
      <trkpt lat="47.513007" lon="19.231154"><ele>149</ele></trkpt>
      <trkpt lat="47.512987" lon="19.231284"><ele>149</ele></trkpt>
      <trkpt lat="47.512952" lon="19.231412"><ele>149</ele></trkpt>
      <trkpt lat="47.512888" lon="19.231507"><ele>149</ele></trkpt>
      <trkpt lat="47.512905" lon="19.231638"><ele>149</ele></trkpt>
      <trkpt lat="47.512883" lon="19.231771"><ele>149</ele></trkpt>
      <trkpt lat="47.512846" lon="19.231897"><ele>149</ele></trkpt>
      <trkpt lat="47.512811" lon="19.232023"><ele>149</ele></trkpt>
      <trkpt lat="47.512798" lon="19.23216"><ele>149</ele></trkpt>
      <trkpt lat="47.512757" lon="19.232284"><ele>149</ele></trkpt>
      <trkpt lat="47.512715" lon="19.232406"><ele>149</ele></trkpt>
      <trkpt lat="47.512691" lon="19.232545"><ele>150</ele></trkpt>
      <trkpt lat="47.512668" lon="19.232682"><ele>149</ele></trkpt>
      <trkpt lat="47.512632" lon="19.232811"><ele>149</ele></trkpt>
      <trkpt lat="47.512609" lon="19.232943"><ele>149</ele></trkpt>
      <trkpt lat="47.512593" lon="19.23308"><ele>149</ele></trkpt>
      <trkpt lat="47.512567" lon="19.233214"><ele>149</ele></trkpt>
      <trkpt lat="47.512522" lon="19.233332"><ele>148</ele></trkpt>
      <trkpt lat="47.512498" lon="19.233469"><ele>149</ele></trkpt>
      <trkpt lat="47.512476" lon="19.233599"><ele>149</ele></trkpt>
      <trkpt lat="47.512443" lon="19.233729"><ele>148</ele></trkpt>
      <trkpt lat="47.512422" lon="19.233865"><ele>148</ele></trkpt>
      <trkpt lat="47.512394" lon="19.234001"><ele>148</ele></trkpt>
      <trkpt lat="47.512372" lon="19.234138"><ele>148</ele></trkpt>
      <trkpt lat="47.512354" lon="19.234278"><ele>147</ele></trkpt>
      <trkpt lat="47.512319" lon="19.2344"><ele>148</ele></trkpt>
      <trkpt lat="47.5123" lon="19.234531"><ele>148</ele></trkpt>
      <trkpt lat="47.512298" lon="19.234671"><ele>148</ele></trkpt>
      <trkpt lat="47.512264" lon="19.234795"><ele>148</ele></trkpt>
      <trkpt lat="47.512249" lon="19.234927"><ele>148</ele></trkpt>
      <trkpt lat="47.512231" lon="19.235065"><ele>149</ele></trkpt>
      <trkpt lat="47.51221" lon="19.235202"><ele>149</ele></trkpt>
      <trkpt lat="47.512182" lon="19.235332"><ele>149</ele></trkpt>
      <trkpt lat="47.512168" lon="19.235463"><ele>149</ele></trkpt>
      <trkpt lat="47.512154" lon="19.235603"><ele>149</ele></trkpt>
      <trkpt lat="47.512129" lon="19.235741"><ele>148</ele></trkpt>
      <trkpt lat="47.512113" lon="19.235872"><ele>149</ele></trkpt>
      <trkpt lat="47.512107" lon="19.23601"><ele>149</ele></trkpt>
      <trkpt lat="47.512085" lon="19.236141"><ele>150</ele></trkpt>
      <trkpt lat="47.512051" lon="19.236264"><ele>150</ele></trkpt>
      <trkpt lat="47.51204" lon="19.236406"><ele>149</ele></trkpt>
      <trkpt lat="47.511978" lon="19.236664"><ele>149</ele></trkpt>
      <trkpt lat="47.511948" lon="19.236788"><ele>148</ele></trkpt>
      <trkpt lat="47.511883" lon="19.236885"><ele>148</ele></trkpt>
      <trkpt lat="47.511852" lon="19.237011"><ele>149</ele></trkpt>
      <trkpt lat="47.511813" lon="19.237134"><ele>149</ele></trkpt>
      <trkpt lat="47.511766" lon="19.23726"><ele>147</ele></trkpt>
      <trkpt lat="47.511765" lon="19.237393"><ele>149</ele></trkpt>
      <trkpt lat="47.511739" lon="19.237527"><ele>149</ele></trkpt>
      <trkpt lat="47.5117" lon="19.237655"><ele>148</ele></trkpt>
      <trkpt lat="47.511676" lon="19.237787"><ele>149</ele></trkpt>
      <trkpt lat="47.511667" lon="19.237931"><ele>149</ele></trkpt>
      <trkpt lat="47.511652" lon="19.238064"><ele>147</ele></trkpt>
      <trkpt lat="47.511614" lon="19.238196"><ele>148</ele></trkpt>
      <trkpt lat="47.511588" lon="19.238327"><ele>148</ele></trkpt>
      <trkpt lat="47.511571" lon="19.238459"><ele>148</ele></trkpt>
      <trkpt lat="47.511555" lon="19.238593"><ele>148</ele></trkpt>
      <trkpt lat="47.511522" lon="19.238722"><ele>148</ele></trkpt>
      <trkpt lat="47.511508" lon="19.23886"><ele>148</ele></trkpt>
      <trkpt lat="47.51151" lon="19.239"><ele>148</ele></trkpt>
      <trkpt lat="47.511472" lon="19.239134"><ele>148</ele></trkpt>
      <trkpt lat="47.511462" lon="19.239271"><ele>148</ele></trkpt>
      <trkpt lat="47.511454" lon="19.23941"><ele>148</ele></trkpt>
      <trkpt lat="47.511415" lon="19.239534"><ele>148</ele></trkpt>
      <trkpt lat="47.511409" lon="19.239676"><ele>148</ele></trkpt>
      <trkpt lat="47.511389" lon="19.239806"><ele>148</ele></trkpt>
      <trkpt lat="47.511362" lon="19.239936"><ele>149</ele></trkpt>
      <trkpt lat="47.51134" lon="19.24007"><ele>149</ele></trkpt>
      <trkpt lat="47.511309" lon="19.240203"><ele>148</ele></trkpt>
      <trkpt lat="47.5113" lon="19.240341"><ele>149</ele></trkpt>
      <trkpt lat="47.511307" lon="19.240475"><ele>149</ele></trkpt>
      <trkpt lat="47.511286" lon="19.240618"><ele>148</ele></trkpt>
      <trkpt lat="47.511232" lon="19.24073"><ele>149</ele></trkpt>
      <trkpt lat="47.511213" lon="19.240865"><ele>149</ele></trkpt>
      <trkpt lat="47.511172" lon="19.240991"><ele>149</ele></trkpt>
      <trkpt lat="47.511167" lon="19.241131"><ele>149</ele></trkpt>
      <trkpt lat="47.511144" lon="19.24126"><ele>149</ele></trkpt>
      <trkpt lat="47.511127" lon="19.241398"><ele>149</ele></trkpt>
      <trkpt lat="47.511107" lon="19.241526"><ele>149</ele></trkpt>
      <trkpt lat="47.511116" lon="19.241771"><ele>150</ele></trkpt>
      <trkpt lat="47.511179" lon="19.241867"><ele>149</ele></trkpt>
      <trkpt lat="47.511149" lon="19.242011"><ele>149</ele></trkpt>
      <trkpt lat="47.51112" lon="19.242139"><ele>149</ele></trkpt>
      <trkpt lat="47.511107" lon="19.242276"><ele>149</ele></trkpt>
      <trkpt lat="47.511096" lon="19.242418"><ele>149</ele></trkpt>
      <trkpt lat="47.511079" lon="19.24255"><ele>149</ele></trkpt>
      <trkpt lat="47.511068" lon="19.242682"><ele>150</ele></trkpt>
      <trkpt lat="47.511052" lon="19.242823"><ele>150</ele></trkpt>
      <trkpt lat="47.511054" lon="19.242965"><ele>150</ele></trkpt>
      <trkpt lat="47.51102" lon="19.243094"><ele>150</ele></trkpt>
      <trkpt lat="47.510977" lon="19.243218"><ele>150</ele></trkpt>
      <trkpt lat="47.510989" lon="19.243356"><ele>150</ele></trkpt>
      <trkpt lat="47.510948" lon="19.24348"><ele>150</ele></trkpt>
      <trkpt lat="47.510923" lon="19.243612"><ele>150</ele></trkpt>
      <trkpt lat="47.510948" lon="19.243745"><ele>151</ele></trkpt>
      <trkpt lat="47.510861" lon="19.24379"><ele>150</ele></trkpt>
      <trkpt lat="47.510837" lon="19.243922"><ele>150</ele></trkpt>
      <trkpt lat="47.510877" lon="19.244048"><ele>150</ele></trkpt>
      <trkpt lat="47.510835" lon="19.244167"><ele>151</ele></trkpt>
      <trkpt lat="47.510788" lon="19.244282"><ele>150</ele></trkpt>
      <trkpt lat="47.510762" lon="19.244419"><ele>151</ele></trkpt>
      <trkpt lat="47.510717" lon="19.244545"><ele>150</ele></trkpt>
      <trkpt lat="47.510706" lon="19.244678"><ele>151</ele></trkpt>
      <trkpt lat="47.51061" lon="19.244714"><ele>155</ele></trkpt>
      <trkpt lat="47.510521" lon="19.244662"><ele>154</ele></trkpt>
      <trkpt lat="47.510442" lon="19.244598"><ele>154</ele></trkpt>
      <trkpt lat="47.510351" lon="19.244561"><ele>154</ele></trkpt>
      <trkpt lat="47.510263" lon="19.244508"><ele>154</ele></trkpt>
      <trkpt lat="47.510168" lon="19.244466"><ele>154</ele></trkpt>
      <trkpt lat="47.510077" lon="19.244419"><ele>155</ele></trkpt>
      <trkpt lat="47.51" lon="19.244328"><ele>154</ele></trkpt>
      <trkpt lat="47.509909" lon="19.244315"><ele>154</ele></trkpt>
      <trkpt lat="47.509824" lon="19.244258"><ele>154</ele></trkpt>
      <trkpt lat="47.509734" lon="19.244227"><ele>154</ele></trkpt>
      <trkpt lat="47.509647" lon="19.244167"><ele>154</ele></trkpt>
      <trkpt lat="47.509561" lon="19.244119"><ele>154</ele></trkpt>
      <trkpt lat="47.509472" lon="19.244088"><ele>154</ele></trkpt>
      <trkpt lat="47.509389" lon="19.244028"><ele>154</ele></trkpt>
      <trkpt lat="47.509303" lon="19.243969"><ele>154</ele></trkpt>
      <trkpt lat="47.509214" lon="19.243922"><ele>154</ele></trkpt>
      <trkpt lat="47.509127" lon="19.243867"><ele>154</ele></trkpt>
      <trkpt lat="47.509043" lon="19.243817"><ele>154</ele></trkpt>
      <trkpt lat="47.508965" lon="19.243745"><ele>154</ele></trkpt>
      <trkpt lat="47.508875" lon="19.243703"><ele>154</ele></trkpt>
      <trkpt lat="47.508786" lon="19.243651"><ele>154</ele></trkpt>
      <trkpt lat="47.508709" lon="19.243572"><ele>154</ele></trkpt>
      <trkpt lat="47.508656" lon="19.243456"><ele>154</ele></trkpt>
      <trkpt lat="47.50857" lon="19.243502"><ele>154</ele></trkpt>
      <trkpt lat="47.508483" lon="19.243554"><ele>154</ele></trkpt>
      <trkpt lat="47.50836" lon="19.243589"><ele>154</ele></trkpt>
      <trkpt lat="47.508272" lon="19.243558"><ele>154</ele></trkpt>
      <trkpt lat="47.508183" lon="19.243611"><ele>154</ele></trkpt>
      <trkpt lat="47.508116" lon="19.243712"><ele>154</ele></trkpt>
      <trkpt lat="47.508041" lon="19.243961"><ele>153</ele></trkpt>
      <trkpt lat="47.508001" lon="19.244162"><ele>153</ele></trkpt>
      <trkpt lat="47.50795" lon="19.24428"><ele>153</ele></trkpt>
      <trkpt lat="47.507851" lon="19.244319"><ele>154</ele></trkpt>
      <trkpt lat="47.507764" lon="19.244282"><ele>155</ele></trkpt>
      <trkpt lat="47.507674" lon="19.244284"><ele>156</ele></trkpt>
      <trkpt lat="47.507591" lon="19.244337"><ele>158</ele></trkpt>
      <trkpt lat="47.5075" lon="19.244376"><ele>159</ele></trkpt>
      <trkpt lat="47.507405" lon="19.244412"><ele>159</ele></trkpt>
      <trkpt lat="47.50731" lon="19.244418"><ele>161</ele></trkpt>
      <trkpt lat="47.507222" lon="19.244458"><ele>161</ele></trkpt>
      <trkpt lat="47.507135" lon="19.244516"><ele>162</ele></trkpt>
      <trkpt lat="47.507047" lon="19.244462"><ele>163</ele></trkpt>
      <trkpt lat="47.506959" lon="19.244404"><ele>164</ele></trkpt>
      <trkpt lat="47.506875" lon="19.244351"><ele>165</ele></trkpt>
      <trkpt lat="47.506778" lon="19.244351"><ele>167</ele></trkpt>
      <trkpt lat="47.506602" lon="19.244418"><ele>169</ele></trkpt>
      <trkpt lat="47.506465" lon="19.244438"><ele>172</ele></trkpt>
      <trkpt lat="47.506278" lon="19.244402"><ele>173</ele></trkpt>
      <trkpt lat="47.506204" lon="19.244317"><ele>173</ele></trkpt>
      <trkpt lat="47.506158" lon="19.244203"><ele>174</ele></trkpt>
      <trkpt lat="47.506116" lon="19.244085"><ele>176</ele></trkpt>
      <trkpt lat="47.506156" lon="19.243966"><ele>177</ele></trkpt>
      <trkpt lat="47.506071" lon="19.243914"><ele>173</ele></trkpt>
      <trkpt lat="47.506007" lon="19.24401"><ele>174</ele></trkpt>
      <trkpt lat="47.505968" lon="19.244134"><ele>174</ele></trkpt>
      <trkpt lat="47.505944" lon="19.244269"><ele>173</ele></trkpt>
      <trkpt lat="47.50592" lon="19.244404"><ele>173</ele></trkpt>
      <trkpt lat="47.505903" lon="19.24454"><ele>172</ele></trkpt>
      <trkpt lat="47.505903" lon="19.244678"><ele>172</ele></trkpt>
      <trkpt lat="47.505938" lon="19.244808"><ele>171</ele></trkpt>
      <trkpt lat="47.50593" lon="19.244942"><ele>170</ele></trkpt>
      <trkpt lat="47.505911" lon="19.245074"><ele>169</ele></trkpt>
      <trkpt lat="47.505897" lon="19.245214"><ele>169</ele></trkpt>
      <trkpt lat="47.505833" lon="19.245308"><ele>169</ele></trkpt>
      <trkpt lat="47.505802" lon="19.24544"><ele>169</ele></trkpt>
      <trkpt lat="47.505732" lon="19.24553"><ele>168</ele></trkpt>
      <trkpt lat="47.505685" lon="19.245656"><ele>168</ele></trkpt>
      <trkpt lat="47.505643" lon="19.245775"><ele>169</ele></trkpt>
      <trkpt lat="47.505551" lon="19.245754"><ele>169</ele></trkpt>
      <trkpt lat="47.505461" lon="19.245803"><ele>169</ele></trkpt>
      <trkpt lat="47.505368" lon="19.245822"><ele>170</ele></trkpt>
      <trkpt lat="47.505287" lon="19.245898"><ele>172</ele></trkpt>
      <trkpt lat="47.505198" lon="19.245955"><ele>172</ele></trkpt>
      <trkpt lat="47.505108" lon="19.245983"><ele>173</ele></trkpt>
      <trkpt lat="47.505031" lon="19.246051"><ele>173</ele></trkpt>
      <trkpt lat="47.504939" lon="19.246094"><ele>173</ele></trkpt>
      <trkpt lat="47.504845" lon="19.24612"><ele>174</ele></trkpt>
      <trkpt lat="47.504761" lon="19.246175"><ele>174</ele></trkpt>
      <trkpt lat="47.504671" lon="19.246215"><ele>174</ele></trkpt>
      <trkpt lat="47.504584" lon="19.246279"><ele>174</ele></trkpt>
      <trkpt lat="47.504487" lon="19.246306"><ele>174</ele></trkpt>
      <trkpt lat="47.504396" lon="19.246309"><ele>175</ele></trkpt>
      <trkpt lat="47.50433" lon="19.246407"><ele>175</ele></trkpt>
      <trkpt lat="47.504236" lon="19.246443"><ele>175</ele></trkpt>
      <trkpt lat="47.504141" lon="19.24647"><ele>175</ele></trkpt>
      <trkpt lat="47.504048" lon="19.24651"><ele>175</ele></trkpt>
      <trkpt lat="47.50396" lon="19.246562"><ele>175</ele></trkpt>
      <trkpt lat="47.50387" lon="19.24658"><ele>175</ele></trkpt>
      <trkpt lat="47.503778" lon="19.246604"><ele>176</ele></trkpt>
      <trkpt lat="47.503709" lon="19.246704"><ele>176</ele></trkpt>
      <trkpt lat="47.503641" lon="19.2468"><ele>177</ele></trkpt>
      <trkpt lat="47.50354" lon="19.246814"><ele>176</ele></trkpt>
      <trkpt lat="47.503452" lon="19.246776"><ele>176</ele></trkpt>
      <trkpt lat="47.503372" lon="19.246839"><ele>176</ele></trkpt>
      <trkpt lat="47.503289" lon="19.246914"><ele>177</ele></trkpt>
      <trkpt lat="47.503191" lon="19.246946"><ele>177</ele></trkpt>
      <trkpt lat="47.503112" lon="19.247025"><ele>177</ele></trkpt>
      <trkpt lat="47.503036" lon="19.2471"><ele>178</ele></trkpt>
      <trkpt lat="47.502941" lon="19.247136"><ele>178</ele></trkpt>
      <trkpt lat="47.502846" lon="19.247112"><ele>178</ele></trkpt>
      <trkpt lat="47.502786" lon="19.247002"><ele>178</ele></trkpt>
      <trkpt lat="47.50273" lon="19.246896"><ele>179</ele></trkpt>
      <trkpt lat="47.502673" lon="19.246789"><ele>179</ele></trkpt>
      <trkpt lat="47.502608" lon="19.24669"><ele>179</ele></trkpt>
      <trkpt lat="47.50253" lon="19.246608"><ele>179</ele></trkpt>
      <trkpt lat="47.502487" lon="19.246484"><ele>179</ele></trkpt>
      <trkpt lat="47.502441" lon="19.246366"><ele>179</ele></trkpt>
      <trkpt lat="47.502384" lon="19.246262"><ele>178</ele></trkpt>
      <trkpt lat="47.502322" lon="19.24616"><ele>178</ele></trkpt>
      <trkpt lat="47.502266" lon="19.246045"><ele>177</ele></trkpt>
      <trkpt lat="47.502208" lon="19.245941"><ele>177</ele></trkpt>
      <trkpt lat="47.502113" lon="19.245882"><ele>176</ele></trkpt>
      <trkpt lat="47.50204" lon="19.245802"><ele>175</ele></trkpt>
      <trkpt lat="47.501993" lon="19.245684"><ele>175</ele></trkpt>
      <trkpt lat="47.501939" lon="19.245569"><ele>174</ele></trkpt>
      <trkpt lat="47.501885" lon="19.245463"><ele>174</ele></trkpt>
      <trkpt lat="47.501826" lon="19.245355"><ele>174</ele></trkpt>
      <trkpt lat="47.50177" lon="19.245247"><ele>175</ele></trkpt>
      <trkpt lat="47.501706" lon="19.245131"><ele>174</ele></trkpt>
      <trkpt lat="47.501655" lon="19.245012"><ele>174</ele></trkpt>
      <trkpt lat="47.501594" lon="19.244901"><ele>174</ele></trkpt>
      <trkpt lat="47.501534" lon="19.244781"><ele>173</ele></trkpt>
      <trkpt lat="47.501489" lon="19.244657"><ele>173</ele></trkpt>
      <trkpt lat="47.501424" lon="19.244544"><ele>172</ele></trkpt>
      <trkpt lat="47.501364" lon="19.24443"><ele>172</ele></trkpt>
      <trkpt lat="47.501305" lon="19.244313"><ele>172</ele></trkpt>
      <trkpt lat="47.501252" lon="19.244197"><ele>172</ele></trkpt>
      <trkpt lat="47.501195" lon="19.244085"><ele>171</ele></trkpt>
      <trkpt lat="47.501149" lon="19.243969"><ele>171</ele></trkpt>
      <trkpt lat="47.501087" lon="19.243868"><ele>171</ele></trkpt>
      <trkpt lat="47.50103" lon="19.243761"><ele>171</ele></trkpt>
      <trkpt lat="47.500978" lon="19.243649"><ele>170</ele></trkpt>
      <trkpt lat="47.500916" lon="19.243553"><ele>170</ele></trkpt>
      <trkpt lat="47.500826" lon="19.243518"><ele>170</ele></trkpt>
      <trkpt lat="47.50075" lon="19.243597"><ele>170</ele></trkpt>
      <trkpt lat="47.500714" lon="19.243724"><ele>170</ele></trkpt>
      <trkpt lat="47.500651" lon="19.243834"><ele>170</ele></trkpt>
      <trkpt lat="47.5006" lon="19.243955"><ele>170</ele></trkpt>
      <trkpt lat="47.500538" lon="19.244053"><ele>170</ele></trkpt>
      <trkpt lat="47.500477" lon="19.244164"><ele>170</ele></trkpt>
      <trkpt lat="47.500424" lon="19.244277"><ele>170</ele></trkpt>
      <trkpt lat="47.500394" lon="19.244412"><ele>170</ele></trkpt>
      <trkpt lat="47.500331" lon="19.244508"><ele>170</ele></trkpt>
      <trkpt lat="47.500265" lon="19.24461"><ele>170</ele></trkpt>
      <trkpt lat="47.500207" lon="19.244717"><ele>170</ele></trkpt>
      <trkpt lat="47.500169" lon="19.244838"><ele>170</ele></trkpt>
      <trkpt lat="47.500101" lon="19.244936"><ele>170</ele></trkpt>
      <trkpt lat="47.500037" lon="19.245045"><ele>170</ele></trkpt>
      <trkpt lat="47.499967" lon="19.245133"><ele>169</ele></trkpt>
      <trkpt lat="47.499925" lon="19.245252"><ele>169</ele></trkpt>
      <trkpt lat="47.499872" lon="19.245361"><ele>169</ele></trkpt>
      <trkpt lat="47.499801" lon="19.245449"><ele>169</ele></trkpt>
      <trkpt lat="47.499751" lon="19.24556"><ele>169</ele></trkpt>
      <trkpt lat="47.499697" lon="19.245672"><ele>169</ele></trkpt>
      <trkpt lat="47.499657" lon="19.245798"><ele>169</ele></trkpt>
      <trkpt lat="47.4996" lon="19.2459"><ele>170</ele></trkpt>
      <trkpt lat="47.499553" lon="19.246015"><ele>170</ele></trkpt>
      <trkpt lat="47.499489" lon="19.246109"><ele>170</ele></trkpt>
      <trkpt lat="47.49942" lon="19.246197"><ele>170</ele></trkpt>
      <trkpt lat="47.499342" lon="19.246273"><ele>169</ele></trkpt>
      <trkpt lat="47.499291" lon="19.246387"><ele>169</ele></trkpt>
      <trkpt lat="47.499243" lon="19.246505"><ele>170</ele></trkpt>
      <trkpt lat="47.499179" lon="19.246604"><ele>169</ele></trkpt>
      <trkpt lat="47.499121" lon="19.246714"><ele>169</ele></trkpt>
      <trkpt lat="47.499074" lon="19.246833"><ele>169</ele></trkpt>
      <trkpt lat="47.498977" lon="19.246975"><ele>168</ele></trkpt>
      <trkpt lat="47.498838" lon="19.247164"><ele>168</ele></trkpt>
      <trkpt lat="47.498801" lon="19.247292"><ele>167</ele></trkpt>
      <trkpt lat="47.498746" lon="19.2474"><ele>167</ele></trkpt>
      <trkpt lat="47.498695" lon="19.24751"><ele>168</ele></trkpt>
      <trkpt lat="47.498651" lon="19.247632"><ele>167</ele></trkpt>
      <trkpt lat="47.49859" lon="19.247745"><ele>167</ele></trkpt>
      <trkpt lat="47.498523" lon="19.247846"><ele>167</ele></trkpt>
      <trkpt lat="47.498466" lon="19.247964"><ele>167</ele></trkpt>
      <trkpt lat="47.498416" lon="19.248076"><ele>167</ele></trkpt>
      <trkpt lat="47.498355" lon="19.248185"><ele>167</ele></trkpt>
      <trkpt lat="47.498295" lon="19.24829"><ele>167</ele></trkpt>
      <trkpt lat="47.498261" lon="19.248426"><ele>167</ele></trkpt>
      <trkpt lat="47.498188" lon="19.24852"><ele>167</ele></trkpt>
      <trkpt lat="47.498112" lon="19.248598"><ele>166</ele></trkpt>
      <trkpt lat="47.498055" lon="19.248704"><ele>167</ele></trkpt>
      <trkpt lat="47.497998" lon="19.248826"><ele>167</ele></trkpt>
      <trkpt lat="47.497994" lon="19.248971"><ele>166</ele></trkpt>
      <trkpt lat="47.498" lon="19.249113"><ele>167</ele></trkpt>
      <trkpt lat="47.497976" lon="19.249242"><ele>167</ele></trkpt>
      <trkpt lat="47.497939" lon="19.249373"><ele>166</ele></trkpt>
      <trkpt lat="47.497894" lon="19.249489"><ele>166</ele></trkpt>
      <trkpt lat="47.497849" lon="19.249609"><ele>166</ele></trkpt>
      <trkpt lat="47.497797" lon="19.249725"><ele>167</ele></trkpt>
      <trkpt lat="47.497721" lon="19.249816"><ele>167</ele></trkpt>
      <trkpt lat="47.497651" lon="19.249903"><ele>167</ele></trkpt>
      <trkpt lat="47.497589" lon="19.250008"><ele>167</ele></trkpt>
      <trkpt lat="47.497542" lon="19.250127"><ele>167</ele></trkpt>
      <trkpt lat="47.497471" lon="19.250233"><ele>167</ele></trkpt>
      <trkpt lat="47.497417" lon="19.250343"><ele>167</ele></trkpt>
      <trkpt lat="47.497359" lon="19.250445"><ele>167</ele></trkpt>
      <trkpt lat="47.497304" lon="19.250551"><ele>168</ele></trkpt>
      <trkpt lat="47.497237" lon="19.250651"><ele>168</ele></trkpt>
      <trkpt lat="47.49719" lon="19.250777"><ele>167</ele></trkpt>
      <trkpt lat="47.497179" lon="19.250914"><ele>168</ele></trkpt>
      <trkpt lat="47.497114" lon="19.251013"><ele>168</ele></trkpt>
      <trkpt lat="47.497057" lon="19.251125"><ele>168</ele></trkpt>
      <trkpt lat="47.496992" lon="19.251219"><ele>168</ele></trkpt>
      <trkpt lat="47.496932" lon="19.251323"><ele>167</ele></trkpt>
      <trkpt lat="47.496868" lon="19.251426"><ele>168</ele></trkpt>
      <trkpt lat="47.496824" lon="19.251553"><ele>167</ele></trkpt>
      <trkpt lat="47.496772" lon="19.251672"><ele>168</ele></trkpt>
      <trkpt lat="47.496703" lon="19.25176"><ele>168</ele></trkpt>
      <trkpt lat="47.496652" lon="19.251873"><ele>168</ele></trkpt>
      <trkpt lat="47.496574" lon="19.251964"><ele>168</ele></trkpt>
      <trkpt lat="47.496504" lon="19.252053"><ele>168</ele></trkpt>
      <trkpt lat="47.496461" lon="19.252179"><ele>168</ele></trkpt>
      <trkpt lat="47.49641" lon="19.252302"><ele>168</ele></trkpt>
      <trkpt lat="47.49635" lon="19.252411"><ele>168</ele></trkpt>
      <trkpt lat="47.49629" lon="19.25251"><ele>168</ele></trkpt>
      <trkpt lat="47.496226" lon="19.252617"><ele>168</ele></trkpt>
      <trkpt lat="47.49619" lon="19.252541"><ele>161.5</ele></trkpt>
      <trkpt lat="47.496123" lon="19.252611"><ele>161.25</ele></trkpt>
      <trkpt lat="47.496499" lon="19.255141"><ele>168</ele></trkpt>
      <trkpt lat="47.496551" lon="19.25551"><ele>168.5</ele></trkpt>
      <trkpt lat="47.496548" lon="19.255851"><ele>168.75</ele></trkpt>
      <trkpt lat="47.496494" lon="19.256374"><ele>171.25</ele></trkpt>
      <trkpt lat="47.49649" lon="19.256489"><ele>171.75</ele></trkpt>
      <trkpt lat="47.496466" lon="19.256553"><ele>172</ele></trkpt>
      <trkpt lat="47.496056" lon="19.256301"><ele>170</ele></trkpt>
      <trkpt lat="47.495946" lon="19.256167"><ele>169.25</ele></trkpt>
      <trkpt lat="47.495851" lon="19.25619"><ele>169.25</ele></trkpt>
      <trkpt lat="47.495616" lon="19.258108"><ele>170.5</ele></trkpt>
      <trkpt lat="47.495602" lon="19.258104"><ele>168.75</ele></trkpt>
      <trkpt lat="47.495605" lon="19.25809"><ele>174</ele></trkpt>
      <trkpt lat="47.495517" lon="19.258144"><ele>174</ele></trkpt>
      <trkpt lat="47.495418" lon="19.258133"><ele>173</ele></trkpt>
      <trkpt lat="47.495327" lon="19.25809"><ele>173</ele></trkpt>
      <trkpt lat="47.495234" lon="19.25805"><ele>173</ele></trkpt>
      <trkpt lat="47.495143" lon="19.257999"><ele>173</ele></trkpt>
      <trkpt lat="47.495048" lon="19.257976"><ele>173</ele></trkpt>
      <trkpt lat="47.494959" lon="19.257936"><ele>172</ele></trkpt>
      <trkpt lat="47.494865" lon="19.257938"><ele>171</ele></trkpt>
      <trkpt lat="47.494778" lon="19.257896"><ele>171</ele></trkpt>
      <trkpt lat="47.494686" lon="19.257869"><ele>171</ele></trkpt>
      <trkpt lat="47.494588" lon="19.257848"><ele>170</ele></trkpt>
      <trkpt lat="47.494491" lon="19.257817"><ele>171</ele></trkpt>
      <trkpt lat="47.494397" lon="19.257797"><ele>168</ele></trkpt>
      <trkpt lat="47.494306" lon="19.257766"><ele>168</ele></trkpt>
      <trkpt lat="47.494213" lon="19.257773"><ele>168</ele></trkpt>
      <trkpt lat="47.494119" lon="19.25772"><ele>167</ele></trkpt>
      <trkpt lat="47.49403" lon="19.257751"><ele>167</ele></trkpt>
      <trkpt lat="47.493932" lon="19.257704"><ele>166</ele></trkpt>
      <trkpt lat="47.493837" lon="19.257657"><ele>166</ele></trkpt>
      <trkpt lat="47.493748" lon="19.25762"><ele>166</ele></trkpt>
      <trkpt lat="47.493685" lon="19.257732"><ele>165</ele></trkpt>
      <trkpt lat="47.493628" lon="19.257837"><ele>165</ele></trkpt>
      <trkpt lat="47.493536" lon="19.257836"><ele>165</ele></trkpt>
      <trkpt lat="47.493449" lon="19.257805"><ele>165</ele></trkpt>
      <trkpt lat="47.493364" lon="19.25774"><ele>165</ele></trkpt>
      <trkpt lat="47.493267" lon="19.257765"><ele>164</ele></trkpt>
      <trkpt lat="47.493178" lon="19.257736"><ele>164</ele></trkpt>
      <trkpt lat="47.493079" lon="19.257703"><ele>164</ele></trkpt>
      <trkpt lat="47.493058" lon="19.257561"><ele>163</ele></trkpt>
      <trkpt lat="47.492987" lon="19.257475"><ele>162</ele></trkpt>
      <trkpt lat="47.492907" lon="19.257401"><ele>162</ele></trkpt>
      <trkpt lat="47.49282" lon="19.257365"><ele>162</ele></trkpt>
      <trkpt lat="47.492718" lon="19.257357"><ele>162</ele></trkpt>
      <trkpt lat="47.492617" lon="19.257355"><ele>162</ele></trkpt>
      <trkpt lat="47.492529" lon="19.257323"><ele>159</ele></trkpt>
      <trkpt lat="47.492433" lon="19.257279"><ele>159</ele></trkpt>
      <trkpt lat="47.492339" lon="19.257256"><ele>159</ele></trkpt>
      <trkpt lat="47.492244" lon="19.257212"><ele>158</ele></trkpt>
      <trkpt lat="47.492153" lon="19.257201"><ele>158</ele></trkpt>
      <trkpt lat="47.492062" lon="19.257173"><ele>157</ele></trkpt>
      <trkpt lat="47.491968" lon="19.257154"><ele>156</ele></trkpt>
      <trkpt lat="47.491877" lon="19.257125"><ele>156</ele></trkpt>
      <trkpt lat="47.491781" lon="19.257114"><ele>156</ele></trkpt>
      <trkpt lat="47.491688" lon="19.257101"><ele>156</ele></trkpt>
      <trkpt lat="47.491598" lon="19.257073"><ele>155</ele></trkpt>
      <trkpt lat="47.49151" lon="19.257038"><ele>156</ele></trkpt>
      <trkpt lat="47.491414" lon="19.257036"><ele>156</ele></trkpt>
      <trkpt lat="47.49132" lon="19.257008"><ele>155</ele></trkpt>
      <trkpt lat="47.491228" lon="19.256952"><ele>156</ele></trkpt>
      <trkpt lat="47.49114" lon="19.256977"><ele>156</ele></trkpt>
      <trkpt lat="47.491046" lon="19.256952"><ele>154</ele></trkpt>
      <trkpt lat="47.490961" lon="19.256898"><ele>154</ele></trkpt>
      <trkpt lat="47.490872" lon="19.256874"><ele>153</ele></trkpt>
      <trkpt lat="47.490777" lon="19.25685"><ele>153</ele></trkpt>
      <trkpt lat="47.490681" lon="19.256816"><ele>153</ele></trkpt>
      <trkpt lat="47.490586" lon="19.256808"><ele>153</ele></trkpt>
      <trkpt lat="47.490489" lon="19.256799"><ele>153</ele></trkpt>
      <trkpt lat="47.490395" lon="19.256757"><ele>153</ele></trkpt>
      <trkpt lat="47.490298" lon="19.256705"><ele>153</ele></trkpt>
      <trkpt lat="47.490203" lon="19.256689"><ele>151</ele></trkpt>
      <trkpt lat="47.490112" lon="19.25669"><ele>151</ele></trkpt>
      <trkpt lat="47.490019" lon="19.256676"><ele>151</ele></trkpt>
      <trkpt lat="47.489926" lon="19.256672"><ele>151</ele></trkpt>
      <trkpt lat="47.489832" lon="19.25665"><ele>151</ele></trkpt>
      <trkpt lat="47.489756" lon="19.256568"><ele>150</ele></trkpt>
      <trkpt lat="47.489661" lon="19.256568"><ele>151</ele></trkpt>
      <trkpt lat="47.489571" lon="19.25656"><ele>150</ele></trkpt>
      <trkpt lat="47.489481" lon="19.256533"><ele>151</ele></trkpt>
      <trkpt lat="47.489397" lon="19.256484"><ele>151</ele></trkpt>
      <trkpt lat="47.489306" lon="19.25648"><ele>150</ele></trkpt>
      <trkpt lat="47.489205" lon="19.256448"><ele>151</ele></trkpt>
      <trkpt lat="47.489117" lon="19.256402"><ele>148</ele></trkpt>
      <trkpt lat="47.489026" lon="19.256399"><ele>148</ele></trkpt>
      <trkpt lat="47.48893" lon="19.256374"><ele>148</ele></trkpt>
      <trkpt lat="47.488832" lon="19.256356"><ele>148</ele></trkpt>
      <trkpt lat="47.488741" lon="19.256312"><ele>148</ele></trkpt>
      <trkpt lat="47.48865" lon="19.256285"><ele>147</ele></trkpt>
      <trkpt lat="47.488563" lon="19.256344"><ele>146</ele></trkpt>
      <trkpt lat="47.488472" lon="19.256355"><ele>145</ele></trkpt>
      <trkpt lat="47.488382" lon="19.25632"><ele>145</ele></trkpt>
      <trkpt lat="47.488293" lon="19.256272"><ele>145</ele></trkpt>
      <trkpt lat="47.488196" lon="19.256285"><ele>145</ele></trkpt>
      <trkpt lat="47.488122" lon="19.256195"><ele>144</ele></trkpt>
      <trkpt lat="47.48803" lon="19.256166"><ele>144</ele></trkpt>
      <trkpt lat="47.48794" lon="19.256157"><ele>144</ele></trkpt>
      <trkpt lat="47.487849" lon="19.256151"><ele>144</ele></trkpt>
      <trkpt lat="47.487763" lon="19.256099"><ele>144</ele></trkpt>
      <trkpt lat="47.487669" lon="19.256063"><ele>143</ele></trkpt>
      <trkpt lat="47.487575" lon="19.256064"><ele>142</ele></trkpt>
      <trkpt lat="47.487487" lon="19.25604"><ele>142</ele></trkpt>
      <trkpt lat="47.487391" lon="19.256022"><ele>142</ele></trkpt>
      <trkpt lat="47.487292" lon="19.25598"><ele>142</ele></trkpt>
      <trkpt lat="47.487194" lon="19.255955"><ele>141</ele></trkpt>
      <trkpt lat="47.487104" lon="19.255912"><ele>141</ele></trkpt>
      <trkpt lat="47.487015" lon="19.255888"><ele>141</ele></trkpt>
      <trkpt lat="47.486925" lon="19.255864"><ele>141</ele></trkpt>
      <trkpt lat="47.486825" lon="19.255848"><ele>141</ele></trkpt>
      <trkpt lat="47.48674" lon="19.255794"><ele>141</ele></trkpt>
      <trkpt lat="47.486697" lon="19.255933"><ele>140</ele></trkpt>
      <trkpt lat="47.486719" lon="19.256064"><ele>140</ele></trkpt>
      <trkpt lat="47.486705" lon="19.256201"><ele>140</ele></trkpt>
      <trkpt lat="47.486677" lon="19.256335"><ele>140</ele></trkpt>
      <trkpt lat="47.486664" lon="19.256469"><ele>140</ele></trkpt>
      <trkpt lat="47.486617" lon="19.256584"><ele>140</ele></trkpt>
      <trkpt lat="47.486606" lon="19.256721"><ele>140</ele></trkpt>
      <trkpt lat="47.486583" lon="19.256851"><ele>140</ele></trkpt>
      <trkpt lat="47.486566" lon="19.256987"><ele>140</ele></trkpt>
      <trkpt lat="47.486546" lon="19.257122"><ele>140</ele></trkpt>
      <trkpt lat="47.486552" lon="19.257271"><ele>140</ele></trkpt>
      <trkpt lat="47.486563" lon="19.257405"><ele>139</ele></trkpt>
      <trkpt lat="47.486537" lon="19.257541"><ele>140</ele></trkpt>
      <trkpt lat="47.486451" lon="19.257606"><ele>140</ele></trkpt>
      <trkpt lat="47.486386" lon="19.257704"><ele>140</ele></trkpt>
      <trkpt lat="47.486374" lon="19.257842"><ele>139</ele></trkpt>
      <trkpt lat="47.486353" lon="19.257984"><ele>139</ele></trkpt>
      <trkpt lat="47.486351" lon="19.258123"><ele>140</ele></trkpt>
      <trkpt lat="47.486326" lon="19.258251"><ele>139</ele></trkpt>
      <trkpt lat="47.486298" lon="19.258377"><ele>141</ele></trkpt>
      <trkpt lat="47.486292" lon="19.258513"><ele>139</ele></trkpt>
      <trkpt lat="47.486271" lon="19.258647"><ele>140</ele></trkpt>
      <trkpt lat="47.48618" lon="19.258627"><ele>141</ele></trkpt>
      <trkpt lat="47.486087" lon="19.258601"><ele>139</ele></trkpt>
      <trkpt lat="47.485993" lon="19.258577"><ele>141</ele></trkpt>
      <trkpt lat="47.485901" lon="19.258554"><ele>141</ele></trkpt>
      <trkpt lat="47.485806" lon="19.258536"><ele>139</ele></trkpt>
      <trkpt lat="47.485706" lon="19.258572"><ele>138</ele></trkpt>
      <trkpt lat="47.485606" lon="19.258546"><ele>136</ele></trkpt>
      <trkpt lat="47.485524" lon="19.258483"><ele>136</ele></trkpt>
      <trkpt lat="47.485439" lon="19.258426"><ele>136</ele></trkpt>
      <trkpt lat="47.485352" lon="19.258392"><ele>136</ele></trkpt>
      <trkpt lat="47.485257" lon="19.258377"><ele>136</ele></trkpt>
      <trkpt lat="47.485167" lon="19.258376"><ele>136</ele></trkpt>
      <trkpt lat="47.485075" lon="19.258359"><ele>136</ele></trkpt>
      <trkpt lat="47.48498" lon="19.258326"><ele>136</ele></trkpt>
      <trkpt lat="47.484891" lon="19.258297"><ele>136</ele></trkpt>
      <trkpt lat="47.484797" lon="19.258297"><ele>136</ele></trkpt>
      <trkpt lat="47.484707" lon="19.258281"><ele>136</ele></trkpt>
      <trkpt lat="47.484614" lon="19.258269"><ele>136</ele></trkpt>
      <trkpt lat="47.484524" lon="19.258253"><ele>136</ele></trkpt>
      <trkpt lat="47.484434" lon="19.25821"><ele>136</ele></trkpt>
      <trkpt lat="47.484342" lon="19.258216"><ele>136</ele></trkpt>
      <trkpt lat="47.484252" lon="19.258258"><ele>136</ele></trkpt>
      <trkpt lat="47.484165" lon="19.258191"><ele>136</ele></trkpt>
      <trkpt lat="47.484072" lon="19.258155"><ele>136</ele></trkpt>
      <trkpt lat="47.483971" lon="19.258156"><ele>136</ele></trkpt>
      <trkpt lat="47.483876" lon="19.258137"><ele>136</ele></trkpt>
      <trkpt lat="47.483855" lon="19.258001"><ele>136</ele></trkpt>
      <trkpt lat="47.483811" lon="19.257872"><ele>136</ele></trkpt>
      <trkpt lat="47.483803" lon="19.257602"><ele>136</ele></trkpt>
      <trkpt lat="47.483767" lon="19.257331"><ele>136</ele></trkpt>
      <trkpt lat="47.483725" lon="19.257067"><ele>136</ele></trkpt>
      <trkpt lat="47.48369" lon="19.2568"><ele>136</ele></trkpt>
      <trkpt lat="47.483646" lon="19.256536"><ele>136</ele></trkpt>
      <trkpt lat="47.483595" lon="19.256272"><ele>136</ele></trkpt>
      <trkpt lat="47.483549" lon="19.256009"><ele>136</ele></trkpt>
      <trkpt lat="47.483503" lon="19.255743"><ele>135</ele></trkpt>
      <trkpt lat="47.483464" lon="19.255469"><ele>136</ele></trkpt>
      <trkpt lat="47.483431" lon="19.2552"><ele>136</ele></trkpt>
      <trkpt lat="47.483397" lon="19.255068"><ele>136</ele></trkpt>
      <trkpt lat="47.483376" lon="19.254933"><ele>136</ele></trkpt>
      <trkpt lat="47.483367" lon="19.254795"><ele>136</ele></trkpt>
      <trkpt lat="47.483341" lon="19.254663"><ele>137</ele></trkpt>
      <trkpt lat="47.483337" lon="19.254526"><ele>135</ele></trkpt>
      <trkpt lat="47.48334" lon="19.25439"><ele>135</ele></trkpt>
      <trkpt lat="47.483341" lon="19.254249"><ele>135</ele></trkpt>
      <trkpt lat="47.483365" lon="19.254109"><ele>135</ele></trkpt>
      <trkpt lat="47.483408" lon="19.253983"><ele>135</ele></trkpt>
      <trkpt lat="47.483433" lon="19.253851"><ele>135</ele></trkpt>
      <trkpt lat="47.483443" lon="19.253706"><ele>135</ele></trkpt>
      <trkpt lat="47.483464" lon="19.253571"><ele>135</ele></trkpt>
      <trkpt lat="47.483482" lon="19.253422"><ele>135</ele></trkpt>
      <trkpt lat="47.483502" lon="19.25328"><ele>135</ele></trkpt>
      <trkpt lat="47.483516" lon="19.253136"><ele>135</ele></trkpt>
      <trkpt lat="47.483541" lon="19.253008"><ele>135</ele></trkpt>
      <trkpt lat="47.483546" lon="19.252874"><ele>135</ele></trkpt>
      <trkpt lat="47.483551" lon="19.252735"><ele>135</ele></trkpt>
      <trkpt lat="47.483501" lon="19.252621"><ele>135</ele></trkpt>
      <trkpt lat="47.483541" lon="19.252495"><ele>136</ele></trkpt>
      <trkpt lat="47.483565" lon="19.252368"><ele>135</ele></trkpt>
      <trkpt lat="47.483556" lon="19.252231"><ele>135</ele></trkpt>
      <trkpt lat="47.483567" lon="19.252098"><ele>136</ele></trkpt>
      <trkpt lat="47.483594" lon="19.251963"><ele>135</ele></trkpt>
      <trkpt lat="47.483622" lon="19.251837"><ele>135</ele></trkpt>
      <trkpt lat="47.48363" lon="19.251687"><ele>136</ele></trkpt>
      <trkpt lat="47.483643" lon="19.251551"><ele>135</ele></trkpt>
      <trkpt lat="47.483662" lon="19.251418"><ele>136</ele></trkpt>
      <trkpt lat="47.483681" lon="19.251286"><ele>135</ele></trkpt>
      <trkpt lat="47.483684" lon="19.251146"><ele>135</ele></trkpt>
      <trkpt lat="47.483711" lon="19.251009"><ele>135</ele></trkpt>
      <trkpt lat="47.483722" lon="19.250873"><ele>135</ele></trkpt>
      <trkpt lat="47.483738" lon="19.250736"><ele>135</ele></trkpt>
      <trkpt lat="47.483768" lon="19.250602"><ele>135</ele></trkpt>
      <trkpt lat="47.483766" lon="19.250462"><ele>135</ele></trkpt>
      <trkpt lat="47.483779" lon="19.25032"><ele>135</ele></trkpt>
      <trkpt lat="47.483777" lon="19.250185"><ele>135</ele></trkpt>
      <trkpt lat="47.483788" lon="19.250052"><ele>135</ele></trkpt>
      <trkpt lat="47.483792" lon="19.249916"><ele>135</ele></trkpt>
      <trkpt lat="47.483824" lon="19.249784"><ele>135</ele></trkpt>
      <trkpt lat="47.483773" lon="19.249667"><ele>135</ele></trkpt>
      <trkpt lat="47.483686" lon="19.249628"><ele>135</ele></trkpt>
      <trkpt lat="47.483599" lon="19.24956"><ele>136</ele></trkpt>
      <trkpt lat="47.483512" lon="19.249518"><ele>136</ele></trkpt>
      <trkpt lat="47.483433" lon="19.249431"><ele>136</ele></trkpt>
      <trkpt lat="47.483349" lon="19.249373"><ele>136</ele></trkpt>
      <trkpt lat="47.483267" lon="19.249301"><ele>136</ele></trkpt>
      <trkpt lat="47.483186" lon="19.24923"><ele>136</ele></trkpt>
      <trkpt lat="47.483123" lon="19.249135"><ele>137</ele></trkpt>
      <trkpt lat="47.483151" lon="19.248998"><ele>136</ele></trkpt>
      <trkpt lat="47.483165" lon="19.248858"><ele>136</ele></trkpt>
      <trkpt lat="47.483158" lon="19.248724"><ele>136</ele></trkpt>
      <trkpt lat="47.483176" lon="19.248589"><ele>136</ele></trkpt>
      <trkpt lat="47.483208" lon="19.248465"><ele>136</ele></trkpt>
      <trkpt lat="47.483213" lon="19.24833"><ele>136</ele></trkpt>
      <trkpt lat="47.483215" lon="19.248189"><ele>136</ele></trkpt>
      <trkpt lat="47.483229" lon="19.248058"><ele>136</ele></trkpt>
      <trkpt lat="47.483229" lon="19.247923"><ele>136</ele></trkpt>
      <trkpt lat="47.483231" lon="19.247785"><ele>136</ele></trkpt>
      <trkpt lat="47.483158" lon="19.247694"><ele>136</ele></trkpt>
      <trkpt lat="47.483072" lon="19.247647"><ele>136</ele></trkpt>
      <trkpt lat="47.482991" lon="19.24758"><ele>136</ele></trkpt>
      <trkpt lat="47.4829" lon="19.247583"><ele>136</ele></trkpt>
      <trkpt lat="47.482814" lon="19.247533"><ele>136</ele></trkpt>
      <trkpt lat="47.482722" lon="19.247509"><ele>136</ele></trkpt>
      <trkpt lat="47.482631" lon="19.247463"><ele>136</ele></trkpt>
      <trkpt lat="47.482544" lon="19.247413"><ele>136</ele></trkpt>
      <trkpt lat="47.482454" lon="19.247375"><ele>136</ele></trkpt>
      <trkpt lat="47.482366" lon="19.247323"><ele>136</ele></trkpt>
      <trkpt lat="47.482287" lon="19.247257"><ele>136</ele></trkpt>
      <trkpt lat="47.48222" lon="19.247162"><ele>136</ele></trkpt>
      <trkpt lat="47.482131" lon="19.247183"><ele>136</ele></trkpt>
      <trkpt lat="47.482099" lon="19.247316"><ele>136</ele></trkpt>
      <trkpt lat="47.482098" lon="19.247455"><ele>136</ele></trkpt>
      <trkpt lat="47.48204" lon="19.247565"><ele>136</ele></trkpt>
      <trkpt lat="47.481965" lon="19.247486"><ele>136</ele></trkpt>
      <trkpt lat="47.481889" lon="19.247398"><ele>136</ele></trkpt>
      <trkpt lat="47.481861" lon="19.247264"><ele>136</ele></trkpt>
      <trkpt lat="47.4818" lon="19.247151"><ele>136</ele></trkpt>
      <trkpt lat="47.481771" lon="19.247017"><ele>136</ele></trkpt>
      <trkpt lat="47.481807" lon="19.246895"><ele>136</ele></trkpt>
      <trkpt lat="47.481838" lon="19.246767"><ele>136</ele></trkpt>
      <trkpt lat="47.481858" lon="19.246624"><ele>136</ele></trkpt>
      <trkpt lat="47.481881" lon="19.24649"><ele>136</ele></trkpt>
      <trkpt lat="47.481914" lon="19.246366"><ele>136</ele></trkpt>
      <trkpt lat="47.481934" lon="19.246226"><ele>136</ele></trkpt>
      <trkpt lat="47.481979" lon="19.24609"><ele>136</ele></trkpt>
      <trkpt lat="47.482012" lon="19.245963"><ele>136</ele></trkpt>
      <trkpt lat="47.482026" lon="19.245818"><ele>136</ele></trkpt>
      <trkpt lat="47.482045" lon="19.24568"><ele>136</ele></trkpt>
      <trkpt lat="47.482033" lon="19.245547"><ele>136</ele></trkpt>
      <trkpt lat="47.482046" lon="19.245406"><ele>136</ele></trkpt>
      <trkpt lat="47.48205" lon="19.245269"><ele>136</ele></trkpt>
      <trkpt lat="47.481983" lon="19.245176"><ele>136</ele></trkpt>
      <trkpt lat="47.481892" lon="19.245141"><ele>136</ele></trkpt>
      <trkpt lat="47.4818" lon="19.245125"><ele>136</ele></trkpt>
      <trkpt lat="47.481715" lon="19.24517"><ele>136</ele></trkpt>
      <trkpt lat="47.48181" lon="19.245158"><ele>136</ele></trkpt>
      <trkpt lat="47.481818" lon="19.245295"><ele>136</ele></trkpt>
      <trkpt lat="47.481746" lon="19.245381"><ele>136</ele></trkpt>
      <trkpt lat="47.481666" lon="19.245315"><ele>136</ele></trkpt>
      <trkpt lat="47.481604" lon="19.245424"><ele>136</ele></trkpt>
      <trkpt lat="47.481545" lon="19.245314"><ele>136</ele></trkpt>
      <trkpt lat="47.481487" lon="19.245208"><ele>136</ele></trkpt>
      <trkpt lat="47.481399" lon="19.245159"><ele>136</ele></trkpt>
      <trkpt lat="47.48131" lon="19.245127"><ele>137</ele></trkpt>
      <trkpt lat="47.481216" lon="19.245091"><ele>138</ele></trkpt>
      <trkpt lat="47.481122" lon="19.245078"><ele>136</ele></trkpt>
      <trkpt lat="47.481031" lon="19.245039"><ele>136</ele></trkpt>
      <trkpt lat="47.480943" lon="19.245008"><ele>138</ele></trkpt>
      <trkpt lat="47.48085" lon="19.244965"><ele>136</ele></trkpt>
      <trkpt lat="47.480757" lon="19.244921"><ele>136</ele></trkpt>
      <trkpt lat="47.480667" lon="19.244905"><ele>138</ele></trkpt>
      <trkpt lat="47.480574" lon="19.244882"><ele>139</ele></trkpt>
      <trkpt lat="47.480487" lon="19.244842"><ele>138</ele></trkpt>
      <trkpt lat="47.480398" lon="19.2448"><ele>138</ele></trkpt>
      <trkpt lat="47.48031" lon="19.244754"><ele>138</ele></trkpt>
      <trkpt lat="47.480221" lon="19.244712"><ele>139</ele></trkpt>
      <trkpt lat="47.480131" lon="19.244679"><ele>140</ele></trkpt>
      <trkpt lat="47.480042" lon="19.24465"><ele>140</ele></trkpt>
      <trkpt lat="47.479948" lon="19.244639"><ele>141</ele></trkpt>
      <trkpt lat="47.479858" lon="19.244663"><ele>142</ele></trkpt>
      <trkpt lat="47.479768" lon="19.244659"><ele>142</ele></trkpt>
      <trkpt lat="47.479676" lon="19.244659"><ele>144</ele></trkpt>
      <trkpt lat="47.479589" lon="19.244709"><ele>146</ele></trkpt>
      <trkpt lat="47.479497" lon="19.24472"><ele>148</ele></trkpt>
      <trkpt lat="47.479407" lon="19.244736"><ele>147</ele></trkpt>
      <trkpt lat="47.479309" lon="19.244752"><ele>146</ele></trkpt>
      <trkpt lat="47.479215" lon="19.244765"><ele>148</ele></trkpt>
      <trkpt lat="47.47912" lon="19.244801"><ele>150</ele></trkpt>
      <trkpt lat="47.479028" lon="19.244832"><ele>150</ele></trkpt>
      <trkpt lat="47.478936" lon="19.244862"><ele>150</ele></trkpt>
      <trkpt lat="47.478843" lon="19.244879"><ele>150</ele></trkpt>
      <trkpt lat="47.478753" lon="19.244898"><ele>150</ele></trkpt>
      <trkpt lat="47.478667" lon="19.244937"><ele>151</ele></trkpt>
      <trkpt lat="47.478574" lon="19.244938"><ele>150</ele></trkpt>
      <trkpt lat="47.478483" lon="19.244966"><ele>150</ele></trkpt>
      <trkpt lat="47.478389" lon="19.244986"><ele>151</ele></trkpt>
      <trkpt lat="47.478299" lon="19.245013"><ele>150</ele></trkpt>
      <trkpt lat="47.478209" lon="19.245032"><ele>150</ele></trkpt>
      <trkpt lat="47.478124" lon="19.245082"><ele>151</ele></trkpt>
      <trkpt lat="47.478029" lon="19.245103"><ele>151</ele></trkpt>
      <trkpt lat="47.477939" lon="19.245151"><ele>151</ele></trkpt>
      <trkpt lat="47.477847" lon="19.245208"><ele>151</ele></trkpt>
      <trkpt lat="47.477758" lon="19.245185"><ele>151</ele></trkpt>
      <trkpt lat="47.477658" lon="19.245172"><ele>151</ele></trkpt>
      <trkpt lat="47.477566" lon="19.24519"><ele>151</ele></trkpt>
      <trkpt lat="47.477486" lon="19.245256"><ele>151</ele></trkpt>
      <trkpt lat="47.477396" lon="19.245303"><ele>151</ele></trkpt>
      <trkpt lat="47.477304" lon="19.245256"><ele>151</ele></trkpt>
      <trkpt lat="47.477213" lon="19.245295"><ele>151</ele></trkpt>
      <trkpt lat="47.477137" lon="19.245216"><ele>151</ele></trkpt>
      <trkpt lat="47.477064" lon="19.245122"><ele>151</ele></trkpt>
      <trkpt lat="47.476983" lon="19.245054"><ele>151</ele></trkpt>
      <trkpt lat="47.476908" lon="19.244968"><ele>151</ele></trkpt>
      <trkpt lat="47.47684" lon="19.244877"><ele>151</ele></trkpt>
      <trkpt lat="47.476759" lon="19.244785"><ele>151</ele></trkpt>
      <trkpt lat="47.476675" lon="19.244717"><ele>151</ele></trkpt>
      <trkpt lat="47.476593" lon="19.244651"><ele>151</ele></trkpt>
      <trkpt lat="47.476517" lon="19.244575"><ele>151</ele></trkpt>
      <trkpt lat="47.476443" lon="19.244496"><ele>151</ele></trkpt>
      <trkpt lat="47.476361" lon="19.24443"><ele>151</ele></trkpt>
      <trkpt lat="47.476286" lon="19.244345"><ele>151</ele></trkpt>
      <trkpt lat="47.476207" lon="19.244262"><ele>151</ele></trkpt>
      <trkpt lat="47.47612" lon="19.244178"><ele>151</ele></trkpt>
      <trkpt lat="47.476038" lon="19.2441"><ele>151</ele></trkpt>
      <trkpt lat="47.475963" lon="19.24402"><ele>151</ele></trkpt>
      <trkpt lat="47.47589" lon="19.243939"><ele>151</ele></trkpt>
      <trkpt lat="47.475814" lon="19.243853"><ele>151</ele></trkpt>
      <trkpt lat="47.47573" lon="19.243775"><ele>151</ele></trkpt>
      <trkpt lat="47.475636" lon="19.243789"><ele>152</ele></trkpt>
      <trkpt lat="47.475596" lon="19.243912"><ele>151</ele></trkpt>
      <trkpt lat="47.475551" lon="19.244032"><ele>152</ele></trkpt>
      <trkpt lat="47.475565" lon="19.244166"><ele>152</ele></trkpt>
      <trkpt lat="47.475515" lon="19.244277"><ele>151</ele></trkpt>
      <trkpt lat="47.47546" lon="19.244388"><ele>151</ele></trkpt>
      <trkpt lat="47.475411" lon="19.244505"><ele>157</ele></trkpt>
      <trkpt lat="47.475383" lon="19.244634"><ele>152</ele></trkpt>
      <trkpt lat="47.475338" lon="19.244753"><ele>151</ele></trkpt>
      <trkpt lat="47.475291" lon="19.244874"><ele>157</ele></trkpt>
      <trkpt lat="47.475254" lon="19.244997"><ele>156</ele></trkpt>
      <trkpt lat="47.475215" lon="19.245117"><ele>156</ele></trkpt>
      <trkpt lat="47.475166" lon="19.245239"><ele>156</ele></trkpt>
      <trkpt lat="47.475126" lon="19.245359"><ele>156</ele></trkpt>
      <trkpt lat="47.475035" lon="19.245342"><ele>156</ele></trkpt>
      <trkpt lat="47.474971" lon="19.245233"><ele>156</ele></trkpt>
      <trkpt lat="47.474938" lon="19.245103"><ele>156</ele></trkpt>
      <trkpt lat="47.474961" lon="19.24524"><ele>156</ele></trkpt>
      <trkpt lat="47.475028" lon="19.245337"><ele>156</ele></trkpt>
      <trkpt lat="47.475089" lon="19.245437"><ele>156</ele></trkpt>
      <trkpt lat="47.475032" lon="19.245543"><ele>156</ele></trkpt>
      <trkpt lat="47.475" lon="19.245678"><ele>156</ele></trkpt>
      <trkpt lat="47.474962" lon="19.245809"><ele>156</ele></trkpt>
      <trkpt lat="47.474908" lon="19.245935"><ele>156</ele></trkpt>
      <trkpt lat="47.474889" lon="19.246071"><ele>156</ele></trkpt>
      <trkpt lat="47.47485" lon="19.246196"><ele>156</ele></trkpt>
      <trkpt lat="47.474807" lon="19.246317"><ele>156</ele></trkpt>
      <trkpt lat="47.474764" lon="19.246439"><ele>156</ele></trkpt>
      <trkpt lat="47.474721" lon="19.246581"><ele>155</ele></trkpt>
      <trkpt lat="47.474687" lon="19.246704"><ele>156</ele></trkpt>
      <trkpt lat="47.474641" lon="19.24682"><ele>156</ele></trkpt>
      <trkpt lat="47.474597" lon="19.246939"><ele>156</ele></trkpt>
      <trkpt lat="47.474553" lon="19.247057"><ele>156</ele></trkpt>
      <trkpt lat="47.47452" lon="19.247197"><ele>155</ele></trkpt>
      <trkpt lat="47.474467" lon="19.247309"><ele>156</ele></trkpt>
      <trkpt lat="47.474428" lon="19.247433"><ele>156</ele></trkpt>
      <trkpt lat="47.474408" lon="19.247568"><ele>155</ele></trkpt>
      <trkpt lat="47.474359" lon="19.247693"><ele>155</ele></trkpt>
      <trkpt lat="47.474315" lon="19.247811"><ele>155</ele></trkpt>
      <trkpt lat="47.474284" lon="19.247952"><ele>155</ele></trkpt>
      <trkpt lat="47.474229" lon="19.248067"><ele>155</ele></trkpt>
      <trkpt lat="47.47417" lon="19.248176"><ele>155</ele></trkpt>
      <trkpt lat="47.474132" lon="19.248298"><ele>155</ele></trkpt>
      <trkpt lat="47.474047" lon="19.248241"><ele>155</ele></trkpt>
      <trkpt lat="47.473974" lon="19.248143"><ele>155</ele></trkpt>
      <trkpt lat="47.473889" lon="19.248071"><ele>155</ele></trkpt>
      <trkpt lat="47.473807" lon="19.248003"><ele>155</ele></trkpt>
      <trkpt lat="47.473726" lon="19.247925"><ele>155</ele></trkpt>
      <trkpt lat="47.473645" lon="19.247862"><ele>154</ele></trkpt>
      <trkpt lat="47.47357" lon="19.247788"><ele>154</ele></trkpt>
      <trkpt lat="47.473494" lon="19.247714"><ele>154</ele></trkpt>
      <trkpt lat="47.473406" lon="19.247653"><ele>154</ele></trkpt>
      <trkpt lat="47.473333" lon="19.247571"><ele>154</ele></trkpt>
      <trkpt lat="47.473249" lon="19.247504"><ele>154</ele></trkpt>
      <trkpt lat="47.473169" lon="19.247426"><ele>154</ele></trkpt>
      <trkpt lat="47.473081" lon="19.247376"><ele>154</ele></trkpt>
      <trkpt lat="47.473003" lon="19.247308"><ele>154</ele></trkpt>
      <trkpt lat="47.472925" lon="19.24723"><ele>154</ele></trkpt>
      <trkpt lat="47.472849" lon="19.247154"><ele>154</ele></trkpt>
      <trkpt lat="47.472765" lon="19.247091"><ele>154</ele></trkpt>
      <trkpt lat="47.472693" lon="19.247012"><ele>154</ele></trkpt>
      <trkpt lat="47.472611" lon="19.246922"><ele>155</ele></trkpt>
      <trkpt lat="47.47253" lon="19.246848"><ele>155</ele></trkpt>
      <trkpt lat="47.472446" lon="19.246778"><ele>155</ele></trkpt>
      <trkpt lat="47.472372" lon="19.246692"><ele>155</ele></trkpt>
      <trkpt lat="47.472292" lon="19.246615"><ele>154</ele></trkpt>
      <trkpt lat="47.472205" lon="19.246543"><ele>154</ele></trkpt>
      <trkpt lat="47.472123" lon="19.24648"><ele>154</ele></trkpt>
      <trkpt lat="47.472044" lon="19.246412"><ele>154</ele></trkpt>
      <trkpt lat="47.471961" lon="19.246346"><ele>154</ele></trkpt>
      <trkpt lat="47.471872" lon="19.246287"><ele>154</ele></trkpt>
      <trkpt lat="47.471777" lon="19.246252"><ele>154</ele></trkpt>
      <trkpt lat="47.471688" lon="19.246172"><ele>154</ele></trkpt>
      <trkpt lat="47.471624" lon="19.246067"><ele>154</ele></trkpt>
      <trkpt lat="47.47154" lon="19.245986"><ele>154</ele></trkpt>
      <trkpt lat="47.471464" lon="19.245909"><ele>154</ele></trkpt>
      <trkpt lat="47.471381" lon="19.245834"><ele>154</ele></trkpt>
      <trkpt lat="47.471301" lon="19.245764"><ele>154</ele></trkpt>
      <trkpt lat="47.471208" lon="19.245711"><ele>154</ele></trkpt>
      <trkpt lat="47.471125" lon="19.245642"><ele>154</ele></trkpt>
      <trkpt lat="47.471047" lon="19.245558"><ele>154</ele></trkpt>
      <trkpt lat="47.470964" lon="19.245497"><ele>154</ele></trkpt>
      <trkpt lat="47.470877" lon="19.245436"><ele>154</ele></trkpt>
      <trkpt lat="47.470797" lon="19.245371"><ele>154</ele></trkpt>
      <trkpt lat="47.470725" lon="19.245283"><ele>154</ele></trkpt>
      <trkpt lat="47.47064" lon="19.24521"><ele>154</ele></trkpt>
      <trkpt lat="47.470551" lon="19.245146"><ele>153</ele></trkpt>
      <trkpt lat="47.470459" lon="19.245126"><ele>153</ele></trkpt>
      <trkpt lat="47.470365" lon="19.245075"><ele>153</ele></trkpt>
      <trkpt lat="47.470315" lon="19.244964"><ele>153</ele></trkpt>
      <trkpt lat="47.470228" lon="19.244905"><ele>153</ele></trkpt>
      <trkpt lat="47.470148" lon="19.244844"><ele>153</ele></trkpt>
      <trkpt lat="47.47006" lon="19.244799"><ele>153</ele></trkpt>
      <trkpt lat="47.469971" lon="19.244784"><ele>152</ele></trkpt>
      <trkpt lat="47.469894" lon="19.244687"><ele>152</ele></trkpt>
      <trkpt lat="47.469822" lon="19.244604"><ele>150</ele></trkpt>
      <trkpt lat="47.469726" lon="19.244602"><ele>150</ele></trkpt>
      <trkpt lat="47.469634" lon="19.244563"><ele>149</ele></trkpt>
      <trkpt lat="47.469564" lon="19.244469"><ele>149</ele></trkpt>
      <trkpt lat="47.469486" lon="19.244383"><ele>149</ele></trkpt>
      <trkpt lat="47.469424" lon="19.244284"><ele>148</ele></trkpt>
      <trkpt lat="47.469337" lon="19.244215"><ele>149</ele></trkpt>
      <trkpt lat="47.469268" lon="19.244116"><ele>148</ele></trkpt>
      <trkpt lat="47.469193" lon="19.24404"><ele>148</ele></trkpt>
      <trkpt lat="47.469105" lon="19.243999"><ele>148</ele></trkpt>
      <trkpt lat="47.469015" lon="19.243991"><ele>148</ele></trkpt>
      <trkpt lat="47.46901" lon="19.243856"><ele>149</ele></trkpt>
      <trkpt lat="47.468906" lon="19.24408"><ele>151</ele></trkpt>
      <trkpt lat="47.468855" lon="19.243971"><ele>146</ele></trkpt>
      <trkpt lat="47.468766" lon="19.244032"><ele>146</ele></trkpt>
      <trkpt lat="47.468672" lon="19.244002"><ele>147</ele></trkpt>
      <trkpt lat="47.468643" lon="19.243861"><ele>147</ele></trkpt>
      <trkpt lat="47.468589" lon="19.243751"><ele>148</ele></trkpt>
      <trkpt lat="47.468499" lon="19.243738"><ele>149</ele></trkpt>
      <trkpt lat="47.46841" lon="19.243718"><ele>150</ele></trkpt>
      <trkpt lat="47.468322" lon="19.243683"><ele>153</ele></trkpt>
      <trkpt lat="47.468232" lon="19.243643"><ele>153</ele></trkpt>
      <trkpt lat="47.468152" lon="19.243727"><ele>153</ele></trkpt>
      <trkpt lat="47.468071" lon="19.243789"><ele>153</ele></trkpt>
      <trkpt lat="47.467988" lon="19.243867"><ele>153</ele></trkpt>
      <trkpt lat="47.4679" lon="19.243906"><ele>153</ele></trkpt>
      <trkpt lat="47.467821" lon="19.243832"><ele>153</ele></trkpt>
      <trkpt lat="47.467782" lon="19.243711"><ele>153</ele></trkpt>
      <trkpt lat="47.46771" lon="19.243619"><ele>153</ele></trkpt>
      <trkpt lat="47.46764" lon="19.243525"><ele>153</ele></trkpt>
      <trkpt lat="47.467567" lon="19.243446"><ele>153</ele></trkpt>
      <trkpt lat="47.467477" lon="19.243405"><ele>153</ele></trkpt>
      <trkpt lat="47.467393" lon="19.243337"><ele>153</ele></trkpt>
      <trkpt lat="47.467315" lon="19.243264"><ele>154</ele></trkpt>
      <trkpt lat="47.467241" lon="19.243185"><ele>154</ele></trkpt>
      <trkpt lat="47.467165" lon="19.243106"><ele>154</ele></trkpt>
      <trkpt lat="47.467095" lon="19.243022"><ele>154</ele></trkpt>
      <trkpt lat="47.467015" lon="19.242949"><ele>154</ele></trkpt>
      <trkpt lat="47.466933" lon="19.242885"><ele>154</ele></trkpt>
      <trkpt lat="47.466859" lon="19.242806"><ele>153</ele></trkpt>
      <trkpt lat="47.466773" lon="19.24275"><ele>153</ele></trkpt>
      <trkpt lat="47.466689" lon="19.242699"><ele>153</ele></trkpt>
      <trkpt lat="47.466606" lon="19.24263"><ele>153</ele></trkpt>
      <trkpt lat="47.466534" lon="19.242543"><ele>153</ele></trkpt>
      <trkpt lat="47.466458" lon="19.242465"><ele>153</ele></trkpt>
      <trkpt lat="47.466378" lon="19.242399"><ele>153</ele></trkpt>
      <trkpt lat="47.466302" lon="19.242327"><ele>153</ele></trkpt>
      <trkpt lat="47.466231" lon="19.242244"><ele>153</ele></trkpt>
      <trkpt lat="47.466151" lon="19.242167"><ele>153</ele></trkpt>
      <trkpt lat="47.46607" lon="19.242094"><ele>153</ele></trkpt>
      <trkpt lat="47.465994" lon="19.242007"><ele>152</ele></trkpt>
      <trkpt lat="47.465912" lon="19.24193"><ele>152</ele></trkpt>
      <trkpt lat="47.465829" lon="19.241862"><ele>152</ele></trkpt>
      <trkpt lat="47.465751" lon="19.241792"><ele>152</ele></trkpt>
      <trkpt lat="47.465672" lon="19.241717"><ele>152</ele></trkpt>
      <trkpt lat="47.465596" lon="19.241636"><ele>152</ele></trkpt>
      <trkpt lat="47.465521" lon="19.24156"><ele>152</ele></trkpt>
      <trkpt lat="47.465442" lon="19.241489"><ele>152</ele></trkpt>
      <trkpt lat="47.465371" lon="19.241407"><ele>152</ele></trkpt>
      <trkpt lat="47.465291" lon="19.241344"><ele>150</ele></trkpt>
      <trkpt lat="47.465215" lon="19.24126"><ele>150</ele></trkpt>
      <trkpt lat="47.465139" lon="19.241188"><ele>150</ele></trkpt>
      <trkpt lat="47.465058" lon="19.241109"><ele>150</ele></trkpt>
      <trkpt lat="47.464977" lon="19.241033"><ele>150</ele></trkpt>
      <trkpt lat="47.464893" lon="19.240966"><ele>150</ele></trkpt>
      <trkpt lat="47.464827" lon="19.240875"><ele>149</ele></trkpt>
      <trkpt lat="47.464748" lon="19.240797"><ele>150</ele></trkpt>
      <trkpt lat="47.46467" lon="19.240711"><ele>150</ele></trkpt>
      <trkpt lat="47.464587" lon="19.240637"><ele>149</ele></trkpt>
      <trkpt lat="47.464506" lon="19.240578"><ele>149</ele></trkpt>
      <trkpt lat="47.464424" lon="19.240507"><ele>149</ele></trkpt>
      <trkpt lat="47.464359" lon="19.240408"><ele>149</ele></trkpt>
      <trkpt lat="47.464269" lon="19.240373"><ele>148</ele></trkpt>
      <trkpt lat="47.464208" lon="19.240272"><ele>148</ele></trkpt>
      <trkpt lat="47.464134" lon="19.240196"><ele>149</ele></trkpt>
      <trkpt lat="47.464054" lon="19.24012"><ele>149</ele></trkpt>
      <trkpt lat="47.463972" lon="19.240038"><ele>149</ele></trkpt>
      <trkpt lat="47.46389" lon="19.23998"><ele>149</ele></trkpt>
      <trkpt lat="47.46382" lon="19.239884"><ele>149</ele></trkpt>
      <trkpt lat="47.463747" lon="19.239798"><ele>148</ele></trkpt>
      <trkpt lat="47.463664" lon="19.239725"><ele>149</ele></trkpt>
      <trkpt lat="47.463594" lon="19.239635"><ele>151</ele></trkpt>
      <trkpt lat="47.463515" lon="19.239556"><ele>151</ele></trkpt>
      <trkpt lat="47.46344" lon="19.239476"><ele>151</ele></trkpt>
      <trkpt lat="47.463362" lon="19.239403"><ele>151</ele></trkpt>
      <trkpt lat="47.463278" lon="19.239334"><ele>151</ele></trkpt>
      <trkpt lat="47.463198" lon="19.239257"><ele>151</ele></trkpt>
      <trkpt lat="47.463119" lon="19.239188"><ele>151</ele></trkpt>
      <trkpt lat="47.463039" lon="19.23912"><ele>151</ele></trkpt>
      <trkpt lat="47.46296" lon="19.239037"><ele>151</ele></trkpt>
      <trkpt lat="47.462875" lon="19.23897"><ele>151</ele></trkpt>
      <trkpt lat="47.4628" lon="19.238886"><ele>150</ele></trkpt>
      <trkpt lat="47.462732" lon="19.238793"><ele>150</ele></trkpt>
      <trkpt lat="47.462651" lon="19.238725"><ele>149</ele></trkpt>
      <trkpt lat="47.462586" lon="19.238626"><ele>149</ele></trkpt>
      <trkpt lat="47.462502" lon="19.238559"><ele>149</ele></trkpt>
      <trkpt lat="47.462419" lon="19.238497"><ele>149</ele></trkpt>
      <trkpt lat="47.462346" lon="19.238408"><ele>149</ele></trkpt>
      <trkpt lat="47.462271" lon="19.238325"><ele>149</ele></trkpt>
      <trkpt lat="47.462191" lon="19.238254"><ele>148</ele></trkpt>
      <trkpt lat="47.462107" lon="19.238192"><ele>148</ele></trkpt>
      <trkpt lat="47.462024" lon="19.238136"><ele>148</ele></trkpt>
      <trkpt lat="47.461967" lon="19.23803"><ele>148</ele></trkpt>
      <trkpt lat="47.461874" lon="19.237985"><ele>147</ele></trkpt>
      <trkpt lat="47.461797" lon="19.237899"><ele>147</ele></trkpt>
      <trkpt lat="47.461714" lon="19.237845"><ele>147</ele></trkpt>
      <trkpt lat="47.46165" lon="19.237742"><ele>147</ele></trkpt>
      <trkpt lat="47.46168" lon="19.237608"><ele>146</ele></trkpt>
      <trkpt lat="47.461727" lon="19.237486"><ele>146</ele></trkpt>
      <trkpt lat="47.461774" lon="19.237352"><ele>146</ele></trkpt>
      <trkpt lat="47.461799" lon="19.237217"><ele>146</ele></trkpt>
      <trkpt lat="47.461843" lon="19.237094"><ele>146</ele></trkpt>
      <trkpt lat="47.461898" lon="19.236983"><ele>147</ele></trkpt>
      <trkpt lat="47.461946" lon="19.236867"><ele>146</ele></trkpt>
      <trkpt lat="47.461901" lon="19.23674"><ele>146</ele></trkpt>
      <trkpt lat="47.46183" lon="19.23665"><ele>146</ele></trkpt>
      <trkpt lat="47.461837" lon="19.236509"><ele>146</ele></trkpt>
      <trkpt lat="47.461906" lon="19.236406"><ele>146</ele></trkpt>
      <trkpt lat="47.461978" lon="19.236319"><ele>146</ele></trkpt>
      <trkpt lat="47.462033" lon="19.236204"><ele>146</ele></trkpt>
      <trkpt lat="47.462036" lon="19.236063"><ele>146</ele></trkpt>
      <trkpt lat="47.462047" lon="19.235925"><ele>146</ele></trkpt>
      <trkpt lat="47.462083" lon="19.2358"><ele>146</ele></trkpt>
      <trkpt lat="47.462079" lon="19.235663"><ele>146</ele></trkpt>
      <trkpt lat="47.461999" lon="19.235597"><ele>146</ele></trkpt>
      <trkpt lat="47.461929" lon="19.235509"><ele>145</ele></trkpt>
      <trkpt lat="47.461894" lon="19.23538"><ele>146</ele></trkpt>
      <trkpt lat="47.461937" lon="19.235259"><ele>145</ele></trkpt>
      <trkpt lat="47.46199" lon="19.235145"><ele>145</ele></trkpt>
      <trkpt lat="47.462033" lon="19.235019"><ele>146</ele></trkpt>
      <trkpt lat="47.462093" lon="19.234915"><ele>146</ele></trkpt>
      <trkpt lat="47.46213" lon="19.234791"><ele>146</ele></trkpt>
      <trkpt lat="47.462195" lon="19.23466"><ele>146</ele></trkpt>
      <trkpt lat="47.46223" lon="19.234525"><ele>146</ele></trkpt>
      <trkpt lat="47.462263" lon="19.234394"><ele>146</ele></trkpt>
      <trkpt lat="47.462338" lon="19.234309"><ele>146</ele></trkpt>
      <trkpt lat="47.462395" lon="19.234193"><ele>146</ele></trkpt>
      <trkpt lat="47.462415" lon="19.234056"><ele>146</ele></trkpt>
      <trkpt lat="47.462477" lon="19.233949"><ele>146</ele></trkpt>
      <trkpt lat="47.462533" lon="19.233838"><ele>146</ele></trkpt>
      <trkpt lat="47.462568" lon="19.23371"><ele>146</ele></trkpt>
      <trkpt lat="47.462627" lon="19.233603"><ele>146</ele></trkpt>
      <trkpt lat="47.462674" lon="19.233488"><ele>147</ele></trkpt>
      <trkpt lat="47.462724" lon="19.233373"><ele>147</ele></trkpt>
      <trkpt lat="47.462769" lon="19.233244"><ele>147</ele></trkpt>
      <trkpt lat="47.462824" lon="19.233131"><ele>147</ele></trkpt>
      <trkpt lat="47.462883" lon="19.233024"><ele>147</ele></trkpt>
      <trkpt lat="47.462934" lon="19.232914"><ele>147</ele></trkpt>
      <trkpt lat="47.462983" lon="19.2328"><ele>147</ele></trkpt>
      <trkpt lat="47.463048" lon="19.232701"><ele>148</ele></trkpt>
      <trkpt lat="47.463106" lon="19.232588"><ele>148</ele></trkpt>
      <trkpt lat="47.463154" lon="19.232473"><ele>148</ele></trkpt>
      <trkpt lat="47.463204" lon="19.232359"><ele>148</ele></trkpt>
      <trkpt lat="47.463258" lon="19.232246"><ele>148</ele></trkpt>
      <trkpt lat="47.463305" lon="19.232129"><ele>148</ele></trkpt>
      <trkpt lat="47.463364" lon="19.232015"><ele>148</ele></trkpt>
      <trkpt lat="47.463383" lon="19.231849"><ele>148</ele></trkpt>
      <trkpt lat="47.463415" lon="19.231723"><ele>148</ele></trkpt>
      <trkpt lat="47.463372" lon="19.231604"><ele>149</ele></trkpt>
      <trkpt lat="47.463284" lon="19.231551"><ele>148</ele></trkpt>
      <trkpt lat="47.463311" lon="19.231412"><ele>148</ele></trkpt>
      <trkpt lat="47.463277" lon="19.23128"><ele>148</ele></trkpt>
      <trkpt lat="47.463336" lon="19.231173"><ele>149</ele></trkpt>
      <trkpt lat="47.463394" lon="19.231067"><ele>149</ele></trkpt>
      <trkpt lat="47.463466" lon="19.230976"><ele>148</ele></trkpt>
      <trkpt lat="47.463527" lon="19.230874"><ele>148</ele></trkpt>
      <trkpt lat="47.463551" lon="19.230743"><ele>148</ele></trkpt>
      <trkpt lat="47.463605" lon="19.230633"><ele>148</ele></trkpt>
      <trkpt lat="47.463669" lon="19.230535"><ele>148</ele></trkpt>
      <trkpt lat="47.463724" lon="19.230419"><ele>148</ele></trkpt>
      <trkpt lat="47.463777" lon="19.230303"><ele>148</ele></trkpt>
      <trkpt lat="47.463826" lon="19.230191"><ele>148</ele></trkpt>
      <trkpt lat="47.463885" lon="19.230088"><ele>148</ele></trkpt>
      <trkpt lat="47.463939" lon="19.229973"><ele>148</ele></trkpt>
      <trkpt lat="47.463984" lon="19.229857"><ele>148</ele></trkpt>
      <trkpt lat="47.464036" lon="19.229737"><ele>148</ele></trkpt>
      <trkpt lat="47.464098" lon="19.229639"><ele>148</ele></trkpt>
      <trkpt lat="47.464153" lon="19.229522"><ele>147</ele></trkpt>
      <trkpt lat="47.464211" lon="19.229416"><ele>148</ele></trkpt>
      <trkpt lat="47.464263" lon="19.229305"><ele>148</ele></trkpt>
      <trkpt lat="47.464304" lon="19.22918"><ele>147</ele></trkpt>
      <trkpt lat="47.464359" lon="19.229074"><ele>147</ele></trkpt>
      <trkpt lat="47.464412" lon="19.228964"><ele>147</ele></trkpt>
      <trkpt lat="47.464453" lon="19.228845"><ele>147</ele></trkpt>
      <trkpt lat="47.464508" lon="19.228734"><ele>147</ele></trkpt>
      <trkpt lat="47.464563" lon="19.228621"><ele>147</ele></trkpt>
      <trkpt lat="47.464616" lon="19.228506"><ele>147</ele></trkpt>
      <trkpt lat="47.464685" lon="19.228412"><ele>147</ele></trkpt>
      <trkpt lat="47.464735" lon="19.228291"><ele>147</ele></trkpt>
      <trkpt lat="47.464789" lon="19.228166"><ele>147</ele></trkpt>
      <trkpt lat="47.464848" lon="19.228055"><ele>146</ele></trkpt>
      <trkpt lat="47.46491" lon="19.22794"><ele>146</ele></trkpt>
      <trkpt lat="47.464981" lon="19.227831"><ele>146</ele></trkpt>
      <trkpt lat="47.465045" lon="19.227737"><ele>144</ele></trkpt>
      <trkpt lat="47.465072" lon="19.227602"><ele>144</ele></trkpt>
      <trkpt lat="47.465085" lon="19.227462"><ele>146</ele></trkpt>
      <trkpt lat="47.46515" lon="19.227358"><ele>144</ele></trkpt>
      <trkpt lat="47.465208" lon="19.227241"><ele>144</ele></trkpt>
      <trkpt lat="47.465275" lon="19.227152"><ele>144</ele></trkpt>
      <trkpt lat="47.465337" lon="19.227052"><ele>143</ele></trkpt>
      <trkpt lat="47.465399" lon="19.226954"><ele>143</ele></trkpt>
      <trkpt lat="47.465458" lon="19.226852"><ele>143</ele></trkpt>
      <trkpt lat="47.465502" lon="19.226734"><ele>143</ele></trkpt>
      <trkpt lat="47.465501" lon="19.226597"><ele>143</ele></trkpt>
      <trkpt lat="47.465445" lon="19.226482"><ele>143</ele></trkpt>
      <trkpt lat="47.465389" lon="19.226375"><ele>143</ele></trkpt>
      <trkpt lat="47.465334" lon="19.226265"><ele>143</ele></trkpt>
      <trkpt lat="47.465353" lon="19.226131"><ele>143</ele></trkpt>
      <trkpt lat="47.465441" lon="19.226078"><ele>143</ele></trkpt>
      <trkpt lat="47.465516" lon="19.225998"><ele>143</ele></trkpt>
      <trkpt lat="47.465567" lon="19.225881"><ele>142</ele></trkpt>
      <trkpt lat="47.465637" lon="19.225789"><ele>143</ele></trkpt>
      <trkpt lat="47.465688" lon="19.225679"><ele>142</ele></trkpt>
      <trkpt lat="47.465744" lon="19.225565"><ele>142</ele></trkpt>
      <trkpt lat="47.465807" lon="19.225465"><ele>142</ele></trkpt>
      <trkpt lat="47.465865" lon="19.225359"><ele>142</ele></trkpt>
      <trkpt lat="47.465928" lon="19.225263"><ele>141</ele></trkpt>
      <trkpt lat="47.465973" lon="19.225148"><ele>142</ele></trkpt>
      <trkpt lat="47.466016" lon="19.225029"><ele>142</ele></trkpt>
      <trkpt lat="47.466075" lon="19.224929"><ele>141</ele></trkpt>
      <trkpt lat="47.46613" lon="19.22482"><ele>142</ele></trkpt>
      <trkpt lat="47.466195" lon="19.224713"><ele>142</ele></trkpt>
      <trkpt lat="47.466255" lon="19.224614"><ele>141</ele></trkpt>
      <trkpt lat="47.466311" lon="19.224498"><ele>142</ele></trkpt>
      <trkpt lat="47.466367" lon="19.22439"><ele>142</ele></trkpt>
      <trkpt lat="47.466425" lon="19.224287"><ele>141</ele></trkpt>
      <trkpt lat="47.46648" lon="19.224181"><ele>142</ele></trkpt>
      <trkpt lat="47.466531" lon="19.224071"><ele>142</ele></trkpt>
      <trkpt lat="47.466578" lon="19.223951"><ele>142</ele></trkpt>
      <trkpt lat="47.466626" lon="19.223836"><ele>142</ele></trkpt>
      <trkpt lat="47.466675" lon="19.223715"><ele>141</ele></trkpt>
      <trkpt lat="47.466742" lon="19.223615"><ele>141</ele></trkpt>
      <trkpt lat="47.466788" lon="19.223497"><ele>141</ele></trkpt>
      <trkpt lat="47.466848" lon="19.223388"><ele>141</ele></trkpt>
      <trkpt lat="47.466913" lon="19.223289"><ele>141</ele></trkpt>
      <trkpt lat="47.466972" lon="19.223183"><ele>141</ele></trkpt>
      <trkpt lat="47.467042" lon="19.223098"><ele>141</ele></trkpt>
      <trkpt lat="47.467105" lon="19.222995"><ele>141</ele></trkpt>
      <trkpt lat="47.46716" lon="19.222881"><ele>141</ele></trkpt>
      <trkpt lat="47.46722" lon="19.222778"><ele>141</ele></trkpt>
      <trkpt lat="47.467243" lon="19.222646"><ele>141</ele></trkpt>
      <trkpt lat="47.467304" lon="19.22253"><ele>141</ele></trkpt>
      <trkpt lat="47.467375" lon="19.222443"><ele>141</ele></trkpt>
      <trkpt lat="47.467436" lon="19.222338"><ele>141</ele></trkpt>
      <trkpt lat="47.467486" lon="19.222213"><ele>141</ele></trkpt>
      <trkpt lat="47.46754" lon="19.222097"><ele>141</ele></trkpt>
      <trkpt lat="47.467591" lon="19.221985"><ele>141</ele></trkpt>
      <trkpt lat="47.467636" lon="19.221859"><ele>141</ele></trkpt>
      <trkpt lat="47.467689" lon="19.221752"><ele>141</ele></trkpt>
      <trkpt lat="47.467766" lon="19.221679"><ele>141</ele></trkpt>
      <trkpt lat="47.467826" lon="19.221564"><ele>141</ele></trkpt>
      <trkpt lat="47.467893" lon="19.221469"><ele>141</ele></trkpt>
      <trkpt lat="47.467951" lon="19.221362"><ele>140</ele></trkpt>
      <trkpt lat="47.468006" lon="19.22125"><ele>140</ele></trkpt>
      <trkpt lat="47.468079" lon="19.221171"><ele>140</ele></trkpt>
      <trkpt lat="47.468139" lon="19.221064"><ele>140</ele></trkpt>
      <trkpt lat="47.46818" lon="19.220943"><ele>140</ele></trkpt>
      <trkpt lat="47.468266" lon="19.22089"><ele>140</ele></trkpt>
      <trkpt lat="47.468356" lon="19.220857"><ele>140</ele></trkpt>
      <trkpt lat="47.468441" lon="19.220801"><ele>140</ele></trkpt>
      <trkpt lat="47.468509" lon="19.220703"><ele>140</ele></trkpt>
      <trkpt lat="47.46857" lon="19.220593"><ele>140</ele></trkpt>
      <trkpt lat="47.468638" lon="19.220502"><ele>140</ele></trkpt>
      <trkpt lat="47.4687" lon="19.220392"><ele>140</ele></trkpt>
      <trkpt lat="47.46877" lon="19.220299"><ele>140</ele></trkpt>
      <trkpt lat="47.468725" lon="19.22018"><ele>140</ele></trkpt>
      <trkpt lat="47.468648" lon="19.220094"><ele>140</ele></trkpt>
      <trkpt lat="47.46857" lon="19.220026"><ele>140</ele></trkpt>
      <trkpt lat="47.468498" lon="19.219935"><ele>140</ele></trkpt>
      <trkpt lat="47.468413" lon="19.219881"><ele>140</ele></trkpt>
      <trkpt lat="47.468326" lon="19.219842"><ele>140</ele></trkpt>
      <trkpt lat="47.468239" lon="19.219791"><ele>140</ele></trkpt>
      <trkpt lat="47.468165" lon="19.219708"><ele>140</ele></trkpt>
      <trkpt lat="47.468085" lon="19.219633"><ele>140</ele></trkpt>
      <trkpt lat="47.468007" lon="19.219558"><ele>140</ele></trkpt>
      <trkpt lat="47.468037" lon="19.219432"><ele>140</ele></trkpt>
      <trkpt lat="47.468081" lon="19.219307"><ele>141</ele></trkpt>
      <trkpt lat="47.468114" lon="19.219174"><ele>141</ele></trkpt>
      <trkpt lat="47.468183" lon="19.219086"><ele>140</ele></trkpt>
      <trkpt lat="47.468249" lon="19.218978"><ele>140</ele></trkpt>
      <trkpt lat="47.468296" lon="19.218864"><ele>140</ele></trkpt>
      <trkpt lat="47.468349" lon="19.218753"><ele>140</ele></trkpt>
      <trkpt lat="47.468428" lon="19.218681"><ele>140</ele></trkpt>
      <trkpt lat="47.468481" lon="19.21856"><ele>140</ele></trkpt>
      <trkpt lat="47.46854" lon="19.218446"><ele>141</ele></trkpt>
      <trkpt lat="47.468601" lon="19.218333"><ele>141</ele></trkpt>
      <trkpt lat="47.468673" lon="19.218245"><ele>141</ele></trkpt>
      <trkpt lat="47.468739" lon="19.218147"><ele>141</ele></trkpt>
      <trkpt lat="47.468761" lon="19.21801"><ele>141</ele></trkpt>
      <trkpt lat="47.468796" lon="19.217887"><ele>141</ele></trkpt>
      <trkpt lat="47.468868" lon="19.217793"><ele>142</ele></trkpt>
      <trkpt lat="47.468929" lon="19.217694"><ele>142</ele></trkpt>
      <trkpt lat="47.468885" lon="19.21757"><ele>142</ele></trkpt>
      <trkpt lat="47.468798" lon="19.21748"><ele>142</ele></trkpt>
      <trkpt lat="47.468715" lon="19.217425"><ele>142</ele></trkpt>
      <trkpt lat="47.46863" lon="19.217356"><ele>140</ele></trkpt>
      <trkpt lat="47.468548" lon="19.217289"><ele>141</ele></trkpt>
      <trkpt lat="47.468472" lon="19.217196"><ele>140</ele></trkpt>
      <trkpt lat="47.468393" lon="19.217105"><ele>139</ele></trkpt>
      <trkpt lat="47.46831" lon="19.217038"><ele>141</ele></trkpt>
      <trkpt lat="47.468228" lon="19.216965"><ele>140</ele></trkpt>
      <trkpt lat="47.468145" lon="19.216909"><ele>140</ele></trkpt>
      <trkpt lat="47.468065" lon="19.216842"><ele>140</ele></trkpt>
      <trkpt lat="47.467986" lon="19.216768"><ele>140</ele></trkpt>
      <trkpt lat="47.467899" lon="19.216717"><ele>139</ele></trkpt>
      <trkpt lat="47.467821" lon="19.216638"><ele>140</ele></trkpt>
      <trkpt lat="47.467755" lon="19.21654"><ele>139</ele></trkpt>
      <trkpt lat="47.467683" lon="19.21646"><ele>139</ele></trkpt>
      <trkpt lat="47.467599" lon="19.216402"><ele>140</ele></trkpt>
      <trkpt lat="47.467517" lon="19.216331"><ele>140</ele></trkpt>
      <trkpt lat="47.467436" lon="19.216261"><ele>140</ele></trkpt>
      <trkpt lat="47.467361" lon="19.216182"><ele>140</ele></trkpt>
      <trkpt lat="47.467284" lon="19.216114"><ele>140</ele></trkpt>
      <trkpt lat="47.467201" lon="19.216048"><ele>139</ele></trkpt>
      <trkpt lat="47.467121" lon="19.215985"><ele>139</ele></trkpt>
      <trkpt lat="47.467046" lon="19.215895"><ele>138</ele></trkpt>
      <trkpt lat="47.46697" lon="19.215813"><ele>138</ele></trkpt>
      <trkpt lat="47.466889" lon="19.215737"><ele>139</ele></trkpt>
      <trkpt lat="47.466806" lon="19.215679"><ele>139</ele></trkpt>
      <trkpt lat="47.46672" lon="19.21563"><ele>139</ele></trkpt>
      <trkpt lat="47.46664" lon="19.215563"><ele>139</ele></trkpt>
      <trkpt lat="47.466568" lon="19.215473"><ele>139</ele></trkpt>
      <trkpt lat="47.466496" lon="19.215391"><ele>139</ele></trkpt>
      <trkpt lat="47.466409" lon="19.215349"><ele>139</ele></trkpt>
      <trkpt lat="47.466319" lon="19.215302"><ele>139</ele></trkpt>
      <trkpt lat="47.466237" lon="19.215243"><ele>139</ele></trkpt>
      <trkpt lat="47.46616" lon="19.215174"><ele>139</ele></trkpt>
      <trkpt lat="47.466082" lon="19.215093"><ele>139</ele></trkpt>
      <trkpt lat="47.466002" lon="19.215013"><ele>139</ele></trkpt>
      <trkpt lat="47.465927" lon="19.214935"><ele>139</ele></trkpt>
      <trkpt lat="47.465841" lon="19.214873"><ele>139</ele></trkpt>
      <trkpt lat="47.465755" lon="19.214814"><ele>139</ele></trkpt>
      <trkpt lat="47.46567" lon="19.214758"><ele>139</ele></trkpt>
      <trkpt lat="47.465585" lon="19.214715"><ele>138</ele></trkpt>
      <trkpt lat="47.465505" lon="19.214636"><ele>138</ele></trkpt>
      <trkpt lat="47.465436" lon="19.214545"><ele>138</ele></trkpt>
      <trkpt lat="47.465371" lon="19.214448"><ele>138</ele></trkpt>
      <trkpt lat="47.465288" lon="19.21438"><ele>138</ele></trkpt>
      <trkpt lat="47.465207" lon="19.214317"><ele>138</ele></trkpt>
      <trkpt lat="47.465127" lon="19.214251"><ele>138</ele></trkpt>
      <trkpt lat="47.465053" lon="19.214173"><ele>138</ele></trkpt>
      <trkpt lat="47.464972" lon="19.214102"><ele>137</ele></trkpt>
      <trkpt lat="47.464892" lon="19.214035"><ele>138</ele></trkpt>
      <trkpt lat="47.464816" lon="19.213963"><ele>138</ele></trkpt>
      <trkpt lat="47.46474" lon="19.213888"><ele>137</ele></trkpt>
      <trkpt lat="47.464659" lon="19.213822"><ele>138</ele></trkpt>
      <trkpt lat="47.464581" lon="19.213743"><ele>138</ele></trkpt>
      <trkpt lat="47.464502" lon="19.213665"><ele>138</ele></trkpt>
      <trkpt lat="47.464424" lon="19.213594"><ele>138</ele></trkpt>
      <trkpt lat="47.464349" lon="19.21352"><ele>138</ele></trkpt>
      <trkpt lat="47.464391" lon="19.213399"><ele>139</ele></trkpt>
      <trkpt lat="47.464432" lon="19.21328"><ele>139</ele></trkpt>
      <trkpt lat="47.464428" lon="19.213142"><ele>139</ele></trkpt>
      <trkpt lat="47.464562" lon="19.212961"><ele>138</ele></trkpt>
      <trkpt lat="47.464608" lon="19.212846"><ele>138</ele></trkpt>
      <trkpt lat="47.464625" lon="19.212711"><ele>138</ele></trkpt>
      <trkpt lat="47.46455" lon="19.212631"><ele>138</ele></trkpt>
      <trkpt lat="47.464464" lon="19.212572"><ele>138</ele></trkpt>
      <trkpt lat="47.464389" lon="19.212497"><ele>138</ele></trkpt>
      <trkpt lat="47.464423" lon="19.212363"><ele>137</ele></trkpt>
      <trkpt lat="47.464446" lon="19.212234"><ele>137</ele></trkpt>
      <trkpt lat="47.464496" lon="19.212123"><ele>137</ele></trkpt>
      <trkpt lat="47.464532" lon="19.211994"><ele>137</ele></trkpt>
      <trkpt lat="47.46458" lon="19.211876"><ele>137</ele></trkpt>
      <trkpt lat="47.464638" lon="19.211763"><ele>137</ele></trkpt>
      <trkpt lat="47.464672" lon="19.211635"><ele>137</ele></trkpt>
      <trkpt lat="47.464713" lon="19.21151"><ele>137</ele></trkpt>
      <trkpt lat="47.464744" lon="19.211382"><ele>137</ele></trkpt>
      <trkpt lat="47.46478" lon="19.211256"><ele>137</ele></trkpt>
      <trkpt lat="47.464824" lon="19.211134"><ele>137</ele></trkpt>
      <trkpt lat="47.464872" lon="19.211012"><ele>137</ele></trkpt>
      <trkpt lat="47.46493" lon="19.210909"><ele>137</ele></trkpt>
      <trkpt lat="47.464993" lon="19.210806"><ele>136</ele></trkpt>
      <trkpt lat="47.465057" lon="19.210708"><ele>137</ele></trkpt>
      <trkpt lat="47.465124" lon="19.210458"><ele>136</ele></trkpt>
      <trkpt lat="47.465211" lon="19.210212"><ele>136</ele></trkpt>
      <trkpt lat="47.465246" lon="19.210084"><ele>136</ele></trkpt>
      <trkpt lat="47.465285" lon="19.209953"><ele>136</ele></trkpt>
      <trkpt lat="47.465338" lon="19.209844"><ele>136</ele></trkpt>
      <trkpt lat="47.465393" lon="19.209737"><ele>136</ele></trkpt>
      <trkpt lat="47.465428" lon="19.209609"><ele>136</ele></trkpt>
      <trkpt lat="47.46547" lon="19.209486"><ele>136</ele></trkpt>
      <trkpt lat="47.465527" lon="19.209367"><ele>136</ele></trkpt>
      <trkpt lat="47.465572" lon="19.209246"><ele>136</ele></trkpt>
      <trkpt lat="47.465609" lon="19.209123"><ele>136</ele></trkpt>
      <trkpt lat="47.465654" lon="19.209002"><ele>136</ele></trkpt>
      <trkpt lat="47.465709" lon="19.208893"><ele>136</ele></trkpt>
      <trkpt lat="47.465769" lon="19.208791"><ele>136</ele></trkpt>
      <trkpt lat="47.465823" lon="19.208684"><ele>136</ele></trkpt>
      <trkpt lat="47.465837" lon="19.208546"><ele>137</ele></trkpt>
      <trkpt lat="47.465864" lon="19.208408"><ele>137</ele></trkpt>
      <trkpt lat="47.465926" lon="19.20831"><ele>137</ele></trkpt>
      <trkpt lat="47.465985" lon="19.208204"><ele>137</ele></trkpt>
      <trkpt lat="47.465986" lon="19.208066"><ele>137</ele></trkpt>
      <trkpt lat="47.466033" lon="19.207944"><ele>137</ele></trkpt>
      <trkpt lat="47.466087" lon="19.207833"><ele>137</ele></trkpt>
      <trkpt lat="47.466143" lon="19.207724"><ele>136</ele></trkpt>
      <trkpt lat="47.4662" lon="19.207614"><ele>136</ele></trkpt>
      <trkpt lat="47.466246" lon="19.207497"><ele>136</ele></trkpt>
      <trkpt lat="47.466283" lon="19.207367"><ele>136</ele></trkpt>
      <trkpt lat="47.466336" lon="19.207253"><ele>136</ele></trkpt>
      <trkpt lat="47.466388" lon="19.207142"><ele>137</ele></trkpt>
      <trkpt lat="47.466398" lon="19.207005"><ele>137</ele></trkpt>
      <trkpt lat="47.466392" lon="19.207029"><ele>137</ele></trkpt>
      <trkpt lat="47.466305" lon="19.206978"><ele>137</ele></trkpt>
      <trkpt lat="47.466222" lon="19.206915"><ele>138</ele></trkpt>
      <trkpt lat="47.466133" lon="19.206879"><ele>137</ele></trkpt>
      <trkpt lat="47.46607" lon="19.206769"><ele>137</ele></trkpt>
      <trkpt lat="47.465994" lon="19.20669"><ele>137</ele></trkpt>
      <trkpt lat="47.465912" lon="19.20662"><ele>137</ele></trkpt>
      <trkpt lat="47.465844" lon="19.20653"><ele>138</ele></trkpt>
      <trkpt lat="47.465768" lon="19.206448"><ele>137</ele></trkpt>
      <trkpt lat="47.465691" lon="19.206373"><ele>137</ele></trkpt>
      <trkpt lat="47.465615" lon="19.2063"><ele>138</ele></trkpt>
      <trkpt lat="47.465534" lon="19.206234"><ele>137</ele></trkpt>
      <trkpt lat="47.46545" lon="19.206178"><ele>137</ele></trkpt>
      <trkpt lat="47.465365" lon="19.206112"><ele>138</ele></trkpt>
      <trkpt lat="47.465282" lon="19.206049"><ele>138</ele></trkpt>
      <trkpt lat="47.465205" lon="19.205975"><ele>138</ele></trkpt>
      <trkpt lat="47.465126" lon="19.205905"><ele>139</ele></trkpt>
      <trkpt lat="47.465049" lon="19.205826"><ele>139</ele></trkpt>
      <trkpt lat="47.464973" lon="19.205747"><ele>139</ele></trkpt>
      <trkpt lat="47.464894" lon="19.205668"><ele>139</ele></trkpt>
      <trkpt lat="47.464819" lon="19.205593"><ele>139</ele></trkpt>
      <trkpt lat="47.464741" lon="19.205524"><ele>139</ele></trkpt>
      <trkpt lat="47.46466" lon="19.205447"><ele>139</ele></trkpt>
      <trkpt lat="47.464573" lon="19.205385"><ele>139</ele></trkpt>
      <trkpt lat="47.464493" lon="19.205319"><ele>140</ele></trkpt>
      <trkpt lat="47.464422" lon="19.205223"><ele>140</ele></trkpt>
      <trkpt lat="47.464353" lon="19.205117"><ele>140</ele></trkpt>
      <trkpt lat="47.464268" lon="19.205058"><ele>140</ele></trkpt>
      <trkpt lat="47.464183" lon="19.205011"><ele>140</ele></trkpt>
      <trkpt lat="47.464114" lon="19.204922"><ele>140</ele></trkpt>
      <trkpt lat="47.464038" lon="19.204845"><ele>140</ele></trkpt>
      <trkpt lat="47.463955" lon="19.204779"><ele>140</ele></trkpt>
      <trkpt lat="47.463868" lon="19.204735"><ele>140</ele></trkpt>
      <trkpt lat="47.46379" lon="19.204665"><ele>140</ele></trkpt>
      <trkpt lat="47.463709" lon="19.204603"><ele>140</ele></trkpt>
      <trkpt lat="47.463632" lon="19.204533"><ele>140</ele></trkpt>
      <trkpt lat="47.46356" lon="19.204448"><ele>140</ele></trkpt>
      <trkpt lat="47.463495" lon="19.204347"><ele>140</ele></trkpt>
      <trkpt lat="47.46343" lon="19.204256"><ele>140</ele></trkpt>
      <trkpt lat="47.463349" lon="19.204189"><ele>140</ele></trkpt>
      <trkpt lat="47.463269" lon="19.20412"><ele>140</ele></trkpt>
      <trkpt lat="47.463185" lon="19.204071"><ele>140</ele></trkpt>
      <trkpt lat="47.463123" lon="19.203969"><ele>140</ele></trkpt>
      <trkpt lat="47.463034" lon="19.203907"><ele>140</ele></trkpt>
      <trkpt lat="47.462946" lon="19.203855"><ele>140</ele></trkpt>
      <trkpt lat="47.462876" lon="19.203758"><ele>141</ele></trkpt>
      <trkpt lat="47.462796" lon="19.203675"><ele>140</ele></trkpt>
      <trkpt lat="47.462716" lon="19.203616"><ele>140</ele></trkpt>
      <trkpt lat="47.462631" lon="19.203548"><ele>140</ele></trkpt>
      <trkpt lat="47.462547" lon="19.203494"><ele>140</ele></trkpt>
      <trkpt lat="47.462468" lon="19.203426"><ele>140</ele></trkpt>
      <trkpt lat="47.462395" lon="19.203338"><ele>141</ele></trkpt>
      <trkpt lat="47.462317" lon="19.203253"><ele>141</ele></trkpt>
      <trkpt lat="47.46223" lon="19.203174"><ele>141</ele></trkpt>
      <trkpt lat="47.462139" lon="19.203115"><ele>141</ele></trkpt>
      <trkpt lat="47.462055" lon="19.203062"><ele>141</ele></trkpt>
      <trkpt lat="47.461988" lon="19.20297"><ele>141</ele></trkpt>
      <trkpt lat="47.461923" lon="19.202876"><ele>141</ele></trkpt>
      <trkpt lat="47.461843" lon="19.202802"><ele>141</ele></trkpt>
      <trkpt lat="47.46177" lon="19.202711"><ele>141</ele></trkpt>
      <trkpt lat="47.461693" lon="19.202644"><ele>141</ele></trkpt>
      <trkpt lat="47.461524" lon="19.202542"><ele>142</ele></trkpt>
      <trkpt lat="47.461454" lon="19.202457"><ele>142</ele></trkpt>
      <trkpt lat="47.461369" lon="19.20241"><ele>143</ele></trkpt>
      <trkpt lat="47.461285" lon="19.202361"><ele>142</ele></trkpt>
      <trkpt lat="47.46121" lon="19.202274"><ele>142</ele></trkpt>
      <trkpt lat="47.461126" lon="19.202212"><ele>142</ele></trkpt>
      <trkpt lat="47.461044" lon="19.202157"><ele>143</ele></trkpt>
      <trkpt lat="47.460982" lon="19.20206"><ele>142</ele></trkpt>
      <trkpt lat="47.460905" lon="19.201987"><ele>142</ele></trkpt>
      <trkpt lat="47.460819" lon="19.201933"><ele>142</ele></trkpt>
      <trkpt lat="47.460734" lon="19.201873"><ele>142</ele></trkpt>
      <trkpt lat="47.460649" lon="19.201802"><ele>142</ele></trkpt>
      <trkpt lat="47.460576" lon="19.201706"><ele>142</ele></trkpt>
      <trkpt lat="47.460496" lon="19.201641"><ele>142</ele></trkpt>
      <trkpt lat="47.460423" lon="19.201549"><ele>142</ele></trkpt>
      <trkpt lat="47.460336" lon="19.201496"><ele>142</ele></trkpt>
      <trkpt lat="47.460243" lon="19.201448"><ele>142</ele></trkpt>
      <trkpt lat="47.460167" lon="19.201371"><ele>142</ele></trkpt>
      <trkpt lat="47.460092" lon="19.201292"><ele>142</ele></trkpt>
      <trkpt lat="47.46001" lon="19.201221"><ele>142</ele></trkpt>
      <trkpt lat="47.45993" lon="19.201152"><ele>142</ele></trkpt>
      <trkpt lat="47.459851" lon="19.20108"><ele>142</ele></trkpt>
      <trkpt lat="47.459772" lon="19.201008"><ele>142</ele></trkpt>
      <trkpt lat="47.459702" lon="19.200919"><ele>142</ele></trkpt>
      <trkpt lat="47.459623" lon="19.200851"><ele>142</ele></trkpt>
      <trkpt lat="47.459535" lon="19.200785"><ele>142</ele></trkpt>
      <trkpt lat="47.459457" lon="19.200715"><ele>142</ele></trkpt>
      <trkpt lat="47.459379" lon="19.200631"><ele>142</ele></trkpt>
      <trkpt lat="47.459298" lon="19.200562"><ele>142</ele></trkpt>
      <trkpt lat="47.45922" lon="19.200489"><ele>143</ele></trkpt>
      <trkpt lat="47.459142" lon="19.200407"><ele>143</ele></trkpt>
      <trkpt lat="47.459057" lon="19.200344"><ele>143</ele></trkpt>
      <trkpt lat="47.458984" lon="19.200265"><ele>144</ele></trkpt>
      <trkpt lat="47.458899" lon="19.200207"><ele>144</ele></trkpt>
      <trkpt lat="47.458837" lon="19.200106"><ele>144</ele></trkpt>
      <trkpt lat="47.458762" lon="19.200019"><ele>143</ele></trkpt>
      <trkpt lat="47.458682" lon="19.199955"><ele>143</ele></trkpt>
      <trkpt lat="47.458602" lon="19.199884"><ele>142</ele></trkpt>
      <trkpt lat="47.458527" lon="19.199806"><ele>143</ele></trkpt>
      <trkpt lat="47.458448" lon="19.199732"><ele>143</ele></trkpt>
      <trkpt lat="47.458368" lon="19.19966"><ele>143</ele></trkpt>
      <trkpt lat="47.458292" lon="19.199571"><ele>143</ele></trkpt>
      <trkpt lat="47.458232" lon="19.199464"><ele>143</ele></trkpt>
      <trkpt lat="47.458169" lon="19.199367"><ele>143</ele></trkpt>
      <trkpt lat="47.458108" lon="19.199262"><ele>143</ele></trkpt>
      <trkpt lat="47.458046" lon="19.199158"><ele>143</ele></trkpt>
      <trkpt lat="47.457995" lon="19.199043"><ele>143</ele></trkpt>
      <trkpt lat="47.457921" lon="19.198957"><ele>143</ele></trkpt>
      <trkpt lat="47.457867" lon="19.198834"><ele>143</ele></trkpt>
      <trkpt lat="47.457799" lon="19.198736"><ele>143</ele></trkpt>
      <trkpt lat="47.457736" lon="19.198634"><ele>143</ele></trkpt>
      <trkpt lat="47.457682" lon="19.198521"><ele>143</ele></trkpt>
      <trkpt lat="47.45762" lon="19.198417"><ele>143</ele></trkpt>
      <trkpt lat="47.457561" lon="19.198308"><ele>144</ele></trkpt>
      <trkpt lat="47.45752" lon="19.198185"><ele>144</ele></trkpt>
      <trkpt lat="47.457452" lon="19.198096"><ele>144</ele></trkpt>
      <trkpt lat="47.457386" lon="19.19799"><ele>143</ele></trkpt>
      <trkpt lat="47.457323" lon="19.197887"><ele>143</ele></trkpt>
      <trkpt lat="47.457258" lon="19.197797"><ele>143</ele></trkpt>
      <trkpt lat="47.457206" lon="19.197686"><ele>143</ele></trkpt>
      <trkpt lat="47.457133" lon="19.1976"><ele>143</ele></trkpt>
      <trkpt lat="47.457101" lon="19.197471"><ele>143</ele></trkpt>
      <trkpt lat="47.45705" lon="19.197361"><ele>143</ele></trkpt>
      <trkpt lat="47.456975" lon="19.197275"><ele>143</ele></trkpt>
      <trkpt lat="47.456921" lon="19.197161"><ele>143</ele></trkpt>
      <trkpt lat="47.456852" lon="19.197071"><ele>143</ele></trkpt>
      <trkpt lat="47.456785" lon="19.196971"><ele>143</ele></trkpt>
      <trkpt lat="47.456698" lon="19.196927"><ele>143</ele></trkpt>
      <trkpt lat="47.456604" lon="19.196937"><ele>143</ele></trkpt>
      <trkpt lat="47.45651" lon="19.196923"><ele>143</ele></trkpt>
      <trkpt lat="47.456419" lon="19.196898"><ele>143</ele></trkpt>
      <trkpt lat="47.456324" lon="19.196893"><ele>143</ele></trkpt>
      <trkpt lat="47.456229" lon="19.196888"><ele>143</ele></trkpt>
      <trkpt lat="47.456134" lon="19.196876"><ele>143</ele></trkpt>
      <trkpt lat="47.456036" lon="19.196869"><ele>143</ele></trkpt>
      <trkpt lat="47.455945" lon="19.196865"><ele>143</ele></trkpt>
      <trkpt lat="47.455853" lon="19.196838"><ele>143</ele></trkpt>
      <trkpt lat="47.455759" lon="19.196842"><ele>143</ele></trkpt>
      <trkpt lat="47.455668" lon="19.196817"><ele>143</ele></trkpt>
      <trkpt lat="47.455575" lon="19.196819"><ele>143</ele></trkpt>
      <trkpt lat="47.455485" lon="19.196802"><ele>143</ele></trkpt>
      <trkpt lat="47.455409" lon="19.196727"><ele>143</ele></trkpt>
      <trkpt lat="47.455316" lon="19.196709"><ele>143</ele></trkpt>
      <trkpt lat="47.455221" lon="19.196696"><ele>143</ele></trkpt>
      <trkpt lat="47.455131" lon="19.196687"><ele>143</ele></trkpt>
      <trkpt lat="47.455043" lon="19.196727"><ele>143</ele></trkpt>
      <trkpt lat="47.454952" lon="19.196713"><ele>143</ele></trkpt>
      <trkpt lat="47.454861" lon="19.196695"><ele>143</ele></trkpt>
      <trkpt lat="47.454764" lon="19.196695"><ele>143</ele></trkpt>
      <trkpt lat="47.454677" lon="19.19675"><ele>143</ele></trkpt>
      <trkpt lat="47.454622" lon="19.196865"><ele>143</ele></trkpt>
      <trkpt lat="47.454554" lon="19.196959"><ele>143</ele></trkpt>
      <trkpt lat="47.454487" lon="19.197057"><ele>143</ele></trkpt>
      <trkpt lat="47.454483" lon="19.197195"><ele>143</ele></trkpt>
      <trkpt lat="47.45441" lon="19.197282"><ele>143</ele></trkpt>
      <trkpt lat="47.454332" lon="19.197353"><ele>143</ele></trkpt>
      <trkpt lat="47.45427" lon="19.197452"><ele>143</ele></trkpt>
      <trkpt lat="47.454189" lon="19.197529"><ele>142</ele></trkpt>
      <trkpt lat="47.454096" lon="19.197489"><ele>142</ele></trkpt>
      <trkpt lat="47.454048" lon="19.197367"><ele>142</ele></trkpt>
      <trkpt lat="47.453989" lon="19.197253"><ele>142</ele></trkpt>
      <trkpt lat="47.45392" lon="19.197167"><ele>143</ele></trkpt>
      <trkpt lat="47.453859" lon="19.197059"><ele>143</ele></trkpt>
      <trkpt lat="47.453791" lon="19.19696"><ele>143</ele></trkpt>
      <trkpt lat="47.453728" lon="19.196853"><ele>143</ele></trkpt>
      <trkpt lat="47.453673" lon="19.196743"><ele>142</ele></trkpt>
      <trkpt lat="47.453628" lon="19.196625"><ele>142</ele></trkpt>
      <trkpt lat="47.453563" lon="19.196532"><ele>142</ele></trkpt>
      <trkpt lat="47.4535" lon="19.196428"><ele>142</ele></trkpt>
      <trkpt lat="47.453449" lon="19.196314"><ele>142</ele></trkpt>
      <trkpt lat="47.453392" lon="19.196209"><ele>142</ele></trkpt>
      <trkpt lat="47.453325" lon="19.196117"><ele>143</ele></trkpt>
      <trkpt lat="47.453267" lon="19.196013"><ele>143</ele></trkpt>
      <trkpt lat="47.453197" lon="19.195915"><ele>143</ele></trkpt>
      <trkpt lat="47.453173" lon="19.195785"><ele>143</ele></trkpt>
      <trkpt lat="47.453115" lon="19.19567"><ele>143</ele></trkpt>
      <trkpt lat="47.453023" lon="19.195646"><ele>143</ele></trkpt>
      <trkpt lat="47.45299" lon="19.195509"><ele>143</ele></trkpt>
      <trkpt lat="47.452943" lon="19.195394"><ele>143</ele></trkpt>
      <trkpt lat="47.452849" lon="19.195366"><ele>143</ele></trkpt>
      <trkpt lat="47.452756" lon="19.195339"><ele>143</ele></trkpt>
      <trkpt lat="47.45267" lon="19.195295"><ele>143</ele></trkpt>
      <trkpt lat="47.452583" lon="19.195252"><ele>143</ele></trkpt>
      <trkpt lat="47.452501" lon="19.195183"><ele>143</ele></trkpt>
      <trkpt lat="47.452415" lon="19.195119"><ele>143</ele></trkpt>
      <trkpt lat="47.452336" lon="19.195044"><ele>143</ele></trkpt>
      <trkpt lat="47.452255" lon="19.194975"><ele>143</ele></trkpt>
      <trkpt lat="47.452167" lon="19.194926"><ele>143</ele></trkpt>
      <trkpt lat="47.4521" lon="19.194825"><ele>143</ele></trkpt>
      <trkpt lat="47.452017" lon="19.194771"><ele>143</ele></trkpt>
      <trkpt lat="47.451928" lon="19.194737"><ele>143</ele></trkpt>
      <trkpt lat="47.451841" lon="19.194692"><ele>143</ele></trkpt>
      <trkpt lat="47.451754" lon="19.194653"><ele>143</ele></trkpt>
      <trkpt lat="47.451672" lon="19.194574"><ele>143</ele></trkpt>
      <trkpt lat="47.451592" lon="19.194497"><ele>143</ele></trkpt>
      <trkpt lat="47.451501" lon="19.194468"><ele>143</ele></trkpt>
      <trkpt lat="47.451424" lon="19.194549"><ele>143</ele></trkpt>
      <trkpt lat="47.451331" lon="19.194531"><ele>143</ele></trkpt>
      <trkpt lat="47.45125" lon="19.194464"><ele>143</ele></trkpt>
      <trkpt lat="47.451173" lon="19.194396"><ele>143</ele></trkpt>
      <trkpt lat="47.451094" lon="19.194479"><ele>143</ele></trkpt>
      <trkpt lat="47.45107" lon="19.194615"><ele>143</ele></trkpt>
      <trkpt lat="47.451029" lon="19.194741"><ele>143</ele></trkpt>
      <trkpt lat="47.450985" lon="19.194861"><ele>143</ele></trkpt>
      <trkpt lat="47.450956" lon="19.194989"><ele>143</ele></trkpt>
      <trkpt lat="47.450921" lon="19.195115"><ele>142</ele></trkpt>
      <trkpt lat="47.450885" lon="19.195249"><ele>141</ele></trkpt>
      <trkpt lat="47.450819" lon="19.195345"><ele>142</ele></trkpt>
      <trkpt lat="47.450725" lon="19.195372"><ele>141</ele></trkpt>
      <trkpt lat="47.450629" lon="19.195331"><ele>142</ele></trkpt>
      <trkpt lat="47.450576" lon="19.195207"><ele>142</ele></trkpt>
      <trkpt lat="47.450506" lon="19.195112"><ele>142</ele></trkpt>
      <trkpt lat="47.450417" lon="19.195073"><ele>142</ele></trkpt>
      <trkpt lat="47.450325" lon="19.195038"><ele>142</ele></trkpt>
      <trkpt lat="47.450233" lon="19.195002"><ele>142</ele></trkpt>
      <trkpt lat="47.450147" lon="19.194939"><ele>142</ele></trkpt>
      <trkpt lat="47.450063" lon="19.19488"><ele>142</ele></trkpt>
      <trkpt lat="47.449979" lon="19.194816"><ele>142</ele></trkpt>
      <trkpt lat="47.449901" lon="19.19475"><ele>142</ele></trkpt>
      <trkpt lat="47.449819" lon="19.194676"><ele>142</ele></trkpt>
      <trkpt lat="47.449743" lon="19.194601"><ele>142</ele></trkpt>
      <trkpt lat="47.449655" lon="19.194548"><ele>142</ele></trkpt>
      <trkpt lat="47.449566" lon="19.194513"><ele>142</ele></trkpt>
      <trkpt lat="47.449476" lon="19.19447"><ele>142</ele></trkpt>
      <trkpt lat="47.449386" lon="19.194434"><ele>142</ele></trkpt>
      <trkpt lat="47.449301" lon="19.194368"><ele>142</ele></trkpt>
      <trkpt lat="47.449214" lon="19.194316"><ele>142</ele></trkpt>
      <trkpt lat="47.449126" lon="19.194275"><ele>142</ele></trkpt>
      <trkpt lat="47.449036" lon="19.194265"><ele>142</ele></trkpt>
      <trkpt lat="47.44901" lon="19.194399"><ele>142</ele></trkpt>
      <trkpt lat="47.448984" lon="19.194531"><ele>142</ele></trkpt>
      <trkpt lat="47.448938" lon="19.194649"><ele>141</ele></trkpt>
      <trkpt lat="47.448894" lon="19.194767"><ele>141</ele></trkpt>
      <trkpt lat="47.448849" lon="19.194885"><ele>141</ele></trkpt>
      <trkpt lat="47.448798" lon="19.195005"><ele>141</ele></trkpt>
      <trkpt lat="47.448741" lon="19.195122"><ele>141</ele></trkpt>
      <trkpt lat="47.448661" lon="19.19519"><ele>140</ele></trkpt>
      <trkpt lat="47.448579" lon="19.195118"><ele>140</ele></trkpt>
      <trkpt lat="47.448488" lon="19.1951"><ele>140</ele></trkpt>
      <trkpt lat="47.448395" lon="19.195063"><ele>140</ele></trkpt>
      <trkpt lat="47.448316" lon="19.194997"><ele>140</ele></trkpt>
      <trkpt lat="47.448249" lon="19.194896"><ele>140</ele></trkpt>
      <trkpt lat="47.448159" lon="19.194841"><ele>140</ele></trkpt>
      <trkpt lat="47.448071" lon="19.194788"><ele>140</ele></trkpt>
      <trkpt lat="47.447987" lon="19.194731"><ele>140</ele></trkpt>
      <trkpt lat="47.447907" lon="19.194651"><ele>140</ele></trkpt>
      <trkpt lat="47.447815" lon="19.194619"><ele>140</ele></trkpt>
      <trkpt lat="47.447726" lon="19.19457"><ele>140</ele></trkpt>
      <trkpt lat="47.447645" lon="19.19451"><ele>140</ele></trkpt>
      <trkpt lat="47.447572" lon="19.19442"><ele>141</ele></trkpt>
      <trkpt lat="47.447481" lon="19.194393"><ele>140</ele></trkpt>
      <trkpt lat="47.447388" lon="19.194375"><ele>140</ele></trkpt>
      <trkpt lat="47.447311" lon="19.194297"><ele>140</ele></trkpt>
      <trkpt lat="47.447223" lon="19.194248"><ele>140</ele></trkpt>
      <trkpt lat="47.447146" lon="19.194171"><ele>140</ele></trkpt>
      <trkpt lat="47.44705" lon="19.194144"><ele>140</ele></trkpt>
      <trkpt lat="47.446979" lon="19.194061"><ele>140</ele></trkpt>
      <trkpt lat="47.446888" lon="19.194016"><ele>140</ele></trkpt>
      <trkpt lat="47.446804" lon="19.193959"><ele>140</ele></trkpt>
      <trkpt lat="47.446718" lon="19.193909"><ele>140</ele></trkpt>
      <trkpt lat="47.446639" lon="19.193833"><ele>140</ele></trkpt>
      <trkpt lat="47.44655" lon="19.193783"><ele>140</ele></trkpt>
      <trkpt lat="47.446464" lon="19.193729"><ele>140</ele></trkpt>
      <trkpt lat="47.446413" lon="19.193841"><ele>140</ele></trkpt>
      <trkpt lat="47.446382" lon="19.193972"><ele>140</ele></trkpt>
      <trkpt lat="47.446344" lon="19.194097"><ele>140</ele></trkpt>
      <trkpt lat="47.446285" lon="19.194203"><ele>140</ele></trkpt>
      <trkpt lat="47.446245" lon="19.194329"><ele>139</ele></trkpt>
      <trkpt lat="47.446216" lon="19.194462"><ele>139</ele></trkpt>
      <trkpt lat="47.446175" lon="19.19458"><ele>139</ele></trkpt>
      <trkpt lat="47.446089" lon="19.194633"><ele>139</ele></trkpt>
      <trkpt lat="47.446005" lon="19.194577"><ele>139</ele></trkpt>
      <trkpt lat="47.445922" lon="19.194518"><ele>139</ele></trkpt>
      <trkpt lat="47.445835" lon="19.194468"><ele>139</ele></trkpt>
      <trkpt lat="47.44576" lon="19.194396"><ele>139</ele></trkpt>
      <trkpt lat="47.445679" lon="19.194326"><ele>139</ele></trkpt>
      <trkpt lat="47.445587" lon="19.194289"><ele>139</ele></trkpt>
      <trkpt lat="47.445505" lon="19.194224"><ele>139</ele></trkpt>
      <trkpt lat="47.44543" lon="19.194309"><ele>138</ele></trkpt>
      <trkpt lat="47.445334" lon="19.194287"><ele>138</ele></trkpt>
      <trkpt lat="47.445243" lon="19.194258"><ele>138</ele></trkpt>
      <trkpt lat="47.445157" lon="19.194215"><ele>138</ele></trkpt>
      <trkpt lat="47.44507" lon="19.194179"><ele>138</ele></trkpt>
      <trkpt lat="47.445001" lon="19.194077"><ele>138</ele></trkpt>
      <trkpt lat="47.444938" lon="19.193982"><ele>137</ele></trkpt>
      <trkpt lat="47.44485" lon="19.193932"><ele>137</ele></trkpt>
      <trkpt lat="47.444773" lon="19.193847"><ele>137</ele></trkpt>
      <trkpt lat="47.444683" lon="19.193803"><ele>137</ele></trkpt>
      <trkpt lat="47.444601" lon="19.19375"><ele>137</ele></trkpt>
      <trkpt lat="47.444524" lon="19.19367"><ele>137</ele></trkpt>
      <trkpt lat="47.444437" lon="19.193624"><ele>137</ele></trkpt>
      <trkpt lat="47.444361" lon="19.193548"><ele>137</ele></trkpt>
      <trkpt lat="47.444275" lon="19.193495"><ele>136</ele></trkpt>
      <trkpt lat="47.444194" lon="19.193436"><ele>136</ele></trkpt>
      <trkpt lat="47.444122" lon="19.193351"><ele>136</ele></trkpt>
      <trkpt lat="47.444038" lon="19.19329"><ele>136</ele></trkpt>
      <trkpt lat="47.443952" lon="19.193229"><ele>136</ele></trkpt>
      <trkpt lat="47.443867" lon="19.193169"><ele>136</ele></trkpt>
      <trkpt lat="47.443795" lon="19.19309"><ele>136</ele></trkpt>
      <trkpt lat="47.443714" lon="19.193024"><ele>136</ele></trkpt>
      <trkpt lat="47.443632" lon="19.192964"><ele>136</ele></trkpt>
      <trkpt lat="47.443554" lon="19.192894"><ele>135</ele></trkpt>
      <trkpt lat="47.443471" lon="19.192822"><ele>136</ele></trkpt>
      <trkpt lat="47.443393" lon="19.192754"><ele>136</ele></trkpt>
      <trkpt lat="47.44331" lon="19.192686"><ele>135</ele></trkpt>
      <trkpt lat="47.443222" lon="19.19263"><ele>135</ele></trkpt>
      <trkpt lat="47.443145" lon="19.192552"><ele>135</ele></trkpt>
      <trkpt lat="47.443067" lon="19.192486"><ele>136</ele></trkpt>
      <trkpt lat="47.442984" lon="19.192433"><ele>136</ele></trkpt>
      <trkpt lat="47.442912" lon="19.192513"><ele>136</ele></trkpt>
      <trkpt lat="47.442882" lon="19.192639"><ele>136</ele></trkpt>
      <trkpt lat="47.442845" lon="19.192761"><ele>136</ele></trkpt>
      <trkpt lat="47.442806" lon="19.192891"><ele>135</ele></trkpt>
      <trkpt lat="47.442764" lon="19.193008"><ele>135</ele></trkpt>
      <trkpt lat="47.442728" lon="19.193137"><ele>135</ele></trkpt>
      <trkpt lat="47.44266" lon="19.193224"><ele>135</ele></trkpt>
      <trkpt lat="47.442625" lon="19.193362"><ele>135</ele></trkpt>
      <trkpt lat="47.442566" lon="19.193468"><ele>135</ele></trkpt>
      <trkpt lat="47.442516" lon="19.193579"><ele>135</ele></trkpt>
      <trkpt lat="47.442473" lon="19.1937"><ele>135</ele></trkpt>
      <trkpt lat="47.442428" lon="19.193819"><ele>135</ele></trkpt>
      <trkpt lat="47.442383" lon="19.193943"><ele>135</ele></trkpt>
      <trkpt lat="47.442348" lon="19.194079"><ele>135</ele></trkpt>
      <trkpt lat="47.442295" lon="19.194193"><ele>135</ele></trkpt>
      <trkpt lat="47.442242" lon="19.194307"><ele>135</ele></trkpt>
      <trkpt lat="47.442208" lon="19.194432"><ele>135</ele></trkpt>
      <trkpt lat="47.442161" lon="19.194549"><ele>135</ele></trkpt>
      <trkpt lat="47.442123" lon="19.194678"><ele>135</ele></trkpt>
      <trkpt lat="47.442074" lon="19.194796"><ele>135</ele></trkpt>
      <trkpt lat="47.442038" lon="19.194923"><ele>135</ele></trkpt>
      <trkpt lat="47.441989" lon="19.195036"><ele>135</ele></trkpt>
      <trkpt lat="47.442035" lon="19.195154"><ele>135</ele></trkpt>
      <trkpt lat="47.441941" lon="19.195164"><ele>135</ele></trkpt>
      <trkpt lat="47.441854" lon="19.195124"><ele>135</ele></trkpt>
      <trkpt lat="47.441807" lon="19.195245"><ele>136</ele></trkpt>
      <trkpt lat="47.441776" lon="19.19539"><ele>135</ele></trkpt>
      <trkpt lat="47.441719" lon="19.195493"><ele>135</ele></trkpt>
      <trkpt lat="47.44167" lon="19.195607"><ele>135</ele></trkpt>
      <trkpt lat="47.441662" lon="19.195742"><ele>136</ele></trkpt>
      <trkpt lat="47.441573" lon="19.195718"><ele>136</ele></trkpt>
      <trkpt lat="47.441483" lon="19.195669"><ele>135</ele></trkpt>
      <trkpt lat="47.441396" lon="19.195611"><ele>135</ele></trkpt>
      <trkpt lat="47.441311" lon="19.19556"><ele>137</ele></trkpt>
      <trkpt lat="47.441222" lon="19.195508"><ele>137</ele></trkpt>
      <trkpt lat="47.441133" lon="19.195466"><ele>136</ele></trkpt>
      <trkpt lat="47.441054" lon="19.195396"><ele>137</ele></trkpt>
      <trkpt lat="47.440968" lon="19.195347"><ele>137</ele></trkpt>
      <trkpt lat="47.440878" lon="19.195304"><ele>137</ele></trkpt>
      <trkpt lat="47.440788" lon="19.195272"><ele>136</ele></trkpt>
      <trkpt lat="47.440697" lon="19.195233"><ele>136</ele></trkpt>
      <trkpt lat="47.440606" lon="19.195201"><ele>136</ele></trkpt>
      <trkpt lat="47.440514" lon="19.195182"><ele>137</ele></trkpt>
      <trkpt lat="47.440425" lon="19.195142"><ele>136</ele></trkpt>
      <trkpt lat="47.440335" lon="19.195122"><ele>136</ele></trkpt>
      <trkpt lat="47.44024" lon="19.195089"><ele>136</ele></trkpt>
      <trkpt lat="47.440147" lon="19.195067"><ele>136</ele></trkpt>
      <trkpt lat="47.440055" lon="19.195075"><ele>136</ele></trkpt>
      <trkpt lat="47.439959" lon="19.195075"><ele>136</ele></trkpt>
      <trkpt lat="47.439869" lon="19.195054"><ele>136</ele></trkpt>
      <trkpt lat="47.43978" lon="19.195034"><ele>136</ele></trkpt>
      <trkpt lat="47.43969" lon="19.195049"><ele>136</ele></trkpt>
      <trkpt lat="47.439592" lon="19.195054"><ele>136</ele></trkpt>
      <trkpt lat="47.439499" lon="19.195058"><ele>136</ele></trkpt>
      <trkpt lat="47.439405" lon="19.195053"><ele>135</ele></trkpt>
      <trkpt lat="47.439311" lon="19.195046"><ele>135</ele></trkpt>
      <trkpt lat="47.439216" lon="19.19503"><ele>135</ele></trkpt>
      <trkpt lat="47.439124" lon="19.195032"><ele>135</ele></trkpt>
      <trkpt lat="47.439033" lon="19.195052"><ele>135</ele></trkpt>
      <trkpt lat="47.43894" lon="19.195053"><ele>136</ele></trkpt>
      <trkpt lat="47.438846" lon="19.19508"><ele>135</ele></trkpt>
      <trkpt lat="47.438756" lon="19.195097"><ele>135</ele></trkpt>
      <trkpt lat="47.438673" lon="19.195158"><ele>135</ele></trkpt>
      <trkpt lat="47.438582" lon="19.195171"><ele>135</ele></trkpt>
      <trkpt lat="47.438494" lon="19.195214"><ele>135</ele></trkpt>
      <trkpt lat="47.438405" lon="19.195237"><ele>135</ele></trkpt>
      <trkpt lat="47.438315" lon="19.195299"><ele>135</ele></trkpt>
      <trkpt lat="47.438229" lon="19.195348"><ele>134</ele></trkpt>
      <trkpt lat="47.438145" lon="19.1954"><ele>135</ele></trkpt>
      <trkpt lat="47.438061" lon="19.195458"><ele>134</ele></trkpt>
      <trkpt lat="47.437974" lon="19.195494"><ele>134</ele></trkpt>
      <trkpt lat="47.437887" lon="19.195532"><ele>134</ele></trkpt>
      <trkpt lat="47.437797" lon="19.19556"><ele>134</ele></trkpt>
      <trkpt lat="47.43771" lon="19.195615"><ele>134</ele></trkpt>
      <trkpt lat="47.437639" lon="19.19571"><ele>134</ele></trkpt>
      <trkpt lat="47.43756" lon="19.195796"><ele>134</ele></trkpt>
      <trkpt lat="47.437483" lon="19.19587"><ele>134</ele></trkpt>
      <trkpt lat="47.437404" lon="19.195936"><ele>134</ele></trkpt>
      <trkpt lat="47.43733" lon="19.196023"><ele>134</ele></trkpt>
      <trkpt lat="47.43725" lon="19.196092"><ele>134</ele></trkpt>
      <trkpt lat="47.437185" lon="19.196194"><ele>134</ele></trkpt>
      <trkpt lat="47.437107" lon="19.196271"><ele>134</ele></trkpt>
      <trkpt lat="47.437019" lon="19.196308"><ele>134</ele></trkpt>
      <trkpt lat="47.436946" lon="19.196393"><ele>134</ele></trkpt>
      <trkpt lat="47.436885" lon="19.196495"><ele>134</ele></trkpt>
      <trkpt lat="47.436805" lon="19.196557"><ele>134</ele></trkpt>
      <trkpt lat="47.436724" lon="19.196621"><ele>134</ele></trkpt>
      <trkpt lat="47.436641" lon="19.196691"><ele>134</ele></trkpt>
      <trkpt lat="47.436585" lon="19.196797"><ele>134</ele></trkpt>
      <trkpt lat="47.436527" lon="19.196909"><ele>134</ele></trkpt>
      <trkpt lat="47.436437" lon="19.196933"><ele>134</ele></trkpt>
      <trkpt lat="47.436342" lon="19.19692"><ele>134</ele></trkpt>
      <trkpt lat="47.436246" lon="19.196889"><ele>134</ele></trkpt>
      <trkpt lat="47.436232" lon="19.19703"><ele>133</ele></trkpt>
      <trkpt lat="47.436135" lon="19.19705"><ele>133</ele></trkpt>
      <trkpt lat="47.436049" lon="19.197098"><ele>134</ele></trkpt>
      <trkpt lat="47.435974" lon="19.197175"><ele>133</ele></trkpt>
      <trkpt lat="47.435912" lon="19.197279"><ele>133</ele></trkpt>
      <trkpt lat="47.435818" lon="19.197306"><ele>133</ele></trkpt>
      <trkpt lat="47.43573" lon="19.197342"><ele>133</ele></trkpt>
      <trkpt lat="47.435658" lon="19.197431"><ele>133</ele></trkpt>
      <trkpt lat="47.435603" lon="19.19754"><ele>133</ele></trkpt>
      <trkpt lat="47.435529" lon="19.197631"><ele>132</ele></trkpt>
      <trkpt lat="47.435456" lon="19.197713"><ele>132</ele></trkpt>
      <trkpt lat="47.43538" lon="19.197788"><ele>132</ele></trkpt>
      <trkpt lat="47.435308" lon="19.197872"><ele>131</ele></trkpt>
      <trkpt lat="47.435242" lon="19.19797"><ele>131</ele></trkpt>
      <trkpt lat="47.435165" lon="19.198045"><ele>131</ele></trkpt>
      <trkpt lat="47.43508" lon="19.19811"><ele>131</ele></trkpt>
      <trkpt lat="47.434995" lon="19.198174"><ele>131</ele></trkpt>
      <trkpt lat="47.434909" lon="19.198245"><ele>131</ele></trkpt>
      <trkpt lat="47.434828" lon="19.198315"><ele>131</ele></trkpt>
      <trkpt lat="47.434757" lon="19.198409"><ele>131</ele></trkpt>
      <trkpt lat="47.434673" lon="19.19847"><ele>131</ele></trkpt>
      <trkpt lat="47.434588" lon="19.198516"><ele>131</ele></trkpt>
      <trkpt lat="47.43451" lon="19.198592"><ele>131</ele></trkpt>
      <trkpt lat="47.43443" lon="19.198651"><ele>131</ele></trkpt>
      <trkpt lat="47.434352" lon="19.198722"><ele>131</ele></trkpt>
      <trkpt lat="47.434265" lon="19.198773"><ele>131</ele></trkpt>
      <trkpt lat="47.43424033031849" lon="19.198818158113113"><ele>131</ele></trkpt>
      <trkpt lat="47.434155" lon="19.198844"><ele>126.75</ele></trkpt>
      <trkpt lat="47.434141" lon="19.198749"><ele>127</ele></trkpt>
      <trkpt lat="47.434131" lon="19.198694"><ele>127</ele></trkpt>
      <trkpt lat="47.434064" lon="19.198722"><ele>127</ele></trkpt>
      <trkpt lat="47.434083" lon="19.198815"><ele>131</ele></trkpt>
      <trkpt lat="47.433987" lon="19.198815"><ele>131</ele></trkpt>
      <trkpt lat="47.433891" lon="19.198828"><ele>131</ele></trkpt>
      <trkpt lat="47.4338" lon="19.198862"><ele>130</ele></trkpt>
      <trkpt lat="47.433708" lon="19.198871"><ele>131</ele></trkpt>
      <trkpt lat="47.433621" lon="19.198911"><ele>131</ele></trkpt>
      <trkpt lat="47.433531" lon="19.198956"><ele>130</ele></trkpt>
      <trkpt lat="47.43344" lon="19.198956"><ele>130</ele></trkpt>
      <trkpt lat="47.433352" lon="19.198987"><ele>131</ele></trkpt>
      <trkpt lat="47.433262" lon="19.198992"><ele>131</ele></trkpt>
      <trkpt lat="47.433167" lon="19.19902"><ele>130</ele></trkpt>
      <trkpt lat="47.433087" lon="19.19908"><ele>129</ele></trkpt>
      <trkpt lat="47.432998" lon="19.199121"><ele>130</ele></trkpt>
      <trkpt lat="47.432908" lon="19.199107"><ele>130</ele></trkpt>
      <trkpt lat="47.432817" lon="19.199119"><ele>130</ele></trkpt>
      <trkpt lat="47.432722" lon="19.199126"><ele>130</ele></trkpt>
      <trkpt lat="47.432631" lon="19.199123"><ele>129</ele></trkpt>
      <trkpt lat="47.432538" lon="19.199127"><ele>129</ele></trkpt>
      <trkpt lat="47.432448" lon="19.199098"><ele>129</ele></trkpt>
      <trkpt lat="47.432356" lon="19.199101"><ele>129</ele></trkpt>
      <trkpt lat="47.432263" lon="19.19909"><ele>129</ele></trkpt>
      <trkpt lat="47.432166" lon="19.19906"><ele>129</ele></trkpt>
      <trkpt lat="47.43207" lon="19.199052"><ele>129</ele></trkpt>
      <trkpt lat="47.431982" lon="19.199023"><ele>129</ele></trkpt>
      <trkpt lat="47.431891" lon="19.198983"><ele>129</ele></trkpt>
      <trkpt lat="47.431798" lon="19.198975"><ele>129</ele></trkpt>
      <trkpt lat="47.431703" lon="19.198965"><ele>129</ele></trkpt>
      <trkpt lat="47.431618" lon="19.19892"><ele>129</ele></trkpt>
      <trkpt lat="47.43153" lon="19.198879"><ele>129</ele></trkpt>
      <trkpt lat="47.431444" lon="19.198811"><ele>129</ele></trkpt>
      <trkpt lat="47.431357" lon="19.198777"><ele>129</ele></trkpt>
      <trkpt lat="47.431261" lon="19.198749"><ele>129</ele></trkpt>
      <trkpt lat="47.431176" lon="19.198698"><ele>129</ele></trkpt>
      <trkpt lat="47.431096" lon="19.198631"><ele>129</ele></trkpt>
      <trkpt lat="47.431004" lon="19.198608"><ele>129</ele></trkpt>
      <trkpt lat="47.430914" lon="19.198559"><ele>129</ele></trkpt>
      <trkpt lat="47.43082" lon="19.198519"><ele>129</ele></trkpt>
      <trkpt lat="47.430722" lon="19.198478"><ele>129</ele></trkpt>
      <trkpt lat="47.430633" lon="19.198443"><ele>129</ele></trkpt>
      <trkpt lat="47.430544" lon="19.198375"><ele>129</ele></trkpt>
      <trkpt lat="47.430453" lon="19.198337"><ele>129</ele></trkpt>
      <trkpt lat="47.430371" lon="19.198268"><ele>129</ele></trkpt>
      <trkpt lat="47.43027" lon="19.198218"><ele>129</ele></trkpt>
      <trkpt lat="47.430193" lon="19.19812"><ele>128</ele></trkpt>
      <trkpt lat="47.43011" lon="19.198061"><ele>128</ele></trkpt>
      <trkpt lat="47.430028" lon="19.197996"><ele>127</ele></trkpt>
      <trkpt lat="47.429951" lon="19.197926"><ele>127</ele></trkpt>
      <trkpt lat="47.429863" lon="19.197872"><ele>127</ele></trkpt>
      <trkpt lat="47.42978" lon="19.197808"><ele>127</ele></trkpt>
      <trkpt lat="47.429698" lon="19.197751"><ele>127</ele></trkpt>
      <trkpt lat="47.429613" lon="19.197692"><ele>127</ele></trkpt>
      <trkpt lat="47.429536" lon="19.197619"><ele>127</ele></trkpt>
      <trkpt lat="47.429448" lon="19.197573"><ele>127</ele></trkpt>
      <trkpt lat="47.429361" lon="19.197525"><ele>127</ele></trkpt>
      <trkpt lat="47.429283" lon="19.197428"><ele>127</ele></trkpt>
      <trkpt lat="47.429211" lon="19.197348"><ele>127</ele></trkpt>
      <trkpt lat="47.429127" lon="19.197281"><ele>127</ele></trkpt>
      <trkpt lat="47.42904" lon="19.197238"><ele>127</ele></trkpt>
      <trkpt lat="47.428962" lon="19.197161"><ele>127</ele></trkpt>
      <trkpt lat="47.428874" lon="19.197116"><ele>127</ele></trkpt>
      <trkpt lat="47.428815" lon="19.197012"><ele>127</ele></trkpt>
      <trkpt lat="47.428728" lon="19.196957"><ele>127</ele></trkpt>
      <trkpt lat="47.428641" lon="19.196927"><ele>127</ele></trkpt>
      <trkpt lat="47.428556" lon="19.196866"><ele>127</ele></trkpt>
      <trkpt lat="47.428494" lon="19.196768"><ele>127</ele></trkpt>
      <trkpt lat="47.428416" lon="19.196701"><ele>127</ele></trkpt>
      <trkpt lat="47.428328" lon="19.196649"><ele>127</ele></trkpt>
      <trkpt lat="47.428245" lon="19.196593"><ele>127</ele></trkpt>
      <trkpt lat="47.428158" lon="19.196538"><ele>127</ele></trkpt>
      <trkpt lat="47.428084" lon="19.196452"><ele>127</ele></trkpt>
      <trkpt lat="47.428001" lon="19.196381"><ele>127</ele></trkpt>
      <trkpt lat="47.427917" lon="19.196327"><ele>127</ele></trkpt>
      <trkpt lat="47.42784" lon="19.196256"><ele>127</ele></trkpt>
      <trkpt lat="47.427754" lon="19.196215"><ele>127</ele></trkpt>
      <trkpt lat="47.42767" lon="19.196145"><ele>127</ele></trkpt>
      <trkpt lat="47.427586" lon="19.196086"><ele>127</ele></trkpt>
      <trkpt lat="47.427498" lon="19.196027"><ele>127</ele></trkpt>
      <trkpt lat="47.427431" lon="19.195933"><ele>127</ele></trkpt>
      <trkpt lat="47.427347" lon="19.195887"><ele>126</ele></trkpt>
      <trkpt lat="47.427263" lon="19.19583"><ele>127</ele></trkpt>
      <trkpt lat="47.427178" lon="19.195779"><ele>127</ele></trkpt>
      <trkpt lat="47.427102" lon="19.1957"><ele>126</ele></trkpt>
      <trkpt lat="47.427012" lon="19.195645"><ele>126</ele></trkpt>
      <trkpt lat="47.426934" lon="19.195575"><ele>127</ele></trkpt>
      <trkpt lat="47.426863" lon="19.195485"><ele>127</ele></trkpt>
      <trkpt lat="47.426778" lon="19.195434"><ele>127</ele></trkpt>
      <trkpt lat="47.426691" lon="19.195392"><ele>127</ele></trkpt>
      <trkpt lat="47.426615" lon="19.195478"><ele>127</ele></trkpt>
      <trkpt lat="47.426519" lon="19.195492"><ele>127</ele></trkpt>
      <trkpt lat="47.426436" lon="19.195435"><ele>127</ele></trkpt>
      <trkpt lat="47.426353" lon="19.195382"><ele>126</ele></trkpt>
      <trkpt lat="47.426259" lon="19.19532"><ele>127</ele></trkpt>
      <trkpt lat="47.426176" lon="19.195254"><ele>127</ele></trkpt>
      <trkpt lat="47.426089" lon="19.195178"><ele>127</ele></trkpt>
      <trkpt lat="47.426005" lon="19.195128"><ele>127</ele></trkpt>
      <trkpt lat="47.425922" lon="19.195075"><ele>127</ele></trkpt>
      <trkpt lat="47.425829" lon="19.195054"><ele>127</ele></trkpt>
      <trkpt lat="47.425754" lon="19.194974"><ele>127</ele></trkpt>
      <trkpt lat="47.425659" lon="19.194963"><ele>126</ele></trkpt>
      <trkpt lat="47.425564" lon="19.194922"><ele>126</ele></trkpt>
      <trkpt lat="47.42549" lon="19.194836"><ele>126</ele></trkpt>
      <trkpt lat="47.425402" lon="19.194796"><ele>126</ele></trkpt>
      <trkpt lat="47.42532" lon="19.194735"><ele>126</ele></trkpt>
      <trkpt lat="47.425237" lon="19.194675"><ele>126</ele></trkpt>
      <trkpt lat="47.425153" lon="19.194623"><ele>126</ele></trkpt>
      <trkpt lat="47.425067" lon="19.194576"><ele>126</ele></trkpt>
      <trkpt lat="47.424987" lon="19.19451"><ele>126</ele></trkpt>
      <trkpt lat="47.424913" lon="19.194421"><ele>127</ele></trkpt>
      <trkpt lat="47.42483" lon="19.194358"><ele>127</ele></trkpt>
      <trkpt lat="47.424758" lon="19.194269"><ele>127</ele></trkpt>
      <trkpt lat="47.424683" lon="19.194191"><ele>127</ele></trkpt>
      <trkpt lat="47.424608" lon="19.194104"><ele>127</ele></trkpt>
      <trkpt lat="47.424546" lon="19.193994"><ele>127</ele></trkpt>
      <trkpt lat="47.424479" lon="19.193893"><ele>127</ele></trkpt>
      <trkpt lat="47.424408" lon="19.193802"><ele>127</ele></trkpt>
      <trkpt lat="47.424339" lon="19.193715"><ele>126</ele></trkpt>
      <trkpt lat="47.424254" lon="19.193664"><ele>126</ele></trkpt>
      <trkpt lat="47.424196" lon="19.193768"><ele>126</ele></trkpt>
      <trkpt lat="47.424132" lon="19.193865"><ele>126</ele></trkpt>
      <trkpt lat="47.424054" lon="19.193933"><ele>126</ele></trkpt>
      <trkpt lat="47.423977" lon="19.194011"><ele>125</ele></trkpt>
      <trkpt lat="47.423912" lon="19.194108"><ele>125</ele></trkpt>
      <trkpt lat="47.423876" lon="19.194239"><ele>125</ele></trkpt>
      <trkpt lat="47.423813" lon="19.19435"><ele>125</ele></trkpt>
      <trkpt lat="47.423736" lon="19.194421"><ele>125</ele></trkpt>
      <trkpt lat="47.423669" lon="19.194514"><ele>125</ele></trkpt>
      <trkpt lat="47.423593" lon="19.19459"><ele>125</ele></trkpt>
      <trkpt lat="47.423517" lon="19.194674"><ele>125</ele></trkpt>
      <trkpt lat="47.423441" lon="19.194751"><ele>124</ele></trkpt>
      <trkpt lat="47.42336" lon="19.194847"><ele>124</ele></trkpt>
      <trkpt lat="47.423293" lon="19.194938"><ele>124</ele></trkpt>
      <trkpt lat="47.423212" lon="19.194999"><ele>124</ele></trkpt>
      <trkpt lat="47.423123" lon="19.195049"><ele>124</ele></trkpt>
      <trkpt lat="47.423051" lon="19.19513"><ele>124</ele></trkpt>
      <trkpt lat="47.422991" lon="19.195234"><ele>124</ele></trkpt>
      <trkpt lat="47.422917" lon="19.195324"><ele>124</ele></trkpt>
      <trkpt lat="47.422837" lon="19.195396"><ele>124</ele></trkpt>
      <trkpt lat="47.422772" lon="19.195498"><ele>124</ele></trkpt>
      <trkpt lat="47.422701" lon="19.195587"><ele>124</ele></trkpt>
      <trkpt lat="47.422629" lon="19.195682"><ele>124</ele></trkpt>
      <trkpt lat="47.422579" lon="19.195801"><ele>124</ele></trkpt>
      <trkpt lat="47.422538" lon="19.195921"><ele>124</ele></trkpt>
      <trkpt lat="47.422473" lon="19.196023"><ele>124</ele></trkpt>
      <trkpt lat="47.422393" lon="19.196091"><ele>124</ele></trkpt>
      <trkpt lat="47.422329" lon="19.196189"><ele>124</ele></trkpt>
      <trkpt lat="47.422271" lon="19.196298"><ele>124</ele></trkpt>
      <trkpt lat="47.422199" lon="19.196381"><ele>124</ele></trkpt>
      <trkpt lat="47.422131" lon="19.196479"><ele>124</ele></trkpt>
      <trkpt lat="47.422059" lon="19.196561"><ele>124</ele></trkpt>
      <trkpt lat="47.42198" lon="19.196497"><ele>124</ele></trkpt>
      <trkpt lat="47.421917" lon="19.196394"><ele>124</ele></trkpt>
      <trkpt lat="47.421847" lon="19.196308"><ele>124</ele></trkpt>
      <trkpt lat="47.421774" lon="19.196231"><ele>123</ele></trkpt>
      <trkpt lat="47.421707" lon="19.196135"><ele>123</ele></trkpt>
      <trkpt lat="47.421638" lon="19.196048"><ele>123</ele></trkpt>
      <trkpt lat="47.421567" lon="19.195958"><ele>123</ele></trkpt>
      <trkpt lat="47.421494" lon="19.195878"><ele>123</ele></trkpt>
      <trkpt lat="47.421428" lon="19.195776"><ele>123</ele></trkpt>
      <trkpt lat="47.421361" lon="19.195679"><ele>123</ele></trkpt>
      <trkpt lat="47.421284" lon="19.195588"><ele>123</ele></trkpt>
      <trkpt lat="47.421213" lon="19.195508"><ele>124</ele></trkpt>
      <trkpt lat="47.42115" lon="19.195411"><ele>124</ele></trkpt>
      <trkpt lat="47.421073" lon="19.195325"><ele>124</ele></trkpt>
      <trkpt lat="47.421" lon="19.19523"><ele>124</ele></trkpt>
      <trkpt lat="47.420927" lon="19.195147"><ele>124</ele></trkpt>
      <trkpt lat="47.420861" lon="19.195052"><ele>124</ele></trkpt>
      <trkpt lat="47.420806" lon="19.194947"><ele>124</ele></trkpt>
      <trkpt lat="47.420736" lon="19.194856"><ele>124</ele></trkpt>
      <trkpt lat="47.420667" lon="19.194765"><ele>123</ele></trkpt>
      <trkpt lat="47.420592" lon="19.194682"><ele>123</ele></trkpt>
      <trkpt lat="47.42052" lon="19.194601"><ele>123</ele></trkpt>
      <trkpt lat="47.420448" lon="19.194513"><ele>122</ele></trkpt>
      <trkpt lat="47.420385" lon="19.194415"><ele>122</ele></trkpt>
      <trkpt lat="47.42032" lon="19.19432"><ele>122</ele></trkpt>
      <trkpt lat="47.420256" lon="19.19422"><ele>122</ele></trkpt>
      <trkpt lat="47.420184" lon="19.194138"><ele>122</ele></trkpt>
      <trkpt lat="47.420117" lon="19.194027"><ele>122</ele></trkpt>
      <trkpt lat="47.420049" lon="19.193936"><ele>123</ele></trkpt>
      <trkpt lat="47.41998" lon="19.193839"><ele>123</ele></trkpt>
      <trkpt lat="47.419912" lon="19.193747"><ele>123</ele></trkpt>
      <trkpt lat="47.419847" lon="19.193654"><ele>122</ele></trkpt>
      <trkpt lat="47.419765" lon="19.193591"><ele>122</ele></trkpt>
      <trkpt lat="47.419705" lon="19.193484"><ele>122</ele></trkpt>
      <trkpt lat="47.419636" lon="19.19339"><ele>122</ele></trkpt>
      <trkpt lat="47.419568" lon="19.193299"><ele>122</ele></trkpt>
      <trkpt lat="47.419496" lon="19.193208"><ele>121</ele></trkpt>
      <trkpt lat="47.419424" lon="19.193113"><ele>121</ele></trkpt>
      <trkpt lat="47.419361" lon="19.193008"><ele>121</ele></trkpt>
      <trkpt lat="47.419283" lon="19.192933"><ele>121</ele></trkpt>
      <trkpt lat="47.419197" lon="19.192795"><ele>121</ele></trkpt>
      <trkpt lat="47.419125" lon="19.192693"><ele>121</ele></trkpt>
      <trkpt lat="47.419063" lon="19.192585"><ele>121</ele></trkpt>
      <trkpt lat="47.418997" lon="19.192482"><ele>121</ele></trkpt>
      <trkpt lat="47.418929" lon="19.192395"><ele>121</ele></trkpt>
      <trkpt lat="47.418864" lon="19.192297"><ele>121</ele></trkpt>
      <trkpt lat="47.418819" lon="19.192176"><ele>121</ele></trkpt>
      <trkpt lat="47.418756" lon="19.192081"><ele>122</ele></trkpt>
      <trkpt lat="47.418677" lon="19.191995"><ele>122</ele></trkpt>
      <trkpt lat="47.418589" lon="19.191946"><ele>122</ele></trkpt>
      <trkpt lat="47.418512" lon="19.191877"><ele>124</ele></trkpt>
      <trkpt lat="47.418448" lon="19.191779"><ele>125</ele></trkpt>
      <trkpt lat="47.418372" lon="19.191703"><ele>125</ele></trkpt>
      <trkpt lat="47.41829" lon="19.191631"><ele>126</ele></trkpt>
      <trkpt lat="47.418233" lon="19.191521"><ele>128</ele></trkpt>
      <trkpt lat="47.418163" lon="19.191432"><ele>128</ele></trkpt>
      <trkpt lat="47.418105" lon="19.191328"><ele>129</ele></trkpt>
      <trkpt lat="47.418041" lon="19.19123"><ele>130</ele></trkpt>
      <trkpt lat="47.417964" lon="19.191155"><ele>131</ele></trkpt>
      <trkpt lat="47.417893" lon="19.191057"><ele>131</ele></trkpt>
      <trkpt lat="47.417819" lon="19.190969"><ele>132</ele></trkpt>
      <trkpt lat="47.417754" lon="19.190876"><ele>133</ele></trkpt>
      <trkpt lat="47.417684" lon="19.190779"><ele>133</ele></trkpt>
      <trkpt lat="47.417604" lon="19.190701"><ele>133</ele></trkpt>
      <trkpt lat="47.417533" lon="19.190615"><ele>132</ele></trkpt>
      <trkpt lat="47.417462" lon="19.190531"><ele>132</ele></trkpt>
      <trkpt lat="47.417391" lon="19.190433"><ele>131</ele></trkpt>
      <trkpt lat="47.417322" lon="19.190327"><ele>131</ele></trkpt>
      <trkpt lat="47.417255" lon="19.190239"><ele>132</ele></trkpt>
      <trkpt lat="47.417202" lon="19.190125"><ele>132</ele></trkpt>
      <trkpt lat="47.417121" lon="19.19006"><ele>131</ele></trkpt>
      <trkpt lat="47.417063" lon="19.189954"><ele>132</ele></trkpt>
      <trkpt lat="47.416992" lon="19.189863"><ele>132</ele></trkpt>
      <trkpt lat="47.416906" lon="19.189823"><ele>132</ele></trkpt>
      <trkpt lat="47.416815" lon="19.189823"><ele>133</ele></trkpt>
      <trkpt lat="47.416725" lon="19.189832"><ele>133</ele></trkpt>
      <trkpt lat="47.416631" lon="19.189827"><ele>133</ele></trkpt>
      <trkpt lat="47.416553" lon="19.189748"><ele>134</ele></trkpt>
      <trkpt lat="47.416468" lon="19.189701"><ele>134</ele></trkpt>
      <trkpt lat="47.416377" lon="19.189706"><ele>135</ele></trkpt>
      <trkpt lat="47.416287" lon="19.189741"><ele>134</ele></trkpt>
      <trkpt lat="47.416196" lon="19.189769"><ele>135</ele></trkpt>
      <trkpt lat="47.416104" lon="19.189779"><ele>134</ele></trkpt>
      <trkpt lat="47.416025" lon="19.189706"><ele>134</ele></trkpt>
      <trkpt lat="47.415939" lon="19.189661"><ele>134</ele></trkpt>
      <trkpt lat="47.415969" lon="19.189653"><ele>132</ele></trkpt>
      <trkpt lat="47.415853" lon="19.188369"><ele>132</ele></trkpt>
      <trkpt lat="47.415749" lon="19.187198"><ele>130.25</ele></trkpt>
      <trkpt lat="47.415734" lon="19.186991"><ele>130</ele></trkpt>
      <trkpt lat="47.415693" lon="19.186389"><ele>129</ele></trkpt>
      <trkpt lat="47.415477" lon="19.183825"><ele>119.5</ele></trkpt>
      <trkpt lat="47.41534" lon="19.182282"><ele>118.75</ele></trkpt>
      <trkpt lat="47.415224" lon="19.18093"><ele>116.25</ele></trkpt>
      <trkpt lat="47.415214" lon="19.180777"><ele>116.25</ele></trkpt>
      <trkpt lat="47.415119" lon="19.179451"><ele>116</ele></trkpt>
      <trkpt lat="47.4151" lon="19.179232"><ele>116</ele></trkpt>
      <trkpt lat="47.414975" lon="19.17788"><ele>115</ele></trkpt>
      <trkpt lat="47.414793" lon="19.176293"><ele>116</ele></trkpt>
      <trkpt lat="47.414786" lon="19.176227"><ele>116</ele></trkpt>
      <trkpt lat="47.414561" lon="19.174617"><ele>116</ele></trkpt>
      <trkpt lat="47.414543" lon="19.174443"><ele>115.75</ele></trkpt>
      <trkpt lat="47.414408" lon="19.173487"><ele>115.75</ele></trkpt>
      <trkpt lat="47.414398" lon="19.17343"><ele>115.75</ele></trkpt>
      <trkpt lat="47.414373" lon="19.173308"><ele>115.75</ele></trkpt>
      <trkpt lat="47.414339" lon="19.173135"><ele>115.75</ele></trkpt>
      <trkpt lat="47.414302" lon="19.172959"><ele>115.5</ele></trkpt>
      <trkpt lat="47.41426" lon="19.172845"><ele>115.5</ele></trkpt>
      <trkpt lat="47.414216" lon="19.172756"><ele>115</ele></trkpt>
      <trkpt lat="47.413975" lon="19.172262"><ele>114.75</ele></trkpt>
      <trkpt lat="47.413827" lon="19.171915"><ele>114.75</ele></trkpt>
      <trkpt lat="47.413501" lon="19.170991"><ele>115</ele></trkpt>
      <trkpt lat="47.412959" lon="19.169404"><ele>113.5</ele></trkpt>
      <trkpt lat="47.412407" lon="19.167841"><ele>112</ele></trkpt>
      <trkpt lat="47.411934" lon="19.166451"><ele>111.25</ele></trkpt>
      <trkpt lat="47.411932" lon="19.166446"><ele>111.25</ele></trkpt>
      <trkpt lat="47.411896" lon="19.166388"><ele>111.5</ele></trkpt>
      <trkpt lat="47.411876" lon="19.166372"><ele>111.5</ele></trkpt>
      <trkpt lat="47.411835" lon="19.166372"><ele>111.5</ele></trkpt>
      <trkpt lat="47.41179" lon="19.166395"><ele>111.75</ele></trkpt>
      <trkpt lat="47.411774" lon="19.166417"><ele>111.5</ele></trkpt>
      <trkpt lat="47.4117045991909" lon="19.166309723700778"><ele>116</ele></trkpt>
      <trkpt lat="47.411651" lon="19.166282"><ele>116</ele></trkpt>
      <trkpt lat="47.411571" lon="19.166222"><ele>116</ele></trkpt>
      <trkpt lat="47.411489" lon="19.166154"><ele>116</ele></trkpt>
      <trkpt lat="47.411412" lon="19.166083"><ele>117</ele></trkpt>
      <trkpt lat="47.411372" lon="19.165957"><ele>116</ele></trkpt>
      <trkpt lat="47.411327" lon="19.165841"><ele>117</ele></trkpt>
      <trkpt lat="47.411285" lon="19.165718"><ele>117</ele></trkpt>
      <trkpt lat="47.41125" lon="19.165584"><ele>117</ele></trkpt>
      <trkpt lat="47.411216" lon="19.165456"><ele>117</ele></trkpt>
      <trkpt lat="47.411188" lon="19.16532"><ele>117</ele></trkpt>
      <trkpt lat="47.411189" lon="19.165177"><ele>116</ele></trkpt>
      <trkpt lat="47.411193" lon="19.165043"><ele>117</ele></trkpt>
      <trkpt lat="47.411185" lon="19.164901"><ele>116</ele></trkpt>
      <trkpt lat="47.411169" lon="19.16477"><ele>117</ele></trkpt>
      <trkpt lat="47.41113" lon="19.164636"><ele>117</ele></trkpt>
      <trkpt lat="47.411075" lon="19.164522"><ele>117</ele></trkpt>
      <trkpt lat="47.411053" lon="19.164387"><ele>117</ele></trkpt>
      <trkpt lat="47.411015" lon="19.164259"><ele>117</ele></trkpt>
      <trkpt lat="47.410993" lon="19.164127"><ele>118</ele></trkpt>
      <trkpt lat="47.410944" lon="19.164007"><ele>117</ele></trkpt>
      <trkpt lat="47.410894" lon="19.163895"><ele>117</ele></trkpt>
      <trkpt lat="47.410844" lon="19.163772"><ele>117</ele></trkpt>
      <trkpt lat="47.4108" lon="19.163643"><ele>117</ele></trkpt>
      <trkpt lat="47.410802" lon="19.163506"><ele>117</ele></trkpt>
      <trkpt lat="47.410839" lon="19.163382"><ele>117</ele></trkpt>
      <trkpt lat="47.410813" lon="19.163252"><ele>118</ele></trkpt>
      <trkpt lat="47.410775" lon="19.163121"><ele>118</ele></trkpt>
      <trkpt lat="47.410756" lon="19.162989"><ele>118</ele></trkpt>
      <trkpt lat="47.41071" lon="19.162855"><ele>118</ele></trkpt>
      <trkpt lat="47.410693" lon="19.162715"><ele>119</ele></trkpt>
      <trkpt lat="47.410643" lon="19.162602"><ele>119</ele></trkpt>
      <trkpt lat="47.41061" lon="19.162475"><ele>119</ele></trkpt>
      <trkpt lat="47.410574" lon="19.162352"><ele>119</ele></trkpt>
      <trkpt lat="47.410543" lon="19.162226"><ele>119</ele></trkpt>
      <trkpt lat="47.410482" lon="19.162124"><ele>119</ele></trkpt>
      <trkpt lat="47.410438" lon="19.162004"><ele>119</ele></trkpt>
      <trkpt lat="47.41041" lon="19.161876"><ele>118</ele></trkpt>
      <trkpt lat="47.41035" lon="19.161774"><ele>119</ele></trkpt>
      <trkpt lat="47.410318" lon="19.161645"><ele>118</ele></trkpt>
      <trkpt lat="47.410287" lon="19.161511"><ele>118</ele></trkpt>
      <trkpt lat="47.410244" lon="19.161391"><ele>119</ele></trkpt>
      <trkpt lat="47.4102" lon="19.161276"><ele>118</ele></trkpt>
      <trkpt lat="47.410166" lon="19.161145"><ele>118</ele></trkpt>
      <trkpt lat="47.410142" lon="19.161016"><ele>118</ele></trkpt>
      <trkpt lat="47.410115" lon="19.16089"><ele>118</ele></trkpt>
      <trkpt lat="47.410066" lon="19.160773"><ele>118</ele></trkpt>
      <trkpt lat="47.409992" lon="19.160685"><ele>118</ele></trkpt>
      <trkpt lat="47.409981" lon="19.160552"><ele>118</ele></trkpt>
      <trkpt lat="47.409943" lon="19.16043"><ele>118</ele></trkpt>
      <trkpt lat="47.40989" lon="19.160233"><ele>118</ele></trkpt>
      <trkpt lat="47.409859" lon="19.160105"><ele>118</ele></trkpt>
      <trkpt lat="47.409829" lon="19.159974"><ele>118</ele></trkpt>
      <trkpt lat="47.409813" lon="19.159836"><ele>118</ele></trkpt>
      <trkpt lat="47.409766" lon="19.159704"><ele>118</ele></trkpt>
      <trkpt lat="47.409737" lon="19.159577"><ele>118</ele></trkpt>
      <trkpt lat="47.409615" lon="19.159369"><ele>118</ele></trkpt>
      <trkpt lat="47.409534" lon="19.159183"><ele>119</ele></trkpt>
      <trkpt lat="47.409499" lon="19.159053"><ele>119</ele></trkpt>
      <trkpt lat="47.409475" lon="19.158909"><ele>119</ele></trkpt>
      <trkpt lat="47.409437" lon="19.158787"><ele>118</ele></trkpt>
      <trkpt lat="47.409362" lon="19.158705"><ele>118</ele></trkpt>
      <trkpt lat="47.409341" lon="19.158575"><ele>118</ele></trkpt>
      <trkpt lat="47.409353" lon="19.158433"><ele>118</ele></trkpt>
      <trkpt lat="47.409349" lon="19.158302"><ele>118</ele></trkpt>
      <trkpt lat="47.409315" lon="19.158171"><ele>118</ele></trkpt>
      <trkpt lat="47.409307" lon="19.158037"><ele>118</ele></trkpt>
      <trkpt lat="47.409254" lon="19.157925"><ele>118</ele></trkpt>
      <trkpt lat="47.409206" lon="19.157584"><ele>118</ele></trkpt>
      <trkpt lat="47.409206" lon="19.157447"><ele>118</ele></trkpt>
      <trkpt lat="47.409193" lon="19.157308"><ele>118</ele></trkpt>
      <trkpt lat="47.409158" lon="19.157176"><ele>118</ele></trkpt>
      <trkpt lat="47.409147" lon="19.157038"><ele>117</ele></trkpt>
      <trkpt lat="47.409104" lon="19.156915"><ele>117</ele></trkpt>
      <trkpt lat="47.409068" lon="19.156789"><ele>118</ele></trkpt>
      <trkpt lat="47.409018" lon="19.156677"><ele>118</ele></trkpt>
      <trkpt lat="47.408986" lon="19.156547"><ele>118</ele></trkpt>
      <trkpt lat="47.408933" lon="19.156437"><ele>118</ele></trkpt>
      <trkpt lat="47.408884" lon="19.156321"><ele>118</ele></trkpt>
      <trkpt lat="47.408834" lon="19.156209"><ele>117</ele></trkpt>
      <trkpt lat="47.4088" lon="19.156082"><ele>118</ele></trkpt>
      <trkpt lat="47.408738" lon="19.155977"><ele>118</ele></trkpt>
      <trkpt lat="47.4087" lon="19.155853"><ele>118</ele></trkpt>
      <trkpt lat="47.408649" lon="19.155737"><ele>118</ele></trkpt>
      <trkpt lat="47.408572" lon="19.155649"><ele>118</ele></trkpt>
      <trkpt lat="47.408517" lon="19.155537"><ele>118</ele></trkpt>
      <trkpt lat="47.408455" lon="19.15544"><ele>118</ele></trkpt>
      <trkpt lat="47.408394" lon="19.155319"><ele>118</ele></trkpt>
      <trkpt lat="47.408333" lon="19.155209"><ele>118</ele></trkpt>
      <trkpt lat="47.408254" lon="19.155131"><ele>118</ele></trkpt>
      <trkpt lat="47.408218" lon="19.154998"><ele>118</ele></trkpt>
      <trkpt lat="47.408189" lon="19.154864"><ele>118</ele></trkpt>
      <trkpt lat="47.408121" lon="19.154768"><ele>118</ele></trkpt>
      <trkpt lat="47.408049" lon="19.154685"><ele>118</ele></trkpt>
      <trkpt lat="47.407985" lon="19.154584"><ele>118</ele></trkpt>
      <trkpt lat="47.407934" lon="19.154466"><ele>118</ele></trkpt>
      <trkpt lat="47.407877" lon="19.154355"><ele>118</ele></trkpt>
      <trkpt lat="47.407824" lon="19.154241"><ele>118</ele></trkpt>
      <trkpt lat="47.407762" lon="19.154135"><ele>118</ele></trkpt>
      <trkpt lat="47.407704" lon="19.154033"><ele>118</ele></trkpt>
      <trkpt lat="47.407649" lon="19.153921"><ele>118</ele></trkpt>
      <trkpt lat="47.407578" lon="19.153832"><ele>118</ele></trkpt>
      <trkpt lat="47.407525" lon="19.153712"><ele>118</ele></trkpt>
      <trkpt lat="47.40746" lon="19.153606"><ele>118</ele></trkpt>
      <trkpt lat="47.407412" lon="19.153484"><ele>119</ele></trkpt>
      <trkpt lat="47.407366" lon="19.153364"><ele>119</ele></trkpt>
      <trkpt lat="47.407313" lon="19.153252"><ele>119</ele></trkpt>
      <trkpt lat="47.407263" lon="19.153132"><ele>119</ele></trkpt>
      <trkpt lat="47.407192" lon="19.153048"><ele>118</ele></trkpt>
      <trkpt lat="47.40714" lon="19.152936"><ele>118</ele></trkpt>
      <trkpt lat="47.407077" lon="19.15283"><ele>118</ele></trkpt>
      <trkpt lat="47.407014" lon="19.152723"><ele>119</ele></trkpt>
      <trkpt lat="47.406949" lon="19.152617"><ele>118</ele></trkpt>
      <trkpt lat="47.406889" lon="19.152515"><ele>119</ele></trkpt>
      <trkpt lat="47.406833" lon="19.152403"><ele>119</ele></trkpt>
      <trkpt lat="47.406769" lon="19.152309"><ele>118</ele></trkpt>
      <trkpt lat="47.406718" lon="19.152197"><ele>119</ele></trkpt>
      <trkpt lat="47.406662" lon="19.152091"><ele>119</ele></trkpt>
      <trkpt lat="47.406589" lon="19.151998"><ele>119</ele></trkpt>
      <trkpt lat="47.40656" lon="19.151867"><ele>118</ele></trkpt>
      <trkpt lat="47.406489" lon="19.151784"><ele>118</ele></trkpt>
      <trkpt lat="47.406435" lon="19.151676"><ele>118</ele></trkpt>
      <trkpt lat="47.406376" lon="19.151558"><ele>118</ele></trkpt>
      <trkpt lat="47.406323" lon="19.15144"><ele>119</ele></trkpt>
      <trkpt lat="47.406261" lon="19.151338"><ele>119</ele></trkpt>
      <trkpt lat="47.40622" lon="19.151215"><ele>119</ele></trkpt>
      <trkpt lat="47.406158" lon="19.151105"><ele>119</ele></trkpt>
      <trkpt lat="47.406102" lon="19.150999"><ele>119</ele></trkpt>
      <trkpt lat="47.406048" lon="19.150887"><ele>119</ele></trkpt>
      <trkpt lat="47.405975" lon="19.150803"><ele>119</ele></trkpt>
      <trkpt lat="47.405917" lon="19.150695"><ele>119</ele></trkpt>
      <trkpt lat="47.405864" lon="19.150581"><ele>119</ele></trkpt>
      <trkpt lat="47.405806" lon="19.150472"><ele>119</ele></trkpt>
      <trkpt lat="47.405747" lon="19.150365"><ele>119</ele></trkpt>
      <trkpt lat="47.405681" lon="19.150268"><ele>119</ele></trkpt>
      <trkpt lat="47.405632" lon="19.150157"><ele>119</ele></trkpt>
      <trkpt lat="47.405571" lon="19.150046"><ele>119</ele></trkpt>
      <trkpt lat="47.405512" lon="19.14992"><ele>119</ele></trkpt>
      <trkpt lat="47.405463" lon="19.1498"><ele>119</ele></trkpt>
      <trkpt lat="47.405408" lon="19.14969"><ele>119</ele></trkpt>
      <trkpt lat="47.405343" lon="19.149592"><ele>118</ele></trkpt>
      <trkpt lat="47.405285" lon="19.149477"><ele>117</ele></trkpt>
      <trkpt lat="47.405217" lon="19.149379"><ele>116</ele></trkpt>
      <trkpt lat="47.405169" lon="19.149256"><ele>117</ele></trkpt>
      <trkpt lat="47.405105" lon="19.14915"><ele>117</ele></trkpt>
      <trkpt lat="47.405044" lon="19.14904"><ele>116</ele></trkpt>
      <trkpt lat="47.404976" lon="19.148946"><ele>117</ele></trkpt>
      <trkpt lat="47.404936" lon="19.148817"><ele>116</ele></trkpt>
      <trkpt lat="47.40488" lon="19.148714"><ele>116</ele></trkpt>
      <trkpt lat="47.404818" lon="19.148613"><ele>116</ele></trkpt>
      <trkpt lat="47.404755" lon="19.148513"><ele>116</ele></trkpt>
      <trkpt lat="47.404693" lon="19.148407"><ele>115</ele></trkpt>
      <trkpt lat="47.404636" lon="19.148301"><ele>116</ele></trkpt>
      <trkpt lat="47.404588" lon="19.148186"><ele>116</ele></trkpt>
      <trkpt lat="47.404537" lon="19.148073"><ele>115</ele></trkpt>
      <trkpt lat="47.404483" lon="19.147964"><ele>116</ele></trkpt>
      <trkpt lat="47.404416" lon="19.147866"><ele>115</ele></trkpt>
      <trkpt lat="47.404361" lon="19.147752"><ele>115</ele></trkpt>
      <trkpt lat="47.404297" lon="19.147652"><ele>115</ele></trkpt>
      <trkpt lat="47.404243" lon="19.147532"><ele>115</ele></trkpt>
      <trkpt lat="47.404178" lon="19.147436"><ele>114</ele></trkpt>
      <trkpt lat="47.404122" lon="19.147327"><ele>115</ele></trkpt>
      <trkpt lat="47.404057" lon="19.147224"><ele>115</ele></trkpt>
      <trkpt lat="47.404026" lon="19.147093"><ele>114</ele></trkpt>
      <trkpt lat="47.403964" lon="19.146993"><ele>114</ele></trkpt>
      <trkpt lat="47.403904" lon="19.146887"><ele>114</ele></trkpt>
      <trkpt lat="47.403862" lon="19.146764"><ele>114</ele></trkpt>
      <trkpt lat="47.403792" lon="19.146671"><ele>114</ele></trkpt>
      <trkpt lat="47.403738" lon="19.146559"><ele>114</ele></trkpt>
      <trkpt lat="47.403676" lon="19.146454"><ele>114</ele></trkpt>
      <trkpt lat="47.40362" lon="19.146348"><ele>114</ele></trkpt>
      <trkpt lat="47.403562" lon="19.146234"><ele>114</ele></trkpt>
      <trkpt lat="47.403503" lon="19.146134"><ele>114</ele></trkpt>
      <trkpt lat="47.403436" lon="19.146044"><ele>114</ele></trkpt>
      <trkpt lat="47.403372" lon="19.145947"><ele>114</ele></trkpt>
      <trkpt lat="47.403332" lon="19.145823"><ele>114</ele></trkpt>
      <trkpt lat="47.403266" lon="19.145725"><ele>114</ele></trkpt>
      <trkpt lat="47.403212" lon="19.145615"><ele>114</ele></trkpt>
      <trkpt lat="47.403169" lon="19.145497"><ele>114</ele></trkpt>
      <trkpt lat="47.403106" lon="19.145393"><ele>114</ele></trkpt>
      <trkpt lat="47.403045" lon="19.145282"><ele>114</ele></trkpt>
      <trkpt lat="47.40298" lon="19.145186"><ele>114</ele></trkpt>
      <trkpt lat="47.402909" lon="19.145101"><ele>114</ele></trkpt>
      <trkpt lat="47.402867" lon="19.144975"><ele>113</ele></trkpt>
      <trkpt lat="47.402821" lon="19.144856"><ele>113</ele></trkpt>
      <trkpt lat="47.402759" lon="19.144748"><ele>113</ele></trkpt>
      <trkpt lat="47.402704" lon="19.14464"><ele>113</ele></trkpt>
      <trkpt lat="47.402652" lon="19.144527"><ele>113</ele></trkpt>
      <trkpt lat="47.40258" lon="19.144429"><ele>113</ele></trkpt>
      <trkpt lat="47.402536" lon="19.144308"><ele>113</ele></trkpt>
      <trkpt lat="47.402485" lon="19.144198"><ele>113</ele></trkpt>
      <trkpt lat="47.402443" lon="19.14408"><ele>114</ele></trkpt>
      <trkpt lat="47.402338" lon="19.143863"><ele>114</ele></trkpt>
      <trkpt lat="47.402259" lon="19.143734"><ele>114</ele></trkpt>
      <trkpt lat="47.402211" lon="19.143608"><ele>114</ele></trkpt>
      <trkpt lat="47.402162" lon="19.143486"><ele>114</ele></trkpt>
      <trkpt lat="47.402127" lon="19.143363"><ele>114</ele></trkpt>
      <trkpt lat="47.402082" lon="19.143241"><ele>114</ele></trkpt>
      <trkpt lat="47.40205" lon="19.143116"><ele>113</ele></trkpt>
      <trkpt lat="47.402012" lon="19.14299"><ele>114</ele></trkpt>
      <trkpt lat="47.401962" lon="19.142876"><ele>114</ele></trkpt>
      <trkpt lat="47.401916" lon="19.142753"><ele>113</ele></trkpt>
      <trkpt lat="47.401894" lon="19.142624"><ele>114</ele></trkpt>
      <trkpt lat="47.401841" lon="19.142515"><ele>113</ele></trkpt>
      <trkpt lat="47.401818" lon="19.142379"><ele>113</ele></trkpt>
      <trkpt lat="47.401771" lon="19.142265"><ele>113</ele></trkpt>
      <trkpt lat="47.40173" lon="19.142136"><ele>113</ele></trkpt>
      <trkpt lat="47.401687" lon="19.142012"><ele>113</ele></trkpt>
      <trkpt lat="47.401628" lon="19.1419"><ele>113</ele></trkpt>
      <trkpt lat="47.401602" lon="19.14177"><ele>113</ele></trkpt>
      <trkpt lat="47.401563" lon="19.141641"><ele>113</ele></trkpt>
      <trkpt lat="47.401512" lon="19.14153"><ele>113</ele></trkpt>
      <trkpt lat="47.40148" lon="19.1414"><ele>112</ele></trkpt>
      <trkpt lat="47.401436" lon="19.141279"><ele>112</ele></trkpt>
      <trkpt lat="47.401397" lon="19.141151"><ele>113</ele></trkpt>
      <trkpt lat="47.401354" lon="19.141029"><ele>112</ele></trkpt>
      <trkpt lat="47.401323" lon="19.140899"><ele>112</ele></trkpt>
      <trkpt lat="47.401287" lon="19.140771"><ele>113</ele></trkpt>
      <trkpt lat="47.40124" lon="19.140657"><ele>112</ele></trkpt>
      <trkpt lat="47.401189" lon="19.140537"><ele>112</ele></trkpt>
      <trkpt lat="47.401153" lon="19.140413"><ele>112</ele></trkpt>
      <trkpt lat="47.401112" lon="19.140288"><ele>112</ele></trkpt>
      <trkpt lat="47.401079" lon="19.140162"><ele>111</ele></trkpt>
      <trkpt lat="47.401015" lon="19.140042"><ele>112</ele></trkpt>
      <trkpt lat="47.400975" lon="19.139923"><ele>113</ele></trkpt>
      <trkpt lat="47.400944" lon="19.139789"><ele>113</ele></trkpt>
      <trkpt lat="47.400899" lon="19.139671"><ele>112</ele></trkpt>
      <trkpt lat="47.400871" lon="19.139545"><ele>113</ele></trkpt>
      <trkpt lat="47.400827" lon="19.139421"><ele>112</ele></trkpt>
      <trkpt lat="47.400806" lon="19.139281"><ele>112</ele></trkpt>
      <trkpt lat="47.40083" lon="19.139266"><ele>109.5</ele></trkpt>
      <trkpt lat="47.400814" lon="19.139203"><ele>109.75</ele></trkpt>
      <trkpt lat="47.400739" lon="19.139246"><ele>113</ele></trkpt>
      <trkpt lat="47.400753" lon="19.139112"><ele>112</ele></trkpt>
      <trkpt lat="47.400731" lon="19.138982"><ele>112</ele></trkpt>
      <trkpt lat="47.4007" lon="19.138849"><ele>112</ele></trkpt>
      <trkpt lat="47.400668" lon="19.138719"><ele>113</ele></trkpt>
      <trkpt lat="47.400651" lon="19.138578"><ele>113</ele></trkpt>
      <trkpt lat="47.400625" lon="19.138445"><ele>113</ele></trkpt>
      <trkpt lat="47.400592" lon="19.138311"><ele>113</ele></trkpt>
      <trkpt lat="47.400573" lon="19.13818"><ele>113</ele></trkpt>
      <trkpt lat="47.400544" lon="19.138049"><ele>113</ele></trkpt>
      <trkpt lat="47.400524" lon="19.137919"><ele>113</ele></trkpt>
      <trkpt lat="47.400493" lon="19.137785"><ele>112</ele></trkpt>
      <trkpt lat="47.400486" lon="19.137653"><ele>113</ele></trkpt>
      <trkpt lat="47.400458" lon="19.137522"><ele>112</ele></trkpt>
      <trkpt lat="47.400438" lon="19.137391"><ele>113</ele></trkpt>
      <trkpt lat="47.400413" lon="19.137257"><ele>113</ele></trkpt>
      <trkpt lat="47.400391" lon="19.137125"><ele>113</ele></trkpt>
      <trkpt lat="47.400363" lon="19.136998"><ele>113</ele></trkpt>
      <trkpt lat="47.400358" lon="19.136857"><ele>113</ele></trkpt>
      <trkpt lat="47.400314" lon="19.136733"><ele>113</ele></trkpt>
      <trkpt lat="47.400291" lon="19.136597"><ele>113</ele></trkpt>
      <trkpt lat="47.400261" lon="19.136464"><ele>113</ele></trkpt>
      <trkpt lat="47.400234" lon="19.136337"><ele>113</ele></trkpt>
      <trkpt lat="47.400229" lon="19.136196"><ele>113</ele></trkpt>
      <trkpt lat="47.400204" lon="19.136057"><ele>113</ele></trkpt>
      <trkpt lat="47.40018" lon="19.135917"><ele>113</ele></trkpt>
      <trkpt lat="47.400147" lon="19.135792"><ele>113</ele></trkpt>
      <trkpt lat="47.400119" lon="19.13565"><ele>113</ele></trkpt>
      <trkpt lat="47.400096" lon="19.135515"><ele>113</ele></trkpt>
      <trkpt lat="47.400062" lon="19.135382"><ele>113</ele></trkpt>
      <trkpt lat="47.400064" lon="19.135249"><ele>113</ele></trkpt>
      <trkpt lat="47.400027" lon="19.135123"><ele>113</ele></trkpt>
      <trkpt lat="47.4" lon="19.13499"><ele>113</ele></trkpt>
      <trkpt lat="47.399968" lon="19.134856"><ele>113</ele></trkpt>
      <trkpt lat="47.399968" lon="19.134724"><ele>111</ele></trkpt>
      <trkpt lat="47.399924" lon="19.134607"><ele>111</ele></trkpt>
      <trkpt lat="47.399905" lon="19.13447"><ele>111</ele></trkpt>
      <trkpt lat="47.399891" lon="19.134339"><ele>111</ele></trkpt>
      <trkpt lat="47.399864" lon="19.134202"><ele>111</ele></trkpt>
      <trkpt lat="47.399838" lon="19.134072"><ele>111</ele></trkpt>
      <trkpt lat="47.39982" lon="19.133935"><ele>111</ele></trkpt>
      <trkpt lat="47.399791" lon="19.133808"><ele>111</ele></trkpt>
      <trkpt lat="47.399752" lon="19.133679"><ele>111</ele></trkpt>
      <trkpt lat="47.399752" lon="19.133539"><ele>111</ele></trkpt>
      <trkpt lat="47.399718" lon="19.133411"><ele>111</ele></trkpt>
      <trkpt lat="47.399672" lon="19.133291"><ele>111</ele></trkpt>
      <trkpt lat="47.399689" lon="19.133146"><ele>111</ele></trkpt>
      <trkpt lat="47.399664" lon="19.133014"><ele>112</ele></trkpt>
      <trkpt lat="47.399644" lon="19.132885"><ele>112</ele></trkpt>
      <trkpt lat="47.399617" lon="19.132753"><ele>111</ele></trkpt>
      <trkpt lat="47.399619" lon="19.132617"><ele>111</ele></trkpt>
      <trkpt lat="47.399583" lon="19.132495"><ele>112</ele></trkpt>
      <trkpt lat="47.399549" lon="19.132367"><ele>112</ele></trkpt>
      <trkpt lat="47.399524" lon="19.132233"><ele>112</ele></trkpt>
      <trkpt lat="47.399517" lon="19.132092"><ele>112</ele></trkpt>
      <trkpt lat="47.399491" lon="19.131958"><ele>112</ele></trkpt>
      <trkpt lat="47.399481" lon="19.131823"><ele>112</ele></trkpt>
      <trkpt lat="47.399479" lon="19.13169"><ele>112</ele></trkpt>
      <trkpt lat="47.399462" lon="19.131557"><ele>112</ele></trkpt>
      <trkpt lat="47.399434" lon="19.131428"><ele>112</ele></trkpt>
      <trkpt lat="47.399407" lon="19.131294"><ele>112</ele></trkpt>
      <trkpt lat="47.399385" lon="19.131159"><ele>112</ele></trkpt>
      <trkpt lat="47.399371" lon="19.131025"><ele>112</ele></trkpt>
      <trkpt lat="47.399344" lon="19.130893"><ele>112</ele></trkpt>
      <trkpt lat="47.399332" lon="19.130757"><ele>112</ele></trkpt>
      <trkpt lat="47.399314" lon="19.130621"><ele>112</ele></trkpt>
      <trkpt lat="47.399296" lon="19.130484"><ele>112</ele></trkpt>
      <trkpt lat="47.399275" lon="19.130353"><ele>112</ele></trkpt>
      <trkpt lat="47.399251" lon="19.130224"><ele>112</ele></trkpt>
      <trkpt lat="47.399269" lon="19.130091"><ele>112</ele></trkpt>
      <trkpt lat="47.399255" lon="19.129949"><ele>112</ele></trkpt>
      <trkpt lat="47.399223" lon="19.129824"><ele>112</ele></trkpt>
      <trkpt lat="47.399199" lon="19.129694"><ele>112</ele></trkpt>
      <trkpt lat="47.399182" lon="19.129564"><ele>112</ele></trkpt>
      <trkpt lat="47.399171" lon="19.129428"><ele>112</ele></trkpt>
      <trkpt lat="47.399145" lon="19.129296"><ele>112</ele></trkpt>
      <trkpt lat="47.399141" lon="19.129158"><ele>112</ele></trkpt>
      <trkpt lat="47.399135" lon="19.129021"><ele>112</ele></trkpt>
      <trkpt lat="47.399127" lon="19.128887"><ele>110</ele></trkpt>
      <trkpt lat="47.399099" lon="19.128756"><ele>111</ele></trkpt>
      <trkpt lat="47.399083" lon="19.128624"><ele>110</ele></trkpt>
      <trkpt lat="47.399073" lon="19.128489"><ele>110</ele></trkpt>
      <trkpt lat="47.399059" lon="19.128355"><ele>110</ele></trkpt>
      <trkpt lat="47.399043" lon="19.128215"><ele>110</ele></trkpt>
      <trkpt lat="47.399026" lon="19.128074"><ele>110</ele></trkpt>
      <trkpt lat="47.399002" lon="19.127944"><ele>110</ele></trkpt>
      <trkpt lat="47.398993" lon="19.127807"><ele>110</ele></trkpt>
      <trkpt lat="47.39898" lon="19.127667"><ele>110</ele></trkpt>
      <trkpt lat="47.398963" lon="19.127535"><ele>110</ele></trkpt>
      <trkpt lat="47.398909" lon="19.127428"><ele>110</ele></trkpt>
      <trkpt lat="47.398901" lon="19.127282"><ele>110</ele></trkpt>
      <trkpt lat="47.398881" lon="19.127149"><ele>111</ele></trkpt>
      <trkpt lat="47.398869" lon="19.127014"><ele>111</ele></trkpt>
      <trkpt lat="47.398846" lon="19.126875"><ele>111</ele></trkpt>
      <trkpt lat="47.39882" lon="19.126736"><ele>111</ele></trkpt>
      <trkpt lat="47.398813" lon="19.1266"><ele>110</ele></trkpt>
      <trkpt lat="47.398818" lon="19.12646"><ele>111</ele></trkpt>
      <trkpt lat="47.398777" lon="19.126334"><ele>111</ele></trkpt>
      <trkpt lat="47.398742" lon="19.12621"><ele>111</ele></trkpt>
      <trkpt lat="47.398733" lon="19.126073"><ele>111</ele></trkpt>
      <trkpt lat="47.39872" lon="19.125933"><ele>111</ele></trkpt>
      <trkpt lat="47.398713" lon="19.125794"><ele>111</ele></trkpt>
      <trkpt lat="47.398736" lon="19.125662"><ele>111</ele></trkpt>
      <trkpt lat="47.39873" lon="19.125526"><ele>110</ele></trkpt>
      <trkpt lat="47.39871540689303" lon="19.125445129749558"><ele>110</ele></trkpt>
      <trkpt lat="47.398727" lon="19.125531"><ele>106</ele></trkpt>
      <trkpt lat="47.398778" lon="19.125516"><ele>106</ele></trkpt>
      <trkpt lat="47.398768" lon="19.125202"><ele>106</ele></trkpt>
      <trkpt lat="47.399048" lon="19.125174"><ele>106</ele></trkpt>
      <trkpt lat="47.400366" lon="19.12421"><ele>106.5</ele></trkpt>
      <trkpt lat="47.400693" lon="19.124014"><ele>106</ele></trkpt>
      <trkpt lat="47.401174" lon="19.123761"><ele>106</ele></trkpt>
      <trkpt lat="47.401442" lon="19.12354"><ele>106.5</ele></trkpt>
      <trkpt lat="47.401442" lon="19.12354"><ele>106.25</ele></trkpt>
      <trkpt lat="47.401474" lon="19.123514"><ele>106.5</ele></trkpt>
      <trkpt lat="47.401327" lon="19.122877"><ele>106.25</ele></trkpt>
      <trkpt lat="47.401258" lon="19.122521"><ele>106</ele></trkpt>
      <trkpt lat="47.401225" lon="19.122175"><ele>106</ele></trkpt>
      <trkpt lat="47.401155" lon="19.121919"><ele>106</ele></trkpt>
      <trkpt lat="47.401067" lon="19.121641"><ele>106.25</ele></trkpt>
      <trkpt lat="47.401016" lon="19.121467"><ele>106.75</ele></trkpt>
      <trkpt lat="47.400876" lon="19.120986"><ele>106.75</ele></trkpt>
      <trkpt lat="47.400519" lon="19.119922"><ele>109</ele></trkpt>
      <trkpt lat="47.400005" lon="19.118356"><ele>110</ele></trkpt>
      <trkpt lat="47.399986" lon="19.11829"><ele>110.5</ele></trkpt>
      <trkpt lat="47.400003639358474" lon="19.118281034048227"><ele>113</ele></trkpt>
      <trkpt lat="47.400085" lon="19.118256"><ele>113</ele></trkpt>
      <trkpt lat="47.400002" lon="19.118185"><ele>113</ele></trkpt>
      <trkpt lat="47.399954" lon="19.118072"><ele>113</ele></trkpt>
      <trkpt lat="47.399913" lon="19.117952"><ele>113</ele></trkpt>
      <trkpt lat="47.39989" lon="19.117819"><ele>113</ele></trkpt>
      <trkpt lat="47.399873" lon="19.117685"><ele>113</ele></trkpt>
      <trkpt lat="47.399841" lon="19.117557"><ele>113</ele></trkpt>
      <trkpt lat="47.399801" lon="19.117438"><ele>114</ele></trkpt>
      <trkpt lat="47.399775" lon="19.117301"><ele>114</ele></trkpt>
      <trkpt lat="47.399752" lon="19.117164"><ele>114</ele></trkpt>
      <trkpt lat="47.399738" lon="19.117022"><ele>114</ele></trkpt>
      <trkpt lat="47.399725" lon="19.116884"><ele>114</ele></trkpt>
      <trkpt lat="47.39972" lon="19.116746"><ele>114</ele></trkpt>
      <trkpt lat="47.399678" lon="19.116627"><ele>114</ele></trkpt>
      <trkpt lat="47.399601" lon="19.116556"><ele>114</ele></trkpt>
      <trkpt lat="47.39954" lon="19.116452"><ele>113</ele></trkpt>
      <trkpt lat="47.399496" lon="19.116329"><ele>113</ele></trkpt>
      <trkpt lat="47.399502" lon="19.116194"><ele>113</ele></trkpt>
      <trkpt lat="47.399506" lon="19.116061"><ele>113</ele></trkpt>
      <trkpt lat="47.399459" lon="19.115943"><ele>113</ele></trkpt>
      <trkpt lat="47.399436" lon="19.115809"><ele>113</ele></trkpt>
      <trkpt lat="47.399414" lon="19.115674"><ele>113</ele></trkpt>
      <trkpt lat="47.399418" lon="19.115543"><ele>113</ele></trkpt>
      <trkpt lat="47.399452" lon="19.115417"><ele>113</ele></trkpt>
      <trkpt lat="47.399447" lon="19.115278"><ele>113</ele></trkpt>
      <trkpt lat="47.399424" lon="19.115141"><ele>113</ele></trkpt>
      <trkpt lat="47.399394" lon="19.115009"><ele>113</ele></trkpt>
      <trkpt lat="47.399424" lon="19.114878"><ele>113</ele></trkpt>
      <trkpt lat="47.39939" lon="19.11461"><ele>113</ele></trkpt>
      <trkpt lat="47.399316" lon="19.114368"><ele>113</ele></trkpt>
      <trkpt lat="47.399272" lon="19.114109"><ele>112</ele></trkpt>
      <trkpt lat="47.399205" lon="19.113851"><ele>112</ele></trkpt>
      <trkpt lat="47.399135" lon="19.1136"><ele>113</ele></trkpt>
      <trkpt lat="47.399141" lon="19.113466"><ele>113</ele></trkpt>
      <trkpt lat="47.399119" lon="19.113336"><ele>113</ele></trkpt>
      <trkpt lat="47.399095" lon="19.113206"><ele>113</ele></trkpt>
      <trkpt lat="47.399057" lon="19.113082"><ele>113</ele></trkpt>
      <trkpt lat="47.399012" lon="19.11296"><ele>113</ele></trkpt>
      <trkpt lat="47.39897" lon="19.112842"><ele>113</ele></trkpt>
      <trkpt lat="47.398869" lon="19.112868"><ele>113</ele></trkpt>
      <trkpt lat="47.398778" lon="19.112925"><ele>113</ele></trkpt>
      <trkpt lat="47.398689" lon="19.112947"><ele>113</ele></trkpt>
      <trkpt lat="47.398599" lon="19.112927"><ele>113</ele></trkpt>
      <trkpt lat="47.398514" lon="19.112874"><ele>113</ele></trkpt>
      <trkpt lat="47.398502" lon="19.112736"><ele>113</ele></trkpt>
      <trkpt lat="47.398486" lon="19.112595"><ele>113</ele></trkpt>
      <trkpt lat="47.398472" lon="19.112463"><ele>113</ele></trkpt>
      <trkpt lat="47.39846" lon="19.11233"><ele>113</ele></trkpt>
      <trkpt lat="47.398438" lon="19.1122"><ele>113</ele></trkpt>
      <trkpt lat="47.398411" lon="19.112071"><ele>113</ele></trkpt>
      <trkpt lat="47.398404" lon="19.111937"><ele>113</ele></trkpt>
      <trkpt lat="47.398402" lon="19.111804"><ele>110</ele></trkpt>
      <trkpt lat="47.398392" lon="19.111667"><ele>108</ele></trkpt>
      <trkpt lat="47.398377" lon="19.111536"><ele>106</ele></trkpt>
      <trkpt lat="47.398372" lon="19.1114"><ele>103</ele></trkpt>
      <trkpt lat="47.398434" lon="19.111301"><ele>101</ele></trkpt>
      <trkpt lat="47.39838" lon="19.111045"><ele>100</ele></trkpt>
      <trkpt lat="47.398395" lon="19.110779"><ele>101</ele></trkpt>
      <trkpt lat="47.398384" lon="19.110509"><ele>100</ele></trkpt>
      <trkpt lat="47.3984" lon="19.110231"><ele>101</ele></trkpt>
      <trkpt lat="47.398361" lon="19.109972"><ele>100</ele></trkpt>
      <trkpt lat="47.398333" lon="19.109707"><ele>100</ele></trkpt>
      <trkpt lat="47.398301" lon="19.109437"><ele>100</ele></trkpt>
      <trkpt lat="47.398314" lon="19.109169"><ele>100</ele></trkpt>
      <trkpt lat="47.398286" lon="19.108906"><ele>99</ele></trkpt>
      <trkpt lat="47.398268" lon="19.10864"><ele>99</ele></trkpt>
      <trkpt lat="47.398057" lon="19.106501"><ele>99</ele></trkpt>
      <trkpt lat="47.398146" lon="19.106534"><ele>100</ele></trkpt>
      <trkpt lat="47.39823" lon="19.106483"><ele>100</ele></trkpt>
      <trkpt lat="47.398316" lon="19.106428"><ele>100</ele></trkpt>
      <trkpt lat="47.398398" lon="19.106365"><ele>100</ele></trkpt>
      <trkpt lat="47.39847" lon="19.106269"><ele>100</ele></trkpt>
      <trkpt lat="47.398561" lon="19.106245"><ele>100</ele></trkpt>
      <trkpt lat="47.398655" lon="19.106251"><ele>99</ele></trkpt>
      <trkpt lat="47.398723" lon="19.106162"><ele>100</ele></trkpt>
      <trkpt lat="47.398797" lon="19.106082"><ele>100</ele></trkpt>
      <trkpt lat="47.398889" lon="19.10602"><ele>99</ele></trkpt>
      <trkpt lat="47.39898" lon="19.105981"><ele>100</ele></trkpt>
      <trkpt lat="47.399053" lon="19.105894"><ele>100</ele></trkpt>
      <trkpt lat="47.399139" lon="19.105852"><ele>99</ele></trkpt>
      <trkpt lat="47.399227" lon="19.105809"><ele>100</ele></trkpt>
      <trkpt lat="47.399307" lon="19.10574"><ele>100</ele></trkpt>
      <trkpt lat="47.399396" lon="19.105695"><ele>100</ele></trkpt>
      <trkpt lat="47.399478" lon="19.105628"><ele>100</ele></trkpt>
      <trkpt lat="47.399565" lon="19.10556"><ele>100</ele></trkpt>
      <trkpt lat="47.399655" lon="19.105553"><ele>100</ele></trkpt>
      <trkpt lat="47.399741" lon="19.105509"><ele>99</ele></trkpt>
      <trkpt lat="47.399831" lon="19.105455"><ele>100</ele></trkpt>
      <trkpt lat="47.399912" lon="19.105391"><ele>100</ele></trkpt>
      <trkpt lat="47.399996" lon="19.105328"><ele>99</ele></trkpt>
      <trkpt lat="47.400076" lon="19.105259"><ele>100</ele></trkpt>
      <trkpt lat="47.400169" lon="19.105234"><ele>100</ele></trkpt>
      <trkpt lat="47.400251" lon="19.105176"><ele>100</ele></trkpt>
      <trkpt lat="47.400336" lon="19.10512"><ele>99</ele></trkpt>
      <trkpt lat="47.400417" lon="19.105062"><ele>99</ele></trkpt>
      <trkpt lat="47.400493" lon="19.104986"><ele>99</ele></trkpt>
      <trkpt lat="47.400574" lon="19.10492"><ele>99</ele></trkpt>
      <trkpt lat="47.40066" lon="19.104863"><ele>99</ele></trkpt>
      <trkpt lat="47.400744" lon="19.104806"><ele>100</ele></trkpt>
      <trkpt lat="47.400831" lon="19.104763"><ele>100</ele></trkpt>
      <trkpt lat="47.400899" lon="19.104675"><ele>100</ele></trkpt>
      <trkpt lat="47.400981" lon="19.104618"><ele>100</ele></trkpt>
      <trkpt lat="47.401067" lon="19.104569"><ele>100</ele></trkpt>
      <trkpt lat="47.401155" lon="19.104526"><ele>100</ele></trkpt>
      <trkpt lat="47.401239" lon="19.104463"><ele>101</ele></trkpt>
      <trkpt lat="47.401333" lon="19.104412"><ele>100</ele></trkpt>
      <trkpt lat="47.401419" lon="19.104373"><ele>100</ele></trkpt>
      <trkpt lat="47.40151" lon="19.104388"><ele>100</ele></trkpt>
      <trkpt lat="47.401598" lon="19.104335"><ele>100</ele></trkpt>
      <trkpt lat="47.401692" lon="19.10431"><ele>100</ele></trkpt>
      <trkpt lat="47.401783" lon="19.104268"><ele>99</ele></trkpt>
      <trkpt lat="47.401868" lon="19.104212"><ele>99</ele></trkpt>
      <trkpt lat="47.401957" lon="19.104165"><ele>99</ele></trkpt>
      <trkpt lat="47.402048" lon="19.104156"><ele>100</ele></trkpt>
      <trkpt lat="47.402135" lon="19.104109"><ele>100</ele></trkpt>
      <trkpt lat="47.402218" lon="19.104048"><ele>100</ele></trkpt>
      <trkpt lat="47.402305" lon="19.104007"><ele>100</ele></trkpt>
      <trkpt lat="47.402394" lon="19.103943"><ele>100</ele></trkpt>
      <trkpt lat="47.402481" lon="19.103904"><ele>100</ele></trkpt>
      <trkpt lat="47.402573" lon="19.103863"><ele>100</ele></trkpt>
      <trkpt lat="47.40266" lon="19.103816"><ele>99</ele></trkpt>
      <trkpt lat="47.402755" lon="19.103794"><ele>100</ele></trkpt>
      <trkpt lat="47.402843" lon="19.103757"><ele>100</ele></trkpt>
      <trkpt lat="47.402917" lon="19.103676"><ele>99</ele></trkpt>
      <trkpt lat="47.4029708490766" lon="19.103654336592516"><ele>99.61894367086722</ele></trkpt>
      <trkpt lat="47.402984" lon="19.103726"><ele>97.25</ele></trkpt>
      <trkpt lat="47.403155" lon="19.103657"><ele>97.5</ele></trkpt>
      <trkpt lat="47.40324" lon="19.103619"><ele>99.25</ele></trkpt>
      <trkpt lat="47.403221654667846" lon="19.103526726682205"><ele>100</ele></trkpt>
      <trkpt lat="47.403273" lon="19.103532"><ele>100</ele></trkpt>
      <trkpt lat="47.403446" lon="19.103453"><ele>100</ele></trkpt>
      <trkpt lat="47.40362" lon="19.103378"><ele>99</ele></trkpt>
      <trkpt lat="47.403797" lon="19.1033"><ele>100</ele></trkpt>
      <trkpt lat="47.403973" lon="19.103206"><ele>100</ele></trkpt>
      <trkpt lat="47.40415" lon="19.103151"><ele>100</ele></trkpt>
      <trkpt lat="47.404329" lon="19.103067"><ele>100</ele></trkpt>
      <trkpt lat="47.404504" lon="19.102988"><ele>100</ele></trkpt>
      <trkpt lat="47.404678" lon="19.102917"><ele>99</ele></trkpt>
      <trkpt lat="47.404854" lon="19.10285"><ele>99</ele></trkpt>
      <trkpt lat="47.405029" lon="19.10277"><ele>99</ele></trkpt>
      <trkpt lat="47.405208" lon="19.102698"><ele>100</ele></trkpt>
      <trkpt lat="47.405387" lon="19.102652"><ele>100</ele></trkpt>
      <trkpt lat="47.405531" lon="19.102622"><ele>100</ele></trkpt>
      <trkpt lat="47.405618" lon="19.102575"><ele>100</ele></trkpt>
      <trkpt lat="47.405707" lon="19.102528"><ele>100</ele></trkpt>
      <trkpt lat="47.405806" lon="19.102493"><ele>100</ele></trkpt>
      <trkpt lat="47.405891" lon="19.102434"><ele>100</ele></trkpt>
      <trkpt lat="47.405977" lon="19.102392"><ele>100</ele></trkpt>
      <trkpt lat="47.406062" lon="19.102332"><ele>100</ele></trkpt>
      <trkpt lat="47.406156" lon="19.102304"><ele>100</ele></trkpt>
      <trkpt lat="47.406242" lon="19.102261"><ele>100</ele></trkpt>
      <trkpt lat="47.406336" lon="19.102237"><ele>100</ele></trkpt>
      <trkpt lat="47.406421" lon="19.102179"><ele>100</ele></trkpt>
      <trkpt lat="47.406512" lon="19.102168"><ele>100</ele></trkpt>
      <trkpt lat="47.406583" lon="19.102084"><ele>100</ele></trkpt>
      <trkpt lat="47.406673" lon="19.102056"><ele>101</ele></trkpt>
      <trkpt lat="47.406764" lon="19.102011"><ele>101</ele></trkpt>
      <trkpt lat="47.406853" lon="19.101976"><ele>100</ele></trkpt>
      <trkpt lat="47.406943" lon="19.101951"><ele>100</ele></trkpt>
      <trkpt lat="47.407027" lon="19.101885"><ele>100</ele></trkpt>
      <trkpt lat="47.407118" lon="19.101877"><ele>100</ele></trkpt>
      <trkpt lat="47.407212" lon="19.101891"><ele>100</ele></trkpt>
      <trkpt lat="47.407293" lon="19.101824"><ele>100</ele></trkpt>
      <trkpt lat="47.407377" lon="19.101777"><ele>100</ele></trkpt>
      <trkpt lat="47.407465" lon="19.101731"><ele>100</ele></trkpt>
      <trkpt lat="47.407558" lon="19.101689"><ele>100</ele></trkpt>
      <trkpt lat="47.407641" lon="19.101641"><ele>100</ele></trkpt>
      <trkpt lat="47.407731" lon="19.101589"><ele>100</ele></trkpt>
      <trkpt lat="47.40782" lon="19.101561"><ele>100</ele></trkpt>
      <trkpt lat="47.40791" lon="19.101529"><ele>100</ele></trkpt>
      <trkpt lat="47.408001" lon="19.101499"><ele>100</ele></trkpt>
      <trkpt lat="47.408086" lon="19.101448"><ele>100</ele></trkpt>
      <trkpt lat="47.408179" lon="19.101416"><ele>100</ele></trkpt>
      <trkpt lat="47.408268" lon="19.101376"><ele>100</ele></trkpt>
      <trkpt lat="47.408357" lon="19.101333"><ele>100</ele></trkpt>
      <trkpt lat="47.40845" lon="19.101295"><ele>100</ele></trkpt>
      <trkpt lat="47.408544" lon="19.101283"><ele>100</ele></trkpt>
      <trkpt lat="47.408632" lon="19.10125"><ele>100</ele></trkpt>
      <trkpt lat="47.408714" lon="19.101189"><ele>100</ele></trkpt>
      <trkpt lat="47.408804" lon="19.101161"><ele>100</ele></trkpt>
      <trkpt lat="47.408891" lon="19.101117"><ele>100</ele></trkpt>
      <trkpt lat="47.408979" lon="19.101097"><ele>100</ele></trkpt>
      <trkpt lat="47.409057" lon="19.101019"><ele>100</ele></trkpt>
      <trkpt lat="47.409145" lon="19.100975"><ele>100</ele></trkpt>
      <trkpt lat="47.409236" lon="19.100938"><ele>100</ele></trkpt>
      <trkpt lat="47.409329" lon="19.100926"><ele>100</ele></trkpt>
      <trkpt lat="47.409419" lon="19.100883"><ele>100</ele></trkpt>
      <trkpt lat="47.409505" lon="19.100839"><ele>99</ele></trkpt>
      <trkpt lat="47.409597" lon="19.100806"><ele>100</ele></trkpt>
      <trkpt lat="47.409685" lon="19.100767"><ele>100</ele></trkpt>
      <trkpt lat="47.409767" lon="19.100709"><ele>99</ele></trkpt>
      <trkpt lat="47.409853" lon="19.100665"><ele>99</ele></trkpt>
      <trkpt lat="47.409943" lon="19.100658"><ele>100</ele></trkpt>
      <trkpt lat="47.410029" lon="19.100607"><ele>99</ele></trkpt>
      <trkpt lat="47.410116" lon="19.10056"><ele>99</ele></trkpt>
      <trkpt lat="47.410205" lon="19.100524"><ele>99</ele></trkpt>
      <trkpt lat="47.410298" lon="19.100493"><ele>99</ele></trkpt>
      <trkpt lat="47.410385" lon="19.10046"><ele>99</ele></trkpt>
      <trkpt lat="47.410473" lon="19.100419"><ele>99</ele></trkpt>
      <trkpt lat="47.410556" lon="19.100362"><ele>99</ele></trkpt>
      <trkpt lat="47.410641" lon="19.100319"><ele>99</ele></trkpt>
      <trkpt lat="47.410735" lon="19.100295"><ele>99</ele></trkpt>
      <trkpt lat="47.410824" lon="19.100252"><ele>99</ele></trkpt>
      <trkpt lat="47.410908" lon="19.100205"><ele>99</ele></trkpt>
      <trkpt lat="47.410999" lon="19.100177"><ele>99</ele></trkpt>
      <trkpt lat="47.411088" lon="19.100122"><ele>99</ele></trkpt>
      <trkpt lat="47.411183" lon="19.100075"><ele>99</ele></trkpt>
      <trkpt lat="47.411274" lon="19.100068"><ele>99</ele></trkpt>
      <trkpt lat="47.411354" lon="19.100006"><ele>99</ele></trkpt>
      <trkpt lat="47.411442" lon="19.099974"><ele>99</ele></trkpt>
      <trkpt lat="47.41153" lon="19.099946"><ele>99</ele></trkpt>
      <trkpt lat="47.41162" lon="19.099917"><ele>99</ele></trkpt>
      <trkpt lat="47.41171" lon="19.099886"><ele>99</ele></trkpt>
      <trkpt lat="47.411799" lon="19.099868"><ele>99</ele></trkpt>
      <trkpt lat="47.411891" lon="19.099835"><ele>99</ele></trkpt>
      <trkpt lat="47.411982" lon="19.099778"><ele>99</ele></trkpt>
      <trkpt lat="47.412076" lon="19.099774"><ele>99</ele></trkpt>
      <trkpt lat="47.412167" lon="19.099744"><ele>99</ele></trkpt>
      <trkpt lat="47.412258" lon="19.099715"><ele>99</ele></trkpt>
      <trkpt lat="47.412339" lon="19.099651"><ele>99</ele></trkpt>
      <trkpt lat="47.412426" lon="19.099601"><ele>99</ele></trkpt>
      <trkpt lat="47.412438" lon="19.099467"><ele>99</ele></trkpt>
      <trkpt lat="47.412388" lon="19.099356"><ele>99</ele></trkpt>
      <trkpt lat="47.412321" lon="19.099266"><ele>99</ele></trkpt>
      <trkpt lat="47.412406" lon="19.099198"><ele>99</ele></trkpt>
      <trkpt lat="47.41245" lon="19.099078"><ele>99</ele></trkpt>
      <trkpt lat="47.412396" lon="19.098962"><ele>99</ele></trkpt>
      <trkpt lat="47.41246" lon="19.098857"><ele>99</ele></trkpt>
      <trkpt lat="47.41254" lon="19.098779"><ele>99</ele></trkpt>
      <trkpt lat="47.412631" lon="19.098756"><ele>99</ele></trkpt>
      <trkpt lat="47.412714" lon="19.098703"><ele>99</ele></trkpt>
      <trkpt lat="47.412784" lon="19.098602"><ele>99</ele></trkpt>
      <trkpt lat="47.41275" lon="19.098469"><ele>99</ele></trkpt>
      <trkpt lat="47.412704" lon="19.098354"><ele>99</ele></trkpt>
      <trkpt lat="47.412657" lon="19.098229"><ele>99</ele></trkpt>
      <trkpt lat="47.412626" lon="19.098095"><ele>99</ele></trkpt>
      <trkpt lat="47.412592" lon="19.097963"><ele>100</ele></trkpt>
      <trkpt lat="47.412546" lon="19.097842"><ele>100</ele></trkpt>
      <trkpt lat="47.412514" lon="19.097712"><ele>100</ele></trkpt>
      <trkpt lat="47.412481" lon="19.097582"><ele>100</ele></trkpt>
      <trkpt lat="47.412563" lon="19.097527"><ele>100</ele></trkpt>
      <trkpt lat="47.412542" lon="19.097398"><ele>101</ele></trkpt>
      <trkpt lat="47.412452" lon="19.097415"><ele>100</ele></trkpt>
      <trkpt lat="47.412396" lon="19.097311"><ele>100</ele></trkpt>
      <trkpt lat="47.412323" lon="19.097228"><ele>101</ele></trkpt>
      <trkpt lat="47.41239" lon="19.097139"><ele>103</ele></trkpt>
      <trkpt lat="47.412445" lon="19.097029"><ele>103</ele></trkpt>
      <trkpt lat="47.412461" lon="19.096891"><ele>103</ele></trkpt>
      <trkpt lat="47.412455" lon="19.096753"><ele>104</ele></trkpt>
      <trkpt lat="47.412455" lon="19.096619"><ele>104</ele></trkpt>
      <trkpt lat="47.412457" lon="19.096485"><ele>105</ele></trkpt>
      <trkpt lat="47.412465" lon="19.096342"><ele>105</ele></trkpt>
      <trkpt lat="47.412463" lon="19.096206"><ele>105</ele></trkpt>
      <trkpt lat="47.412444" lon="19.096073"><ele>107</ele></trkpt>
      <trkpt lat="47.412396" lon="19.09596"><ele>107</ele></trkpt>
      <trkpt lat="47.412353" lon="19.095836"><ele>107</ele></trkpt>
      <trkpt lat="47.412308" lon="19.095713"><ele>107</ele></trkpt>
      <trkpt lat="47.412251" lon="19.095598"><ele>108</ele></trkpt>
      <trkpt lat="47.412198" lon="19.095488"><ele>108</ele></trkpt>
      <trkpt lat="47.412127" lon="19.0954"><ele>108</ele></trkpt>
      <trkpt lat="47.412094" lon="19.095276"><ele>108</ele></trkpt>
      <trkpt lat="47.412088" lon="19.095144"><ele>108</ele></trkpt>
      <trkpt lat="47.412103" lon="19.095003"><ele>108</ele></trkpt>
      <trkpt lat="47.412173" lon="19.094916"><ele>108</ele></trkpt>
      <trkpt lat="47.412236" lon="19.094808"><ele>107</ele></trkpt>
      <trkpt lat="47.412314" lon="19.094743"><ele>107</ele></trkpt>
      <trkpt lat="47.412394" lon="19.09468"><ele>107</ele></trkpt>
      <trkpt lat="47.412484" lon="19.094663"><ele>107</ele></trkpt>
      <trkpt lat="47.412546" lon="19.094563"><ele>107</ele></trkpt>
      <trkpt lat="47.412615" lon="19.094469"><ele>107</ele></trkpt>
      <trkpt lat="47.412695" lon="19.094399"><ele>107</ele></trkpt>
      <trkpt lat="47.412773" lon="19.094321"><ele>107</ele></trkpt>
      <trkpt lat="47.412845" lon="19.094238"><ele>108</ele></trkpt>
      <trkpt lat="47.412919" lon="19.094154"><ele>108</ele></trkpt>
      <trkpt lat="47.413008" lon="19.0941"><ele>108</ele></trkpt>
      <trkpt lat="47.413092" lon="19.094038"><ele>108</ele></trkpt>
      <trkpt lat="47.413142" lon="19.093927"><ele>107</ele></trkpt>
      <trkpt lat="47.41322" lon="19.093855"><ele>107</ele></trkpt>
      <trkpt lat="47.413295" lon="19.093781"><ele>107</ele></trkpt>
      <trkpt lat="47.413383" lon="19.093726"><ele>107</ele></trkpt>
      <trkpt lat="47.413456" lon="19.093648"><ele>106</ele></trkpt>
      <trkpt lat="47.413541" lon="19.093588"><ele>106</ele></trkpt>
      <trkpt lat="47.413589" lon="19.093473"><ele>107</ele></trkpt>
      <trkpt lat="47.413661" lon="19.093381"><ele>107</ele></trkpt>
      <trkpt lat="47.413735" lon="19.093304"><ele>107</ele></trkpt>
      <trkpt lat="47.413809" lon="19.093219"><ele>107</ele></trkpt>
      <trkpt lat="47.413852" lon="19.093093"><ele>108</ele></trkpt>
      <trkpt lat="47.413906" lon="19.092986"><ele>107</ele></trkpt>
      <trkpt lat="47.413942" lon="19.092856"><ele>107</ele></trkpt>
      <trkpt lat="47.413979" lon="19.092726"><ele>107</ele></trkpt>
      <trkpt lat="47.414035" lon="19.092616"><ele>107</ele></trkpt>
      <trkpt lat="47.414073" lon="19.092489"><ele>106</ele></trkpt>
      <trkpt lat="47.414114" lon="19.09237"><ele>106</ele></trkpt>
      <trkpt lat="47.414155" lon="19.092247"><ele>106</ele></trkpt>
      <trkpt lat="47.414196" lon="19.092123"><ele>106</ele></trkpt>
      <trkpt lat="47.414242" lon="19.092007"><ele>106</ele></trkpt>
      <trkpt lat="47.414288" lon="19.09189"><ele>106</ele></trkpt>
      <trkpt lat="47.414329" lon="19.091772"><ele>106</ele></trkpt>
      <trkpt lat="47.414378" lon="19.091654"><ele>106</ele></trkpt>
      <trkpt lat="47.414424" lon="19.091537"><ele>106</ele></trkpt>
      <trkpt lat="47.414487" lon="19.091437"><ele>106</ele></trkpt>
      <trkpt lat="47.414562" lon="19.091363"><ele>106</ele></trkpt>
      <trkpt lat="47.41464" lon="19.091284"><ele>106</ele></trkpt>
      <trkpt lat="47.414696" lon="19.091178"><ele>106</ele></trkpt>
      <trkpt lat="47.414786" lon="19.091134"><ele>106</ele></trkpt>
      <trkpt lat="47.414848" lon="19.091024"><ele>106</ele></trkpt>
      <trkpt lat="47.414911" lon="19.090922"><ele>106</ele></trkpt>
      <trkpt lat="47.414934" lon="19.09079"><ele>105</ele></trkpt>
      <trkpt lat="47.414869" lon="19.090687"><ele>105</ele></trkpt>
      <trkpt lat="47.414781" lon="19.090717"><ele>106</ele></trkpt>
      <trkpt lat="47.414687" lon="19.090731"><ele>105</ele></trkpt>
      <trkpt lat="47.41456" lon="19.090731"><ele>106</ele></trkpt>
      <trkpt lat="47.414466" lon="19.090711"><ele>106</ele></trkpt>
      <trkpt lat="47.414369" lon="19.090707"><ele>106</ele></trkpt>
      <trkpt lat="47.414323" lon="19.090592"><ele>106</ele></trkpt>
      <trkpt lat="47.414234" lon="19.09055"><ele>107</ele></trkpt>
      <trkpt lat="47.414179" lon="19.090443"><ele>109</ele></trkpt>
      <trkpt lat="47.414173" lon="19.090582"><ele>109</ele></trkpt>
      <trkpt lat="47.414128" lon="19.090704"><ele>109</ele></trkpt>
      <trkpt lat="47.414104" lon="19.090837"><ele>109</ele></trkpt>
      <trkpt lat="47.414039" lon="19.090931"><ele>108</ele></trkpt>
      <trkpt lat="47.41395" lon="19.090963"><ele>108</ele></trkpt>
      <trkpt lat="47.413858" lon="19.090971"><ele>108</ele></trkpt>
      <trkpt lat="47.413787" lon="19.090886"><ele>108</ele></trkpt>
      <trkpt lat="47.413715" lon="19.090804"><ele>109</ele></trkpt>
      <trkpt lat="47.413556" lon="19.090679"><ele>114</ele></trkpt>
      <trkpt lat="47.413466" lon="19.090721"><ele>115</ele></trkpt>
      <trkpt lat="47.413374" lon="19.090749"><ele>116</ele></trkpt>
      <trkpt lat="47.413334" lon="19.090875"><ele>116</ele></trkpt>
      <trkpt lat="47.413258" lon="19.090963"><ele>115</ele></trkpt>
      <trkpt lat="47.413173" lon="19.091013"><ele>116</ele></trkpt>
      <trkpt lat="47.412986" lon="19.091042"><ele>116</ele></trkpt>
      <trkpt lat="47.412799" lon="19.091044"><ele>115</ele></trkpt>
      <trkpt lat="47.41262" lon="19.091073"><ele>113</ele></trkpt>
      <trkpt lat="47.412514" lon="19.091289"><ele>113</ele></trkpt>
      <trkpt lat="47.412501934080304" lon="19.091284403450782"><ele>113</ele></trkpt>
      <trkpt lat="47.412503" lon="19.091268"><ele>108.25</ele></trkpt>
      <trkpt lat="47.41245" lon="19.091248"><ele>108.25</ele></trkpt>
      <trkpt lat="47.412373" lon="19.091342"><ele>108</ele></trkpt>
      <trkpt lat="47.41229" lon="19.091396"><ele>107.25</ele></trkpt>
      <trkpt lat="47.412142" lon="19.091493"><ele>107.25</ele></trkpt>
      <trkpt lat="47.412109" lon="19.091454"><ele>107</ele></trkpt>
      <trkpt lat="47.412138" lon="19.091366"><ele>107.5</ele></trkpt>
      <trkpt lat="47.412145" lon="19.091371"><ele>109</ele></trkpt>
      <trkpt lat="47.412169" lon="19.091234"><ele>109</ele></trkpt>
      <trkpt lat="47.412188" lon="19.091092"><ele>109</ele></trkpt>
      <trkpt lat="47.412219" lon="19.090965"><ele>109</ele></trkpt>
      <trkpt lat="47.412223" lon="19.090825"><ele>108</ele></trkpt>
      <trkpt lat="47.412265" lon="19.090706"><ele>108</ele></trkpt>
      <trkpt lat="47.412324" lon="19.090596"><ele>108</ele></trkpt>
      <trkpt lat="47.412347" lon="19.090463"><ele>108</ele></trkpt>
      <trkpt lat="47.412363" lon="19.090325"><ele>108</ele></trkpt>
      <trkpt lat="47.412399" lon="19.090202"><ele>108</ele></trkpt>
      <trkpt lat="47.412404" lon="19.090067"><ele>109</ele></trkpt>
      <trkpt lat="47.412415" lon="19.089933"><ele>109</ele></trkpt>
      <trkpt lat="47.412444" lon="19.089802"><ele>109</ele></trkpt>
      <trkpt lat="47.412445" lon="19.089662"><ele>107</ele></trkpt>
      <trkpt lat="47.412479" lon="19.089538"><ele>106</ele></trkpt>
      <trkpt lat="47.412429" lon="19.089418"><ele>106</ele></trkpt>
      <trkpt lat="47.41241" lon="19.089279"><ele>106</ele></trkpt>
      <trkpt lat="47.412427" lon="19.089146"><ele>106</ele></trkpt>
      <trkpt lat="47.412405" lon="19.089015"><ele>105</ele></trkpt>
      <trkpt lat="47.412386" lon="19.088879"><ele>105</ele></trkpt>
      <trkpt lat="47.412383" lon="19.088742"><ele>105</ele></trkpt>
      <trkpt lat="47.412357" lon="19.088612"><ele>105</ele></trkpt>
      <trkpt lat="47.412323" lon="19.08848"><ele>105</ele></trkpt>
      <trkpt lat="47.412315" lon="19.088345"><ele>105</ele></trkpt>
      <trkpt lat="47.412296" lon="19.088211"><ele>106</ele></trkpt>
      <trkpt lat="47.412271" lon="19.088076"><ele>107</ele></trkpt>
      <trkpt lat="47.412257" lon="19.087944"><ele>107</ele></trkpt>
      <trkpt lat="47.412178" lon="19.087867"><ele>107</ele></trkpt>
      <trkpt lat="47.412152" lon="19.087731"><ele>108</ele></trkpt>
      <trkpt lat="47.412164" lon="19.087593"><ele>109</ele></trkpt>
      <trkpt lat="47.412171" lon="19.087459"><ele>108</ele></trkpt>
      <trkpt lat="47.412111" lon="19.087356"><ele>108</ele></trkpt>
      <trkpt lat="47.41202" lon="19.08731"><ele>107</ele></trkpt>
      <trkpt lat="47.411968" lon="19.087427"><ele>107</ele></trkpt>
      <trkpt lat="47.411911" lon="19.087539"><ele>107</ele></trkpt>
      <trkpt lat="47.41184" lon="19.087624"><ele>107</ele></trkpt>
      <trkpt lat="47.411769" lon="19.087542"><ele>107</ele></trkpt>
      <trkpt lat="47.411675" lon="19.087565"><ele>106</ele></trkpt>
      <trkpt lat="47.411615" lon="19.087674"><ele>107</ele></trkpt>
      <trkpt lat="47.411531" lon="19.087616"><ele>107</ele></trkpt>
      <trkpt lat="47.411477" lon="19.087497"><ele>106</ele></trkpt>
      <trkpt lat="47.411423" lon="19.087389"><ele>107</ele></trkpt>
      <trkpt lat="47.411396" lon="19.087246"><ele>106</ele></trkpt>
      <trkpt lat="47.411341" lon="19.087137"><ele>106</ele></trkpt>
      <trkpt lat="47.41129" lon="19.087019"><ele>105</ele></trkpt>
      <trkpt lat="47.411217" lon="19.08694"><ele>105</ele></trkpt>
      <trkpt lat="47.411155" lon="19.086843"><ele>105</ele></trkpt>
      <trkpt lat="47.41114" lon="19.086712"><ele>105</ele></trkpt>
      <trkpt lat="47.411071" lon="19.08661"><ele>105</ele></trkpt>
      <trkpt lat="47.410976" lon="19.086598"><ele>105</ele></trkpt>
      <trkpt lat="47.410912" lon="19.086497"><ele>106</ele></trkpt>
      <trkpt lat="47.410873" lon="19.08637"><ele>106</ele></trkpt>
      <trkpt lat="47.41083" lon="19.086249"><ele>106</ele></trkpt>
      <trkpt lat="47.410785" lon="19.086122"><ele>106</ele></trkpt>
      <trkpt lat="47.410717" lon="19.086027"><ele>106</ele></trkpt>
      <trkpt lat="47.410684" lon="19.085898"><ele>106</ele></trkpt>
      <trkpt lat="47.410618" lon="19.085807"><ele>106</ele></trkpt>
      <trkpt lat="47.410578" lon="19.085685"><ele>106</ele></trkpt>
      <trkpt lat="47.410533" lon="19.085563"><ele>107</ele></trkpt>
      <trkpt lat="47.410487" lon="19.085441"><ele>107</ele></trkpt>
      <trkpt lat="47.410492" lon="19.085307"><ele>107</ele></trkpt>
      <trkpt lat="47.410574" lon="19.085231"><ele>107</ele></trkpt>
      <trkpt lat="47.410668" lon="19.085197"><ele>106</ele></trkpt>
      <trkpt lat="47.410641" lon="19.085065"><ele>106</ele></trkpt>
      <trkpt lat="47.410602" lon="19.084944"><ele>106</ele></trkpt>
      <trkpt lat="47.410572" lon="19.084816"><ele>106</ele></trkpt>
      <trkpt lat="47.41052" lon="19.084703"><ele>106</ele></trkpt>
      <trkpt lat="47.410454" lon="19.084604"><ele>104</ele></trkpt>
      <trkpt lat="47.410364" lon="19.084551"><ele>105</ele></trkpt>
      <trkpt lat="47.410291" lon="19.084468"><ele>105</ele></trkpt>
      <trkpt lat="47.410344" lon="19.084357"><ele>105</ele></trkpt>
      <trkpt lat="47.410364" lon="19.084219"><ele>105</ele></trkpt>
      <trkpt lat="47.410357" lon="19.084082"><ele>105</ele></trkpt>
      <trkpt lat="47.410397" lon="19.083955"><ele>105</ele></trkpt>
      <trkpt lat="47.410452" lon="19.083849"><ele>105</ele></trkpt>
      <trkpt lat="47.410471" lon="19.083719"><ele>105</ele></trkpt>
      <trkpt lat="47.410498" lon="19.083589"><ele>106</ele></trkpt>
      <trkpt lat="47.410533" lon="19.083457"><ele>106</ele></trkpt>
      <trkpt lat="47.410572" lon="19.083336"><ele>105</ele></trkpt>
      <trkpt lat="47.410608" lon="19.083212"><ele>105</ele></trkpt>
      <trkpt lat="47.410544" lon="19.083111"><ele>105</ele></trkpt>
      <trkpt lat="47.410505" lon="19.082988"><ele>105</ele></trkpt>
      <trkpt lat="47.410456" lon="19.082868"><ele>106</ele></trkpt>
      <trkpt lat="47.410408" lon="19.082752"><ele>106</ele></trkpt>
      <trkpt lat="47.410373" lon="19.082619"><ele>106</ele></trkpt>
      <trkpt lat="47.410355" lon="19.082488"><ele>106</ele></trkpt>
      <trkpt lat="47.41029" lon="19.082388"><ele>105</ele></trkpt>
      <trkpt lat="47.410233" lon="19.082268"><ele>105</ele></trkpt>
      <trkpt lat="47.410179" lon="19.082152"><ele>105</ele></trkpt>
      <trkpt lat="47.41014" lon="19.082028"><ele>105</ele></trkpt>
      <trkpt lat="47.41009" lon="19.081908"><ele>104</ele></trkpt>
      <trkpt lat="47.410049" lon="19.081782"><ele>104</ele></trkpt>
      <trkpt lat="47.410012" lon="19.081656"><ele>104</ele></trkpt>
      <trkpt lat="47.409965" lon="19.081541"><ele>104</ele></trkpt>
      <trkpt lat="47.409932" lon="19.081415"><ele>104</ele></trkpt>
      <trkpt lat="47.409913" lon="19.081275"><ele>103</ele></trkpt>
      <trkpt lat="47.409896" lon="19.081141"><ele>103</ele></trkpt>
      <trkpt lat="47.409853" lon="19.08102"><ele>103</ele></trkpt>
      <trkpt lat="47.409807" lon="19.080892"><ele>103</ele></trkpt>
      <trkpt lat="47.409768" lon="19.080772"><ele>103</ele></trkpt>
      <trkpt lat="47.409746" lon="19.080637"><ele>103</ele></trkpt>
      <trkpt lat="47.409762" lon="19.0805"><ele>103</ele></trkpt>
      <trkpt lat="47.409703" lon="19.080394"><ele>103</ele></trkpt>
      <trkpt lat="47.409647" lon="19.080285"><ele>103</ele></trkpt>
      <trkpt lat="47.40958" lon="19.080186"><ele>103</ele></trkpt>
      <trkpt lat="47.409545" lon="19.080063"><ele>103</ele></trkpt>
      <trkpt lat="47.409503" lon="19.079934"><ele>103</ele></trkpt>
      <trkpt lat="47.409452" lon="19.079817"><ele>103</ele></trkpt>
      <trkpt lat="47.409409" lon="19.079691"><ele>103</ele></trkpt>
      <trkpt lat="47.409362" lon="19.079572"><ele>103</ele></trkpt>
      <trkpt lat="47.40931" lon="19.079461"><ele>103</ele></trkpt>
      <trkpt lat="47.409255" lon="19.079348"><ele>103</ele></trkpt>
      <trkpt lat="47.4092" lon="19.079234"><ele>103</ele></trkpt>
      <trkpt lat="47.409202" lon="19.079099"><ele>102</ele></trkpt>
      <trkpt lat="47.409203" lon="19.078963"><ele>102</ele></trkpt>
      <trkpt lat="47.409169" lon="19.078837"><ele>102</ele></trkpt>
      <trkpt lat="47.409149" lon="19.078707"><ele>102</ele></trkpt>
      <trkpt lat="47.409127" lon="19.078571"><ele>102</ele></trkpt>
      <trkpt lat="47.409131" lon="19.078439"><ele>102</ele></trkpt>
      <trkpt lat="47.409102" lon="19.07831"><ele>102</ele></trkpt>
      <trkpt lat="47.409056" lon="19.078193"><ele>102</ele></trkpt>
      <trkpt lat="47.409054" lon="19.078059"><ele>102</ele></trkpt>
      <trkpt lat="47.409042" lon="19.077925"><ele>102</ele></trkpt>
      <trkpt lat="47.409016" lon="19.07779"><ele>102</ele></trkpt>
      <trkpt lat="47.408986" lon="19.077656"><ele>102</ele></trkpt>
      <trkpt lat="47.408965" lon="19.077527"><ele>102</ele></trkpt>
      <trkpt lat="47.408944" lon="19.077386"><ele>102</ele></trkpt>
      <trkpt lat="47.408934" lon="19.077246"><ele>102</ele></trkpt>
      <trkpt lat="47.408914" lon="19.07711"><ele>102</ele></trkpt>
      <trkpt lat="47.408901" lon="19.076977"><ele>102</ele></trkpt>
      <trkpt lat="47.408867" lon="19.076851"><ele>102</ele></trkpt>
      <trkpt lat="47.40884" lon="19.076718"><ele>103</ele></trkpt>
      <trkpt lat="47.408799" lon="19.076592"><ele>103</ele></trkpt>
      <trkpt lat="47.408732" lon="19.076504"><ele>103</ele></trkpt>
      <trkpt lat="47.408675" lon="19.076387"><ele>103</ele></trkpt>
      <trkpt lat="47.408626" lon="19.076269"><ele>103</ele></trkpt>
      <trkpt lat="47.408573" lon="19.076158"><ele>103</ele></trkpt>
      <trkpt lat="47.408492" lon="19.076078"><ele>103</ele></trkpt>
      <trkpt lat="47.408442" lon="19.075956"><ele>103</ele></trkpt>
      <trkpt lat="47.408373" lon="19.075869"><ele>102</ele></trkpt>
      <trkpt lat="47.408311" lon="19.075769"><ele>102</ele></trkpt>
      <trkpt lat="47.408258" lon="19.075659"><ele>102</ele></trkpt>
      <trkpt lat="47.408184" lon="19.075577"><ele>102</ele></trkpt>
      <trkpt lat="47.408105" lon="19.0755"><ele>103</ele></trkpt>
      <trkpt lat="47.408044" lon="19.07539"><ele>103</ele></trkpt>
      <trkpt lat="47.407968" lon="19.075307"><ele>103</ele></trkpt>
      <trkpt lat="47.407881" lon="19.07525"><ele>103</ele></trkpt>
      <trkpt lat="47.407798" lon="19.075197"><ele>104</ele></trkpt>
      <trkpt lat="47.407741" lon="19.075078"><ele>103</ele></trkpt>
      <trkpt lat="47.407677" lon="19.07498"><ele>103</ele></trkpt>
      <trkpt lat="47.407618" lon="19.074873"><ele>104</ele></trkpt>
      <trkpt lat="47.40755" lon="19.074783"><ele>102</ele></trkpt>
      <trkpt lat="47.407474" lon="19.0747"><ele>103</ele></trkpt>
      <trkpt lat="47.407401" lon="19.074614"><ele>103</ele></trkpt>
      <trkpt lat="47.407332" lon="19.074513"><ele>103</ele></trkpt>
      <trkpt lat="47.407258" lon="19.074425"><ele>102</ele></trkpt>
      <trkpt lat="47.407169" lon="19.074373"><ele>102</ele></trkpt>
      <trkpt lat="47.407099" lon="19.074291"><ele>102</ele></trkpt>
      <trkpt lat="47.407022" lon="19.074214"><ele>102</ele></trkpt>
      <trkpt lat="47.406949" lon="19.074131"><ele>102</ele></trkpt>
      <trkpt lat="47.406883" lon="19.074037"><ele>102</ele></trkpt>
      <trkpt lat="47.406816" lon="19.073942"><ele>102</ele></trkpt>
      <trkpt lat="47.40675" lon="19.073848"><ele>103</ele></trkpt>
      <trkpt lat="47.406677" lon="19.073764"><ele>102</ele></trkpt>
      <trkpt lat="47.406598" lon="19.073679"><ele>102</ele></trkpt>
      <trkpt lat="47.406522" lon="19.073604"><ele>103</ele></trkpt>
      <trkpt lat="47.406462" lon="19.073505"><ele>102</ele></trkpt>
      <trkpt lat="47.406395" lon="19.073414"><ele>102</ele></trkpt>
      <trkpt lat="47.406322" lon="19.073325"><ele>102</ele></trkpt>
      <trkpt lat="47.406241" lon="19.073258"><ele>103</ele></trkpt>
      <trkpt lat="47.406173" lon="19.073167"><ele>103</ele></trkpt>
      <trkpt lat="47.40612" lon="19.073052"><ele>103</ele></trkpt>
      <trkpt lat="47.406041" lon="19.072982"><ele>103</ele></trkpt>
      <trkpt lat="47.405992" lon="19.072865"><ele>103</ele></trkpt>
      <trkpt lat="47.405939" lon="19.072756"><ele>103</ele></trkpt>
      <trkpt lat="47.405849" lon="19.07272"><ele>103</ele></trkpt>
      <trkpt lat="47.405833" lon="19.072583"><ele>104</ele></trkpt>
      <trkpt lat="47.405842" lon="19.072445"><ele>103</ele></trkpt>
      <trkpt lat="47.405829" lon="19.072309"><ele>103</ele></trkpt>
      <trkpt lat="47.405833" lon="19.072165"><ele>103</ele></trkpt>
      <trkpt lat="47.405821" lon="19.072031"><ele>104</ele></trkpt>
      <trkpt lat="47.405805" lon="19.071895"><ele>104</ele></trkpt>
      <trkpt lat="47.40577" lon="19.071769"><ele>104</ele></trkpt>
      <trkpt lat="47.405713" lon="19.071665"><ele>104</ele></trkpt>
      <trkpt lat="47.405713" lon="19.071524"><ele>104</ele></trkpt>
      <trkpt lat="47.405783" lon="19.071441"><ele>104</ele></trkpt>
      <trkpt lat="47.40586" lon="19.071363"><ele>104</ele></trkpt>
      <trkpt lat="47.405931" lon="19.07128"><ele>104</ele></trkpt>
      <trkpt lat="47.405892" lon="19.071154"><ele>103</ele></trkpt>
      <trkpt lat="47.40583" lon="19.071051"><ele>103</ele></trkpt>
      <trkpt lat="47.40577" lon="19.070939"><ele>104</ele></trkpt>
      <trkpt lat="47.405721" lon="19.070817"><ele>103</ele></trkpt>
      <trkpt lat="47.405683" lon="19.070695"><ele>103</ele></trkpt>
      <trkpt lat="47.405646" lon="19.07057"><ele>104</ele></trkpt>
      <trkpt lat="47.405582" lon="19.070467"><ele>104</ele></trkpt>
      <trkpt lat="47.405518" lon="19.070363"><ele>103</ele></trkpt>
      <trkpt lat="47.40543" lon="19.070328"><ele>104</ele></trkpt>
      <trkpt lat="47.405349" lon="19.070261"><ele>104</ele></trkpt>
      <trkpt lat="47.405291" lon="19.070151"><ele>104</ele></trkpt>
      <trkpt lat="47.405333" lon="19.07003"><ele>104</ele></trkpt>
      <trkpt lat="47.405382" lon="19.069913"><ele>104</ele></trkpt>
      <trkpt lat="47.405468" lon="19.069861"><ele>104</ele></trkpt>
      <trkpt lat="47.405558" lon="19.069826"><ele>104</ele></trkpt>
      <trkpt lat="47.405651" lon="19.069822"><ele>104</ele></trkpt>
      <trkpt lat="47.405731" lon="19.06975"><ele>103</ele></trkpt>
      <trkpt lat="47.405813" lon="19.069679"><ele>103</ele></trkpt>
      <trkpt lat="47.405876" lon="19.069574"><ele>104</ele></trkpt>
      <trkpt lat="47.405939" lon="19.069476"><ele>104</ele></trkpt>
      <trkpt lat="47.406015" lon="19.069392"><ele>104</ele></trkpt>
      <trkpt lat="47.406114" lon="19.069376"><ele>104</ele></trkpt>
      <trkpt lat="47.406185" lon="19.069294"><ele>104</ele></trkpt>
      <trkpt lat="47.406261" lon="19.069216"><ele>104</ele></trkpt>
      <trkpt lat="47.406346" lon="19.069169"><ele>104</ele></trkpt>
      <trkpt lat="47.406434" lon="19.069119"><ele>104</ele></trkpt>
      <trkpt lat="47.406513" lon="19.069044"><ele>104</ele></trkpt>
      <trkpt lat="47.406586" lon="19.06896"><ele>104</ele></trkpt>
      <trkpt lat="47.406666" lon="19.068894"><ele>104</ele></trkpt>
      <trkpt lat="47.40675" lon="19.068843"><ele>105</ele></trkpt>
      <trkpt lat="47.406839" lon="19.068802"><ele>104</ele></trkpt>
      <trkpt lat="47.40691" lon="19.068718"><ele>104</ele></trkpt>
      <trkpt lat="47.406981" lon="19.068631"><ele>104</ele></trkpt>
      <trkpt lat="47.407069" lon="19.068575"><ele>104</ele></trkpt>
      <trkpt lat="47.407152" lon="19.06852"><ele>105</ele></trkpt>
      <trkpt lat="47.40722" lon="19.068433"><ele>105</ele></trkpt>
      <trkpt lat="47.407295" lon="19.06835"><ele>105</ele></trkpt>
      <trkpt lat="47.407368" lon="19.068266"><ele>104</ele></trkpt>
      <trkpt lat="47.407393" lon="19.068131"><ele>104</ele></trkpt>
      <trkpt lat="47.407471" lon="19.06806"><ele>104</ele></trkpt>
      <trkpt lat="47.407531" lon="19.067951"><ele>104</ele></trkpt>
      <trkpt lat="47.407531" lon="19.067792"><ele>105</ele></trkpt>
      <trkpt lat="47.407533" lon="19.067648"><ele>105</ele></trkpt>
      <trkpt lat="47.407556" lon="19.067513"><ele>105</ele></trkpt>
      <trkpt lat="47.407618" lon="19.067415"><ele>105</ele></trkpt>
      <trkpt lat="47.407692" lon="19.067333"><ele>105</ele></trkpt>
      <trkpt lat="47.407719" lon="19.067202"><ele>105</ele></trkpt>
      <trkpt lat="47.407649" lon="19.067106"><ele>105</ele></trkpt>
      <trkpt lat="47.407598" lon="19.066987"><ele>105</ele></trkpt>
      <trkpt lat="47.407571" lon="19.066854"><ele>105</ele></trkpt>
      <trkpt lat="47.407615" lon="19.066736"><ele>104</ele></trkpt>
      <trkpt lat="47.4077" lon="19.066667"><ele>104</ele></trkpt>
      <trkpt lat="47.407771" lon="19.066571"><ele>104</ele></trkpt>
      <trkpt lat="47.407813" lon="19.066453"><ele>104</ele></trkpt>
      <trkpt lat="47.407868" lon="19.066337"><ele>104</ele></trkpt>
      <trkpt lat="47.407932" lon="19.066235"><ele>104</ele></trkpt>
      <trkpt lat="47.408013" lon="19.066156"><ele>104</ele></trkpt>
      <trkpt lat="47.408095" lon="19.06607"><ele>103</ele></trkpt>
      <trkpt lat="47.408183" lon="19.066005"><ele>103</ele></trkpt>
      <trkpt lat="47.408267" lon="19.065918"><ele>103</ele></trkpt>
      <trkpt lat="47.408347" lon="19.065834"><ele>103</ele></trkpt>
      <trkpt lat="47.408347" lon="19.065696"><ele>103</ele></trkpt>
      <trkpt lat="47.408335" lon="19.065561"><ele>103</ele></trkpt>
      <trkpt lat="47.408332" lon="19.065427"><ele>103</ele></trkpt>
      <trkpt lat="47.408335" lon="19.065291"><ele>103</ele></trkpt>
      <trkpt lat="47.408338" lon="19.065154"><ele>103</ele></trkpt>
      <trkpt lat="47.40833" lon="19.065013"><ele>103</ele></trkpt>
      <trkpt lat="47.408344" lon="19.064882"><ele>103</ele></trkpt>
      <trkpt lat="47.408376" lon="19.064749"><ele>103</ele></trkpt>
      <trkpt lat="47.408392" lon="19.064616"><ele>103</ele></trkpt>
      <trkpt lat="47.408414" lon="19.064483"><ele>103</ele></trkpt>
      <trkpt lat="47.408455" lon="19.064349"><ele>103</ele></trkpt>
      <trkpt lat="47.408486" lon="19.06422"><ele>103</ele></trkpt>
      <trkpt lat="47.408522" lon="19.064093"><ele>103</ele></trkpt>
      <trkpt lat="47.408572" lon="19.063966"><ele>103</ele></trkpt>
      <trkpt lat="47.408542" lon="19.063833"><ele>103</ele></trkpt>
      <trkpt lat="47.408469" lon="19.063744"><ele>103</ele></trkpt>
      <trkpt lat="47.408377" lon="19.063715"><ele>103</ele></trkpt>
      <trkpt lat="47.408297" lon="19.063634"><ele>103</ele></trkpt>
      <trkpt lat="47.408221" lon="19.063561"><ele>103</ele></trkpt>
      <trkpt lat="47.40814" lon="19.063496"><ele>104</ele></trkpt>
      <trkpt lat="47.408059" lon="19.06343"><ele>103</ele></trkpt>
      <trkpt lat="47.407987" lon="19.063346"><ele>103</ele></trkpt>
      <trkpt lat="47.408018" lon="19.063209"><ele>103</ele></trkpt>
      <trkpt lat="47.408044" lon="19.063076"><ele>103</ele></trkpt>
      <trkpt lat="47.408066" lon="19.062944"><ele>103</ele></trkpt>
      <trkpt lat="47.4081" lon="19.062815"><ele>103</ele></trkpt>
      <trkpt lat="47.408154" lon="19.062696"><ele>103</ele></trkpt>
      <trkpt lat="47.408181" lon="19.062559"><ele>103</ele></trkpt>
      <trkpt lat="47.408189" lon="19.062418"><ele>103</ele></trkpt>
      <trkpt lat="47.408239" lon="19.062297"><ele>103</ele></trkpt>
      <trkpt lat="47.408267" lon="19.062159"><ele>103</ele></trkpt>
      <trkpt lat="47.408295" lon="19.062028"><ele>103</ele></trkpt>
      <trkpt lat="47.408243" lon="19.061911"><ele>103</ele></trkpt>
      <trkpt lat="47.408156" lon="19.061881"><ele>103</ele></trkpt>
      <trkpt lat="47.408066" lon="19.061836"><ele>103</ele></trkpt>
      <trkpt lat="47.407969" lon="19.061781"><ele>102</ele></trkpt>
      <trkpt lat="47.407886" lon="19.061712"><ele>104</ele></trkpt>
      <trkpt lat="47.4078" lon="19.061666"><ele>104</ele></trkpt>
      <trkpt lat="47.407718" lon="19.061607"><ele>104</ele></trkpt>
      <trkpt lat="47.407653" lon="19.061511"><ele>104</ele></trkpt>
      <trkpt lat="47.40757" lon="19.061434"><ele>104</ele></trkpt>
      <trkpt lat="47.407549" lon="19.061301"><ele>104</ele></trkpt>
      <trkpt lat="47.407588" lon="19.061168"><ele>104</ele></trkpt>
      <trkpt lat="47.40761" lon="19.061038"><ele>104</ele></trkpt>
      <trkpt lat="47.407665" lon="19.060928"><ele>104</ele></trkpt>
      <trkpt lat="47.407738" lon="19.060839"><ele>104</ele></trkpt>
      <trkpt lat="47.407824" lon="19.060788"><ele>104</ele></trkpt>
      <trkpt lat="47.407893" lon="19.060703"><ele>104</ele></trkpt>
      <trkpt lat="47.407958" lon="19.060602"><ele>104</ele></trkpt>
      <trkpt lat="47.408026" lon="19.060511"><ele>104</ele></trkpt>
      <trkpt lat="47.408103" lon="19.06042"><ele>104</ele></trkpt>
      <trkpt lat="47.408182" lon="19.060353"><ele>105</ele></trkpt>
      <trkpt lat="47.408258" lon="19.060277"><ele>104</ele></trkpt>
      <trkpt lat="47.408339" lon="19.060332"><ele>104</ele></trkpt>
      <trkpt lat="47.408505" lon="19.06021"><ele>104</ele></trkpt>
      <trkpt lat="47.408606" lon="19.060087"><ele>104</ele></trkpt>
      <trkpt lat="47.408669" lon="19.059985"><ele>104</ele></trkpt>
      <trkpt lat="47.40873" lon="19.059879"><ele>104</ele></trkpt>
      <trkpt lat="47.408811" lon="19.059803"><ele>104</ele></trkpt>
      <trkpt lat="47.408866" lon="19.059689"><ele>104</ele></trkpt>
      <trkpt lat="47.408906" lon="19.05956"><ele>104</ele></trkpt>
      <trkpt lat="47.408949" lon="19.059437"><ele>104</ele></trkpt>
      <trkpt lat="47.408986" lon="19.059307"><ele>104</ele></trkpt>
      <trkpt lat="47.409019" lon="19.059179"><ele>105</ele></trkpt>
      <trkpt lat="47.409052" lon="19.059054"><ele>106</ele></trkpt>
      <trkpt lat="47.409085" lon="19.058922"><ele>106</ele></trkpt>
      <trkpt lat="47.409119" lon="19.058792"><ele>104</ele></trkpt>
      <trkpt lat="47.409153" lon="19.058656"><ele>104</ele></trkpt>
      <trkpt lat="47.409192" lon="19.058527"><ele>104</ele></trkpt>
      <trkpt lat="47.409218" lon="19.058396"><ele>104</ele></trkpt>
      <trkpt lat="47.409253" lon="19.058264"><ele>104</ele></trkpt>
      <trkpt lat="47.409304" lon="19.058152"><ele>104</ele></trkpt>
      <trkpt lat="47.409346" lon="19.058026"><ele>104</ele></trkpt>
      <trkpt lat="47.409379" lon="19.057896"><ele>104</ele></trkpt>
      <trkpt lat="47.409404" lon="19.057767"><ele>104</ele></trkpt>
      <trkpt lat="47.409423" lon="19.057633"><ele>104</ele></trkpt>
      <trkpt lat="47.409461" lon="19.057505"><ele>104</ele></trkpt>
      <trkpt lat="47.409494" lon="19.057381"><ele>105</ele></trkpt>
      <trkpt lat="47.409536" lon="19.057256"><ele>105</ele></trkpt>
      <trkpt lat="47.409579" lon="19.057129"><ele>104</ele></trkpt>
      <trkpt lat="47.409603" lon="19.056984"><ele>105</ele></trkpt>
      <trkpt lat="47.409643" lon="19.056863"><ele>104</ele></trkpt>
      <trkpt lat="47.409706" lon="19.056746"><ele>104</ele></trkpt>
      <trkpt lat="47.409771" lon="19.056643"><ele>104</ele></trkpt>
      <trkpt lat="47.409835" lon="19.056533"><ele>104</ele></trkpt>
      <trkpt lat="47.409894" lon="19.056415"><ele>104</ele></trkpt>
      <trkpt lat="47.40996" lon="19.056313"><ele>104</ele></trkpt>
      <trkpt lat="47.410022" lon="19.056217"><ele>104</ele></trkpt>
      <trkpt lat="47.41011" lon="19.056187"><ele>104</ele></trkpt>
      <trkpt lat="47.410159" lon="19.056064"><ele>104</ele></trkpt>
      <trkpt lat="47.410218" lon="19.055962"><ele>104</ele></trkpt>
      <trkpt lat="47.410259" lon="19.055834"><ele>104</ele></trkpt>
      <trkpt lat="47.410269" lon="19.055686"><ele>104</ele></trkpt>
      <trkpt lat="47.41021" lon="19.055584"><ele>104</ele></trkpt>
      <trkpt lat="47.410122" lon="19.055538"><ele>104</ele></trkpt>
      <trkpt lat="47.410033" lon="19.055514"><ele>104</ele></trkpt>
      <trkpt lat="47.410367" lon="19.055985"><ele>99</ele></trkpt>
      <trkpt lat="47.410273" lon="19.055985"><ele>100</ele></trkpt>
      <trkpt lat="47.410186" lon="19.055916"><ele>100</ele></trkpt>
      <trkpt lat="47.410215" lon="19.055782"><ele>104</ele></trkpt>
      <trkpt lat="47.410246" lon="19.055656"><ele>104</ele></trkpt>
      <trkpt lat="47.410185" lon="19.055546"><ele>105</ele></trkpt>
      <trkpt lat="47.410112" lon="19.055458"><ele>105</ele></trkpt>
      <trkpt lat="47.410029" lon="19.055403"><ele>105</ele></trkpt>
      <trkpt lat="47.409955" lon="19.055321"><ele>105</ele></trkpt>
      <trkpt lat="47.409868" lon="19.055274"><ele>105</ele></trkpt>
      <trkpt lat="47.409777" lon="19.055239"><ele>104</ele></trkpt>
      <trkpt lat="47.409685" lon="19.055211"><ele>104</ele></trkpt>
      <trkpt lat="47.4096" lon="19.055163"><ele>104</ele></trkpt>
      <trkpt lat="47.409512" lon="19.055098"><ele>104</ele></trkpt>
      <trkpt lat="47.409424" lon="19.055063"><ele>104</ele></trkpt>
      <trkpt lat="47.409336" lon="19.055016"><ele>104</ele></trkpt>
      <trkpt lat="47.409245" lon="19.054963"><ele>104</ele></trkpt>
      <trkpt lat="47.409157" lon="19.054906"><ele>105</ele></trkpt>
      <trkpt lat="47.40899" lon="19.05483"><ele>105</ele></trkpt>
      <trkpt lat="47.408903" lon="19.054772"><ele>105</ele></trkpt>
      <trkpt lat="47.408819" lon="19.054724"><ele>105</ele></trkpt>
      <trkpt lat="47.408732" lon="19.05468"><ele>105</ele></trkpt>
      <trkpt lat="47.408642" lon="19.054635"><ele>105</ele></trkpt>
      <trkpt lat="47.408556" lon="19.054591"><ele>105</ele></trkpt>
      <trkpt lat="47.408471" lon="19.054543"><ele>105</ele></trkpt>
      <trkpt lat="47.408385" lon="19.054499"><ele>106</ele></trkpt>
      <trkpt lat="47.408292" lon="19.054462"><ele>106</ele></trkpt>
      <trkpt lat="47.408202" lon="19.054433"><ele>106</ele></trkpt>
      <trkpt lat="47.408113" lon="19.054406"><ele>106</ele></trkpt>
      <trkpt lat="47.408046" lon="19.054316"><ele>107</ele></trkpt>
      <trkpt lat="47.407954" lon="19.054314"><ele>106</ele></trkpt>
      <trkpt lat="47.407867" lon="19.054259"><ele>106</ele></trkpt>
      <trkpt lat="47.407773" lon="19.054257"><ele>106</ele></trkpt>
      <trkpt lat="47.407693" lon="19.054188"><ele>106</ele></trkpt>
      <trkpt lat="47.407608" lon="19.054142"><ele>106</ele></trkpt>
      <trkpt lat="47.407517" lon="19.054094"><ele>106</ele></trkpt>
      <trkpt lat="47.407421" lon="19.054061"><ele>106</ele></trkpt>
      <trkpt lat="47.407336" lon="19.054001"><ele>106</ele></trkpt>
      <trkpt lat="47.407248" lon="19.05396"><ele>106</ele></trkpt>
      <trkpt lat="47.407162" lon="19.053919"><ele>107</ele></trkpt>
      <trkpt lat="47.407081" lon="19.053855"><ele>107</ele></trkpt>
      <trkpt lat="47.406984" lon="19.053843"><ele>107</ele></trkpt>
      <trkpt lat="47.4069" lon="19.05377"><ele>107</ele></trkpt>
      <trkpt lat="47.40691" lon="19.05363"><ele>107</ele></trkpt>
      <trkpt lat="47.406932" lon="19.053501"><ele>107</ele></trkpt>
      <trkpt lat="47.406973" lon="19.053382"><ele>106</ele></trkpt>
      <trkpt lat="47.406991" lon="19.053245"><ele>106</ele></trkpt>
      <trkpt lat="47.40702" lon="19.053112"><ele>106</ele></trkpt>
      <trkpt lat="47.407051" lon="19.052986"><ele>106</ele></trkpt>
      <trkpt lat="47.407085" lon="19.052852"><ele>106</ele></trkpt>
      <trkpt lat="47.40711" lon="19.052722"><ele>106</ele></trkpt>
      <trkpt lat="47.407101" lon="19.052586"><ele>108</ele></trkpt>
      <trkpt lat="47.407126" lon="19.052452"><ele>108</ele></trkpt>
      <trkpt lat="47.407161" lon="19.052313"><ele>108</ele></trkpt>
      <trkpt lat="47.407195" lon="19.052176"><ele>108</ele></trkpt>
      <trkpt lat="47.407234" lon="19.052036"><ele>108</ele></trkpt>
      <trkpt lat="47.407254" lon="19.05189"><ele>108</ele></trkpt>
      <trkpt lat="47.407287" lon="19.051759"><ele>108</ele></trkpt>
      <trkpt lat="47.407329" lon="19.051638"><ele>108</ele></trkpt>
      <trkpt lat="47.407363" lon="19.051516"><ele>108</ele></trkpt>
      <trkpt lat="47.407383" lon="19.051375"><ele>108</ele></trkpt>
      <trkpt lat="47.40738" lon="19.051238"><ele>108</ele></trkpt>
      <trkpt lat="47.407284" lon="19.051202"><ele>108</ele></trkpt>
      <trkpt lat="47.407191" lon="19.051197"><ele>108</ele></trkpt>
      <trkpt lat="47.407125" lon="19.051098"><ele>108</ele></trkpt>
      <trkpt lat="47.407048" lon="19.051031"><ele>108</ele></trkpt>
      <trkpt lat="47.406963" lon="19.050966"><ele>108</ele></trkpt>
      <trkpt lat="47.406872" lon="19.050939"><ele>108</ele></trkpt>
      <trkpt lat="47.406784" lon="19.050894"><ele>107</ele></trkpt>
      <trkpt lat="47.406695" lon="19.050847"><ele>107</ele></trkpt>
      <trkpt lat="47.406611" lon="19.050781"><ele>107</ele></trkpt>
      <trkpt lat="47.406525" lon="19.050734"><ele>105</ele></trkpt>
      <trkpt lat="47.406436" lon="19.050706"><ele>105</ele></trkpt>
      <trkpt lat="47.406345" lon="19.050647"><ele>105</ele></trkpt>
      <trkpt lat="47.406257" lon="19.05062"><ele>105</ele></trkpt>
      <trkpt lat="47.406162" lon="19.05058"><ele>104</ele></trkpt>
      <trkpt lat="47.406068" lon="19.050542"><ele>104</ele></trkpt>
      <trkpt lat="47.405972" lon="19.050505"><ele>104</ele></trkpt>
      <trkpt lat="47.405902" lon="19.050403"><ele>104</ele></trkpt>
      <trkpt lat="47.405827" lon="19.050321"><ele>104</ele></trkpt>
      <trkpt lat="47.405745" lon="19.050265"><ele>104</ele></trkpt>
      <trkpt lat="47.405663" lon="19.050199"><ele>104</ele></trkpt>
      <trkpt lat="47.405579" lon="19.050133"><ele>104</ele></trkpt>
      <trkpt lat="47.405486" lon="19.050084"><ele>104</ele></trkpt>
      <trkpt lat="47.405405" lon="19.050019"><ele>104</ele></trkpt>
      <trkpt lat="47.405329" lon="19.049931"><ele>105</ele></trkpt>
      <trkpt lat="47.405243" lon="19.049877"><ele>105</ele></trkpt>
      <trkpt lat="47.405168" lon="19.049801"><ele>106</ele></trkpt>
      <trkpt lat="47.405093" lon="19.049727"><ele>106</ele></trkpt>
      <trkpt lat="47.405017" lon="19.04964"><ele>106</ele></trkpt>
      <trkpt lat="47.404948" lon="19.049553"><ele>105</ele></trkpt>
      <trkpt lat="47.404883" lon="19.049457"><ele>105</ele></trkpt>
      <trkpt lat="47.40482" lon="19.04936"><ele>105</ele></trkpt>
      <trkpt lat="47.404756" lon="19.049252"><ele>105</ele></trkpt>
      <trkpt lat="47.404677" lon="19.04917"><ele>105</ele></trkpt>
      <trkpt lat="47.404602" lon="19.049091"><ele>105</ele></trkpt>
      <trkpt lat="47.404545" lon="19.048987"><ele>105</ele></trkpt>
      <trkpt lat="47.404557" lon="19.048944"><ele>97.5</ele></trkpt>
      <trkpt lat="47.404542" lon="19.048933"><ele>97.75</ele></trkpt>
      <trkpt lat="47.404005" lon="19.048559"><ele>98.25</ele></trkpt>
      <trkpt lat="47.403846" lon="19.048448"><ele>98.25</ele></trkpt>
      <trkpt lat="47.403747" lon="19.048331"><ele>98.5</ele></trkpt>
      <trkpt lat="47.40355" lon="19.048097"><ele>98.25</ele></trkpt>
      <trkpt lat="47.403277" lon="19.047772"><ele>98</ele></trkpt>
      <trkpt lat="47.402967" lon="19.047522"><ele>98.75</ele></trkpt>
      <trkpt lat="47.402814" lon="19.047398"><ele>99</ele></trkpt>
      <trkpt lat="47.402473" lon="19.047123"><ele>99.25</ele></trkpt>
      <trkpt lat="47.402208" lon="19.046887"><ele>99.5</ele></trkpt>
      <trkpt lat="47.401936" lon="19.046598"><ele>100</ele></trkpt>
      <trkpt lat="47.401839" lon="19.046522"><ele>100.5</ele></trkpt>
      <trkpt lat="47.401614" lon="19.04639"><ele>101.25</ele></trkpt>
      <trkpt lat="47.401287" lon="19.046184"><ele>100</ele></trkpt>
      <trkpt lat="47.400593" lon="19.045836"><ele>98.25</ele></trkpt>
      <trkpt lat="47.400413" lon="19.045761"><ele>98.5</ele></trkpt>
      <trkpt lat="47.40039" lon="19.045734"><ele>98.5</ele></trkpt>
      <trkpt lat="47.40039" lon="19.045734"><ele>98.5</ele></trkpt>
      <trkpt lat="47.400413" lon="19.045761"><ele>98.5</ele></trkpt>
      <trkpt lat="47.40017" lon="19.04598"><ele>99</ele></trkpt>
      <trkpt lat="47.399983" lon="19.046084"><ele>99.25</ele></trkpt>
      <trkpt lat="47.399918" lon="19.04612"><ele>99.25</ele></trkpt>
      <trkpt lat="47.399813" lon="19.046117"><ele>99.25</ele></trkpt>
      <trkpt lat="47.399673" lon="19.046012"><ele>99.5</ele></trkpt>
      <trkpt lat="47.399411" lon="19.045741"><ele>99.5</ele></trkpt>
      <trkpt lat="47.399361" lon="19.045793"><ele>99.75</ele></trkpt>
      <trkpt lat="47.398732" lon="19.046443"><ele>99.75</ele></trkpt>
      <trkpt lat="47.398269" lon="19.04692"><ele>100</ele></trkpt>
      <trkpt lat="47.398045" lon="19.047152"><ele>100.5</ele></trkpt>
      <trkpt lat="47.39782" lon="19.047421"><ele>101</ele></trkpt>
      <trkpt lat="47.397594" lon="19.047675"><ele>101</ele></trkpt>
      <trkpt lat="47.396748" lon="19.045943"><ele>99</ele></trkpt>
      <trkpt lat="47.396652" lon="19.04573"><ele>99</ele></trkpt>
      <trkpt lat="47.39502" lon="19.042373"><ele>98.75</ele></trkpt>
      <trkpt lat="47.393964" lon="19.040203"><ele>100</ele></trkpt>
      <trkpt lat="47.393656" lon="19.039591"><ele>100</ele></trkpt>
      <trkpt lat="47.3935" lon="19.039331"><ele>100</ele></trkpt>
      <trkpt lat="47.393428" lon="19.039211"><ele>100</ele></trkpt>
      <trkpt lat="47.392386" lon="19.037319"><ele>100</ele></trkpt>
      <trkpt lat="47.39239" lon="19.037316"><ele>104</ele></trkpt>
      <trkpt lat="47.392333" lon="19.03721"><ele>105</ele></trkpt>
      <trkpt lat="47.39228" lon="19.037095"><ele>103</ele></trkpt>
      <trkpt lat="47.392217" lon="19.036999"><ele>104</ele></trkpt>
      <trkpt lat="47.392146" lon="19.03691"><ele>103</ele></trkpt>
      <trkpt lat="47.392098" lon="19.036785"><ele>103</ele></trkpt>
      <trkpt lat="47.392036" lon="19.036674"><ele>104</ele></trkpt>
      <trkpt lat="47.391979" lon="19.036568"><ele>105</ele></trkpt>
      <trkpt lat="47.391914" lon="19.036463"><ele>104</ele></trkpt>
      <trkpt lat="47.391853" lon="19.036356"><ele>106</ele></trkpt>
      <trkpt lat="47.391783" lon="19.036262"><ele>106</ele></trkpt>
      <trkpt lat="47.391757" lon="19.036135"><ele>106</ele></trkpt>
      <trkpt lat="47.391714" lon="19.03601"><ele>106</ele></trkpt>
      <trkpt lat="47.391691" lon="19.03588"><ele>106</ele></trkpt>
      <trkpt lat="47.391624" lon="19.03579"><ele>106</ele></trkpt>
      <trkpt lat="47.391569" lon="19.03568"><ele>106</ele></trkpt>
      <trkpt lat="47.391547924421" lon="19.035646546658025"><ele>106</ele></trkpt>
      <trkpt lat="47.391567" lon="19.035625"><ele>101.75</ele></trkpt>
      <trkpt lat="47.391558" lon="19.035605"><ele>101.75</ele></trkpt>
      <trkpt lat="47.391525" lon="19.03557"><ele>101.75</ele></trkpt>
      <trkpt lat="47.391474" lon="19.035533"><ele>101.75</ele></trkpt>
      <trkpt lat="47.39145" lon="19.035496"><ele>101.5</ele></trkpt>
      <trkpt lat="47.391453840126466" lon="19.035492348809058"><ele>104.31105092944209</ele></trkpt>
      <trkpt lat="47.391433" lon="19.03546"><ele>104</ele></trkpt>
      <trkpt lat="47.391379" lon="19.035345"><ele>106</ele></trkpt>
      <trkpt lat="47.39132" lon="19.035244"><ele>106</ele></trkpt>
      <trkpt lat="47.391299" lon="19.03511"><ele>106</ele></trkpt>
      <trkpt lat="47.391241" lon="19.035003"><ele>106</ele></trkpt>
      <trkpt lat="47.391183" lon="19.034894"><ele>106</ele></trkpt>
      <trkpt lat="47.391138" lon="19.034774"><ele>106</ele></trkpt>
      <trkpt lat="47.391084" lon="19.034666"><ele>106</ele></trkpt>
      <trkpt lat="47.391037" lon="19.034547"><ele>106</ele></trkpt>
      <trkpt lat="47.390994" lon="19.03443"><ele>106</ele></trkpt>
      <trkpt lat="47.390947" lon="19.034304"><ele>106</ele></trkpt>
      <trkpt lat="47.390896" lon="19.034189"><ele>106</ele></trkpt>
      <trkpt lat="47.390855" lon="19.03407"><ele>106</ele></trkpt>
      <trkpt lat="47.390794" lon="19.033962"><ele>106</ele></trkpt>
      <trkpt lat="47.390739" lon="19.03385"><ele>106</ele></trkpt>
      <trkpt lat="47.390696" lon="19.033722"><ele>106</ele></trkpt>
      <trkpt lat="47.390651" lon="19.033607"><ele>106</ele></trkpt>
      <trkpt lat="47.390619" lon="19.033478"><ele>106</ele></trkpt>
      <trkpt lat="47.390581" lon="19.033341"><ele>106</ele></trkpt>
      <trkpt lat="47.390511" lon="19.033253"><ele>106</ele></trkpt>
      <trkpt lat="47.390467" lon="19.033136"><ele>106</ele></trkpt>
      <trkpt lat="47.390422" lon="19.033013"><ele>106</ele></trkpt>
      <trkpt lat="47.390378" lon="19.032893"><ele>105</ele></trkpt>
      <trkpt lat="47.39033" lon="19.03277"><ele>105</ele></trkpt>
      <trkpt lat="47.390288" lon="19.032645"><ele>105</ele></trkpt>
      <trkpt lat="47.390223" lon="19.032546"><ele>105</ele></trkpt>
      <trkpt lat="47.39017" lon="19.032439"><ele>105</ele></trkpt>
      <trkpt lat="47.390131" lon="19.032306"><ele>105</ele></trkpt>
      <trkpt lat="47.390088" lon="19.032188"><ele>105</ele></trkpt>
      <trkpt lat="47.390049" lon="19.032054"><ele>105</ele></trkpt>
      <trkpt lat="47.390011" lon="19.031929"><ele>105</ele></trkpt>
      <trkpt lat="47.38996" lon="19.031814"><ele>105</ele></trkpt>
      <trkpt lat="47.38992" lon="19.031689"><ele>105</ele></trkpt>
      <trkpt lat="47.389868" lon="19.031579"><ele>106</ele></trkpt>
      <trkpt lat="47.389831" lon="19.031454"><ele>105</ele></trkpt>
      <trkpt lat="47.389792" lon="19.031334"><ele>105</ele></trkpt>
      <trkpt lat="47.389742" lon="19.031222"><ele>105</ele></trkpt>
      <trkpt lat="47.389702" lon="19.031095"><ele>105</ele></trkpt>
      <trkpt lat="47.389646" lon="19.03098"><ele>105</ele></trkpt>
      <trkpt lat="47.3896" lon="19.030863"><ele>105</ele></trkpt>
      <trkpt lat="47.389553" lon="19.030748"><ele>105</ele></trkpt>
      <trkpt lat="47.389502" lon="19.030631"><ele>105</ele></trkpt>
      <trkpt lat="47.389469" lon="19.030498"><ele>105</ele></trkpt>
      <trkpt lat="47.389432" lon="19.030376"><ele>105</ele></trkpt>
      <trkpt lat="47.389387" lon="19.03025"><ele>104</ele></trkpt>
      <trkpt lat="47.389334" lon="19.030139"><ele>105</ele></trkpt>
      <trkpt lat="47.389283" lon="19.030026"><ele>105</ele></trkpt>
      <trkpt lat="47.389264" lon="19.029893"><ele>104</ele></trkpt>
      <trkpt lat="47.38922" lon="19.029774"><ele>104</ele></trkpt>
      <trkpt lat="47.389172" lon="19.02966"><ele>105</ele></trkpt>
      <trkpt lat="47.389101" lon="19.029578"><ele>105</ele></trkpt>
      <trkpt lat="47.389068" lon="19.029444"><ele>105</ele></trkpt>
      <trkpt lat="47.38903" lon="19.029322"><ele>106</ele></trkpt>
      <trkpt lat="47.388985" lon="19.029196"><ele>105</ele></trkpt>
      <trkpt lat="47.388948" lon="19.029071"><ele>106</ele></trkpt>
      <trkpt lat="47.388894" lon="19.028953"><ele>106</ele></trkpt>
      <trkpt lat="47.388845" lon="19.028837"><ele>106</ele></trkpt>
      <trkpt lat="47.388805" lon="19.028716"><ele>106</ele></trkpt>
      <trkpt lat="47.388756" lon="19.028594"><ele>106</ele></trkpt>
      <trkpt lat="47.388717" lon="19.028469"><ele>106</ele></trkpt>
      <trkpt lat="47.388681" lon="19.028336"><ele>106</ele></trkpt>
      <trkpt lat="47.388632" lon="19.02822"><ele>106</ele></trkpt>
      <trkpt lat="47.388577" lon="19.0281"><ele>106</ele></trkpt>
      <trkpt lat="47.388532" lon="19.027982"><ele>104</ele></trkpt>
      <trkpt lat="47.388486" lon="19.027862"><ele>106</ele></trkpt>
      <trkpt lat="47.388439" lon="19.027748"><ele>106</ele></trkpt>
      <trkpt lat="47.388402" lon="19.027619"><ele>104</ele></trkpt>
      <trkpt lat="47.388346" lon="19.027506"><ele>104</ele></trkpt>
      <trkpt lat="47.38829" lon="19.027403"><ele>106</ele></trkpt>
      <trkpt lat="47.388243" lon="19.027284"><ele>106</ele></trkpt>
      <trkpt lat="47.388203" lon="19.027163"><ele>105</ele></trkpt>
      <trkpt lat="47.388162" lon="19.027038"><ele>105</ele></trkpt>
      <trkpt lat="47.388113" lon="19.02692"><ele>106</ele></trkpt>
      <trkpt lat="47.388073" lon="19.026801"><ele>106</ele></trkpt>
      <trkpt lat="47.38804" lon="19.026676"><ele>104</ele></trkpt>
      <trkpt lat="47.387991" lon="19.026557"><ele>104</ele></trkpt>
      <trkpt lat="47.38794" lon="19.026439"><ele>104</ele></trkpt>
      <trkpt lat="47.387888" lon="19.026318"><ele>104</ele></trkpt>
      <trkpt lat="47.387847" lon="19.026192"><ele>104</ele></trkpt>
      <trkpt lat="47.387798" lon="19.026071"><ele>106</ele></trkpt>
      <trkpt lat="47.387753" lon="19.025948"><ele>106</ele></trkpt>
      <trkpt lat="47.387706" lon="19.025826"><ele>104</ele></trkpt>
      <trkpt lat="47.387664" lon="19.0257"><ele>104</ele></trkpt>
      <trkpt lat="47.387622" lon="19.025574"><ele>104</ele></trkpt>
      <trkpt lat="47.387574" lon="19.025452"><ele>104</ele></trkpt>
      <trkpt lat="47.387535" lon="19.025328"><ele>104</ele></trkpt>
      <trkpt lat="47.387499" lon="19.0252"><ele>104</ele></trkpt>
      <trkpt lat="47.387451" lon="19.025087"><ele>104</ele></trkpt>
      <trkpt lat="47.387403" lon="19.024972"><ele>104</ele></trkpt>
      <trkpt lat="47.387354" lon="19.024856"><ele>104</ele></trkpt>
      <trkpt lat="47.387314" lon="19.024736"><ele>104</ele></trkpt>
      <trkpt lat="47.387275" lon="19.024605"><ele>104</ele></trkpt>
      <trkpt lat="47.387218" lon="19.024502"><ele>104</ele></trkpt>
      <trkpt lat="47.387163" lon="19.02439"><ele>104</ele></trkpt>
      <trkpt lat="47.387126" lon="19.024266"><ele>104</ele></trkpt>
      <trkpt lat="47.387075" lon="19.024154"><ele>104</ele></trkpt>
      <trkpt lat="47.387055" lon="19.024017"><ele>104</ele></trkpt>
      <trkpt lat="47.387015" lon="19.023897"><ele>104</ele></trkpt>
      <trkpt lat="47.386983" lon="19.023769"><ele>105</ele></trkpt>
      <trkpt lat="47.386931" lon="19.023656"><ele>105</ele></trkpt>
      <trkpt lat="47.38689" lon="19.023533"><ele>105</ele></trkpt>
      <trkpt lat="47.38686" lon="19.0234"><ele>104</ele></trkpt>
      <trkpt lat="47.386827" lon="19.023258"><ele>104</ele></trkpt>
      <trkpt lat="47.386774" lon="19.023137"><ele>105</ele></trkpt>
      <trkpt lat="47.386728" lon="19.023019"><ele>104</ele></trkpt>
      <trkpt lat="47.38668" lon="19.022901"><ele>104</ele></trkpt>
      <trkpt lat="47.38662" lon="19.022792"><ele>104</ele></trkpt>
      <trkpt lat="47.38658" lon="19.02267"><ele>104</ele></trkpt>
      <trkpt lat="47.386532" lon="19.022551"><ele>104</ele></trkpt>
      <trkpt lat="47.386492" lon="19.022432"><ele>104</ele></trkpt>
      <trkpt lat="47.386449" lon="19.022303"><ele>104</ele></trkpt>
      <trkpt lat="47.386394" lon="19.022194"><ele>104</ele></trkpt>
      <trkpt lat="47.38634" lon="19.02208"><ele>104</ele></trkpt>
      <trkpt lat="47.386286" lon="19.021968"><ele>104</ele></trkpt>
      <trkpt lat="47.386258" lon="19.021837"><ele>104</ele></trkpt>
      <trkpt lat="47.386225" lon="19.021705"><ele>104</ele></trkpt>
      <trkpt lat="47.386174" lon="19.021589"><ele>104</ele></trkpt>
      <trkpt lat="47.386131" lon="19.021463"><ele>104</ele></trkpt>
      <trkpt lat="47.386099" lon="19.021333"><ele>104</ele></trkpt>
      <trkpt lat="47.386043" lon="19.021219"><ele>104</ele></trkpt>
      <trkpt lat="47.385991" lon="19.021104"><ele>104</ele></trkpt>
      <trkpt lat="47.385942" lon="19.020986"><ele>104</ele></trkpt>
      <trkpt lat="47.385901" lon="19.020868"><ele>104</ele></trkpt>
      <trkpt lat="47.385849" lon="19.020747"><ele>106</ele></trkpt>
      <trkpt lat="47.385803" lon="19.020622"><ele>105</ele></trkpt>
      <trkpt lat="47.385759" lon="19.020504"><ele>106</ele></trkpt>
      <trkpt lat="47.385705" lon="19.02039"><ele>106</ele></trkpt>
      <trkpt lat="47.38566" lon="19.02026"><ele>106</ele></trkpt>
      <trkpt lat="47.385624" lon="19.02011"><ele>105</ele></trkpt>
      <trkpt lat="47.385585" lon="19.019989"><ele>106</ele></trkpt>
      <trkpt lat="47.385527" lon="19.019877"><ele>104</ele></trkpt>
      <trkpt lat="47.385478" lon="19.01976"><ele>104</ele></trkpt>
      <trkpt lat="47.38542" lon="19.019649"><ele>106</ele></trkpt>
      <trkpt lat="47.38537" lon="19.019532"><ele>104</ele></trkpt>
      <trkpt lat="47.385321" lon="19.019414"><ele>104</ele></trkpt>
      <trkpt lat="47.385266" lon="19.019307"><ele>106</ele></trkpt>
      <trkpt lat="47.385231" lon="19.019179"><ele>106</ele></trkpt>
      <trkpt lat="47.385195" lon="19.019056"><ele>106</ele></trkpt>
      <trkpt lat="47.385152" lon="19.018941"><ele>106</ele></trkpt>
      <trkpt lat="47.385113" lon="19.018809"><ele>106</ele></trkpt>
      <trkpt lat="47.385071" lon="19.018686"><ele>105</ele></trkpt>
      <trkpt lat="47.385019" lon="19.018576"><ele>105</ele></trkpt>
      <trkpt lat="47.385009" lon="19.018442"><ele>106</ele></trkpt>
      <trkpt lat="47.384949" lon="19.01834"><ele>106</ele></trkpt>
      <trkpt lat="47.384908" lon="19.01822"><ele>106</ele></trkpt>
      <trkpt lat="47.384863" lon="19.018094"><ele>106</ele></trkpt>
      <trkpt lat="47.384812" lon="19.01797"><ele>106</ele></trkpt>
      <trkpt lat="47.384752" lon="19.017869"><ele>106</ele></trkpt>
      <trkpt lat="47.384704" lon="19.017736"><ele>106</ele></trkpt>
      <trkpt lat="47.384674" lon="19.017608"><ele>106</ele></trkpt>
      <trkpt lat="47.384629" lon="19.017476"><ele>106</ele></trkpt>
      <trkpt lat="47.384588" lon="19.017357"><ele>106</ele></trkpt>
      <trkpt lat="47.38453" lon="19.017248"><ele>105</ele></trkpt>
      <trkpt lat="47.384484" lon="19.017122"><ele>105</ele></trkpt>
      <trkpt lat="47.384443" lon="19.017004"><ele>105</ele></trkpt>
      <trkpt lat="47.384399" lon="19.016885"><ele>104</ele></trkpt>
      <trkpt lat="47.384354" lon="19.016765"><ele>104</ele></trkpt>
      <trkpt lat="47.384277" lon="19.01661"><ele>104</ele></trkpt>
      <trkpt lat="47.384243" lon="19.016481"><ele>105</ele></trkpt>
      <trkpt lat="47.384204" lon="19.016352"><ele>104</ele></trkpt>
      <trkpt lat="47.384154" lon="19.016225"><ele>106</ele></trkpt>
      <trkpt lat="47.38407" lon="19.016165"><ele>106</ele></trkpt>
      <trkpt lat="47.384033" lon="19.016043"><ele>106</ele></trkpt>
      <trkpt lat="47.384121" lon="19.015992"><ele>106</ele></trkpt>
      <trkpt lat="47.384292" lon="19.015908"><ele>108</ele></trkpt>
      <trkpt lat="47.384379" lon="19.015859"><ele>108</ele></trkpt>
      <trkpt lat="47.384472" lon="19.015821"><ele>109</ele></trkpt>
      <trkpt lat="47.384554" lon="19.015758"><ele>109</ele></trkpt>
      <trkpt lat="47.384626" lon="19.015674"><ele>109</ele></trkpt>
      <trkpt lat="47.38471" lon="19.015619"><ele>110</ele></trkpt>
      <trkpt lat="47.384798" lon="19.015581"><ele>110</ele></trkpt>
      <trkpt lat="47.384891" lon="19.015556"><ele>110</ele></trkpt>
      <trkpt lat="47.384971" lon="19.015486"><ele>111</ele></trkpt>
      <trkpt lat="47.385063" lon="19.015473"><ele>110</ele></trkpt>
      <trkpt lat="47.385156" lon="19.015422"><ele>112</ele></trkpt>
      <trkpt lat="47.385247" lon="19.01535"><ele>112</ele></trkpt>
      <trkpt lat="47.385342" lon="19.015321"><ele>113</ele></trkpt>
      <trkpt lat="47.385433" lon="19.015282"><ele>113</ele></trkpt>
      <trkpt lat="47.385525" lon="19.01527"><ele>113</ele></trkpt>
      <trkpt lat="47.385605" lon="19.0152"><ele>114</ele></trkpt>
      <trkpt lat="47.385696" lon="19.015153"><ele>114</ele></trkpt>
      <trkpt lat="47.385836" lon="19.015127"><ele>115</ele></trkpt>
      <trkpt lat="47.385923" lon="19.015078"><ele>115</ele></trkpt>
      <trkpt lat="47.386018" lon="19.015049"><ele>116</ele></trkpt>
      <trkpt lat="47.386114" lon="19.015018"><ele>115</ele></trkpt>
      <trkpt lat="47.386204" lon="19.015007"><ele>116</ele></trkpt>
      <trkpt lat="47.386302" lon="19.014968"><ele>116</ele></trkpt>
      <trkpt lat="47.386392" lon="19.014954"><ele>116</ele></trkpt>
      <trkpt lat="47.386491" lon="19.014921"><ele>116</ele></trkpt>
      <trkpt lat="47.386577" lon="19.014881"><ele>116</ele></trkpt>
      <trkpt lat="47.386668" lon="19.014866"><ele>116</ele></trkpt>
      <trkpt lat="47.386764" lon="19.014834"><ele>116</ele></trkpt>
      <trkpt lat="47.386855" lon="19.014805"><ele>116</ele></trkpt>
      <trkpt lat="47.386945" lon="19.014767"><ele>117</ele></trkpt>
      <trkpt lat="47.387034" lon="19.014739"><ele>117</ele></trkpt>
      <trkpt lat="47.387135" lon="19.014719"><ele>117</ele></trkpt>
      <trkpt lat="47.387232" lon="19.014703"><ele>117</ele></trkpt>
      <trkpt lat="47.38732" lon="19.014673"><ele>117</ele></trkpt>
      <trkpt lat="47.387408" lon="19.014638"><ele>118</ele></trkpt>
      <trkpt lat="47.387501" lon="19.014612"><ele>118</ele></trkpt>
      <trkpt lat="47.387595" lon="19.014595"><ele>118</ele></trkpt>
      <trkpt lat="47.387687" lon="19.014563"><ele>118</ele></trkpt>
      <trkpt lat="47.387783" lon="19.014535"><ele>118</ele></trkpt>
      <trkpt lat="47.387875" lon="19.014512"><ele>119</ele></trkpt>
      <trkpt lat="47.387971" lon="19.014484"><ele>118</ele></trkpt>
      <trkpt lat="47.388061" lon="19.014455"><ele>118</ele></trkpt>
      <trkpt lat="47.38815" lon="19.014433"><ele>118</ele></trkpt>
      <trkpt lat="47.388242" lon="19.014401"><ele>118</ele></trkpt>
      <trkpt lat="47.388339" lon="19.014376"><ele>118</ele></trkpt>
      <trkpt lat="47.38843" lon="19.014355"><ele>118</ele></trkpt>
      <trkpt lat="47.388525" lon="19.01433"><ele>118</ele></trkpt>
      <trkpt lat="47.388614" lon="19.0143"><ele>119</ele></trkpt>
      <trkpt lat="47.388712" lon="19.014272"><ele>119</ele></trkpt>
      <trkpt lat="47.388806" lon="19.014243"><ele>119</ele></trkpt>
      <trkpt lat="47.388897" lon="19.014216"><ele>119</ele></trkpt>
      <trkpt lat="47.388993" lon="19.014178"><ele>119</ele></trkpt>
      <trkpt lat="47.389088" lon="19.014164"><ele>119</ele></trkpt>
      <trkpt lat="47.389178" lon="19.014131"><ele>119</ele></trkpt>
      <trkpt lat="47.389269" lon="19.014095"><ele>119</ele></trkpt>
      <trkpt lat="47.389363" lon="19.014076"><ele>119</ele></trkpt>
      <trkpt lat="47.389453" lon="19.014048"><ele>119</ele></trkpt>
      <trkpt lat="47.389543" lon="19.01402"><ele>119</ele></trkpt>
      <trkpt lat="47.389633" lon="19.013997"><ele>119</ele></trkpt>
      <trkpt lat="47.389721" lon="19.01396"><ele>119</ele></trkpt>
      <trkpt lat="47.389813" lon="19.013949"><ele>119</ele></trkpt>
      <trkpt lat="47.389901" lon="19.013925"><ele>119</ele></trkpt>
      <trkpt lat="47.389992" lon="19.013891"><ele>119</ele></trkpt>
      <trkpt lat="47.390081" lon="19.013866"><ele>118</ele></trkpt>
      <trkpt lat="47.390171" lon="19.013846"><ele>117</ele></trkpt>
      <trkpt lat="47.390266" lon="19.013816"><ele>118</ele></trkpt>
      <trkpt lat="47.390357" lon="19.013784"><ele>118</ele></trkpt>
      <trkpt lat="47.390448" lon="19.013761"><ele>117</ele></trkpt>
      <trkpt lat="47.390538" lon="19.013736"><ele>117</ele></trkpt>
      <trkpt lat="47.390632" lon="19.013718"><ele>117</ele></trkpt>
      <trkpt lat="47.390725" lon="19.013693"><ele>117</ele></trkpt>
      <trkpt lat="47.390821" lon="19.013674"><ele>119</ele></trkpt>
      <trkpt lat="47.390907" lon="19.013619"><ele>118</ele></trkpt>
      <trkpt lat="47.391002" lon="19.013615"><ele>117</ele></trkpt>
      <trkpt lat="47.391095" lon="19.013592"><ele>118</ele></trkpt>
      <trkpt lat="47.391183" lon="19.013559"><ele>117</ele></trkpt>
      <trkpt lat="47.391277" lon="19.013529"><ele>117</ele></trkpt>
      <trkpt lat="47.391366" lon="19.013496"><ele>118</ele></trkpt>
      <trkpt lat="47.391456" lon="19.013477"><ele>117</ele></trkpt>
      <trkpt lat="47.391549" lon="19.01346"><ele>116</ele></trkpt>
      <trkpt lat="47.391862" lon="19.013346"><ele>116</ele></trkpt>
      <trkpt lat="47.391952" lon="19.013331"><ele>115</ele></trkpt>
      <trkpt lat="47.392184" lon="19.01325"><ele>115</ele></trkpt>
      <trkpt lat="47.39227" lon="19.013202"><ele>115</ele></trkpt>
      <trkpt lat="47.392365" lon="19.013199"><ele>115</ele></trkpt>
      <trkpt lat="47.392459" lon="19.013175"><ele>114</ele></trkpt>
      <trkpt lat="47.392552" lon="19.013147"><ele>114</ele></trkpt>
      <trkpt lat="47.392642" lon="19.013115"><ele>114</ele></trkpt>
      <trkpt lat="47.392732" lon="19.013093"><ele>114</ele></trkpt>
      <trkpt lat="47.392823" lon="19.013073"><ele>114</ele></trkpt>
      <trkpt lat="47.392913" lon="19.013055"><ele>114</ele></trkpt>
      <trkpt lat="47.393014" lon="19.013042"><ele>114</ele></trkpt>
      <trkpt lat="47.393106" lon="19.013036"><ele>113</ele></trkpt>
      <trkpt lat="47.393194" lon="19.012991"><ele>112</ele></trkpt>
      <trkpt lat="47.39329" lon="19.013004"><ele>112</ele></trkpt>
      <trkpt lat="47.393378" lon="19.012959"><ele>111</ele></trkpt>
      <trkpt lat="47.393469" lon="19.012966"><ele>110</ele></trkpt>
      <trkpt lat="47.39356" lon="19.012932"><ele>110</ele></trkpt>
      <trkpt lat="47.393651" lon="19.012927"><ele>110</ele></trkpt>
      <trkpt lat="47.393741" lon="19.01291"><ele>109</ele></trkpt>
      <trkpt lat="47.393837" lon="19.012894"><ele>109</ele></trkpt>
      <trkpt lat="47.393928" lon="19.012859"><ele>108</ele></trkpt>
      <trkpt lat="47.394022" lon="19.012869"><ele>108</ele></trkpt>
      <trkpt lat="47.394117" lon="19.012837"><ele>107</ele></trkpt>
      <trkpt lat="47.394207" lon="19.012829"><ele>106</ele></trkpt>
      <trkpt lat="47.3943" lon="19.012825"><ele>106</ele></trkpt>
      <trkpt lat="47.394394" lon="19.012805"><ele>106</ele></trkpt>
      <trkpt lat="47.394485" lon="19.012857"><ele>105</ele></trkpt>
      <trkpt lat="47.394546" lon="19.012957"><ele>105</ele></trkpt>
      <trkpt lat="47.39461" lon="19.013059"><ele>104</ele></trkpt>
      <trkpt lat="47.39468" lon="19.013152"><ele>104</ele></trkpt>
      <trkpt lat="47.394749" lon="19.013257"><ele>103</ele></trkpt>
      <trkpt lat="47.394816" lon="19.013354"><ele>103</ele></trkpt>
      <trkpt lat="47.394894" lon="19.013439"><ele>103</ele></trkpt>
      <trkpt lat="47.394965" lon="19.013531"><ele>103</ele></trkpt>
      <trkpt lat="47.395044" lon="19.013606"><ele>104</ele></trkpt>
      <trkpt lat="47.395107" lon="19.013705"><ele>103</ele></trkpt>
      <trkpt lat="47.395172" lon="19.013807"><ele>103</ele></trkpt>
      <trkpt lat="47.395252" lon="19.013882"><ele>103</ele></trkpt>
      <trkpt lat="47.395329" lon="19.013957"><ele>103</ele></trkpt>
      <trkpt lat="47.395395" lon="19.014054"><ele>103</ele></trkpt>
      <trkpt lat="47.395473" lon="19.014134"><ele>103</ele></trkpt>
      <trkpt lat="47.395533" lon="19.014236"><ele>103</ele></trkpt>
      <trkpt lat="47.3956" lon="19.014337"><ele>104</ele></trkpt>
      <trkpt lat="47.395669" lon="19.014428"><ele>104</ele></trkpt>
      <trkpt lat="47.395716" lon="19.014557"><ele>104</ele></trkpt>
      <trkpt lat="47.395809" lon="19.01459"><ele>104</ele></trkpt>
      <trkpt lat="47.395884" lon="19.014667"><ele>103</ele></trkpt>
      <trkpt lat="47.39596" lon="19.014747"><ele>103</ele></trkpt>
      <trkpt lat="47.396042" lon="19.014826"><ele>103</ele></trkpt>
      <trkpt lat="47.396119" lon="19.014909"><ele>103</ele></trkpt>
      <trkpt lat="47.396204" lon="19.015002"><ele>103</ele></trkpt>
      <trkpt lat="47.396275" lon="19.015098"><ele>102</ele></trkpt>
      <trkpt lat="47.396355" lon="19.015191"><ele>103</ele></trkpt>
      <trkpt lat="47.396434" lon="19.015261"><ele>103</ele></trkpt>
      <trkpt lat="47.396517" lon="19.015322"><ele>103</ele></trkpt>
      <trkpt lat="47.396591" lon="19.015401"><ele>103</ele></trkpt>
      <trkpt lat="47.396648" lon="19.01551"><ele>102</ele></trkpt>
      <trkpt lat="47.396721" lon="19.015601"><ele>103</ele></trkpt>
      <trkpt lat="47.396774" lon="19.015714"><ele>102</ele></trkpt>
      <trkpt lat="47.396845" lon="19.015804"><ele>102</ele></trkpt>
      <trkpt lat="47.396919" lon="19.015887"><ele>103</ele></trkpt>
      <trkpt lat="47.396976" lon="19.01599"><ele>103</ele></trkpt>
      <trkpt lat="47.397064" lon="19.016022"><ele>102</ele></trkpt>
      <trkpt lat="47.397142" lon="19.016088"><ele>102</ele></trkpt>
      <trkpt lat="47.397213" lon="19.016173"><ele>102</ele></trkpt>
      <trkpt lat="47.397291" lon="19.016248"><ele>102</ele></trkpt>
      <trkpt lat="47.397362" lon="19.016344"><ele>102</ele></trkpt>
      <trkpt lat="47.397438" lon="19.016427"><ele>101</ele></trkpt>
      <trkpt lat="47.397522" lon="19.016493"><ele>102</ele></trkpt>
      <trkpt lat="47.397592" lon="19.016579"><ele>101</ele></trkpt>
      <trkpt lat="47.397662" lon="19.016673"><ele>101</ele></trkpt>
      <trkpt lat="47.397743" lon="19.016732"><ele>102</ele></trkpt>
      <trkpt lat="47.397818" lon="19.016819"><ele>101</ele></trkpt>
      <trkpt lat="47.397896" lon="19.016887"><ele>101</ele></trkpt>
      <trkpt lat="47.397963" lon="19.01698"><ele>102</ele></trkpt>
      <trkpt lat="47.398028" lon="19.017081"><ele>101</ele></trkpt>
      <trkpt lat="47.398109" lon="19.017157"><ele>101</ele></trkpt>
      <trkpt lat="47.398178" lon="19.017247"><ele>102</ele></trkpt>
      <trkpt lat="47.398339" lon="19.017394"><ele>102</ele></trkpt>
      <trkpt lat="47.398453" lon="19.017532"><ele>101</ele></trkpt>
      <trkpt lat="47.398527" lon="19.017618"><ele>102</ele></trkpt>
      <trkpt lat="47.398586" lon="19.017727"><ele>102</ele></trkpt>
      <trkpt lat="47.398656" lon="19.017822"><ele>101</ele></trkpt>
      <trkpt lat="47.398726" lon="19.017919"><ele>101</ele></trkpt>
      <trkpt lat="47.398806" lon="19.017994"><ele>102</ele></trkpt>
      <trkpt lat="47.398881" lon="19.018077"><ele>102</ele></trkpt>
      <trkpt lat="47.398962" lon="19.018139"><ele>102</ele></trkpt>
      <trkpt lat="47.399039" lon="19.018212"><ele>102</ele></trkpt>
      <trkpt lat="47.399124" lon="19.018263"><ele>102</ele></trkpt>
      <trkpt lat="47.399192" lon="19.018353"><ele>101</ele></trkpt>
      <trkpt lat="47.399276" lon="19.018407"><ele>102</ele></trkpt>
      <trkpt lat="47.399358" lon="19.018463"><ele>102</ele></trkpt>
      <trkpt lat="47.399442" lon="19.018509"><ele>102</ele></trkpt>
      <trkpt lat="47.399532" lon="19.018546"><ele>102</ele></trkpt>
      <trkpt lat="47.399623" lon="19.018581"><ele>103</ele></trkpt>
      <trkpt lat="47.399624" lon="19.01857"><ele>100.25</ele></trkpt>
      <trkpt lat="47.399637" lon="19.018576"><ele>100.25</ele></trkpt>
      <trkpt lat="47.399701" lon="19.018573"><ele>100.25</ele></trkpt>
      <trkpt lat="47.399761" lon="19.018542"><ele>100.25</ele></trkpt>
      <trkpt lat="47.399824" lon="19.018483"><ele>100</ele></trkpt>
      <trkpt lat="47.399984" lon="19.018234"><ele>100</ele></trkpt>
      <trkpt lat="47.400143" lon="19.018028"><ele>100.25</ele></trkpt>
      <trkpt lat="47.400241" lon="19.017981"><ele>100.25</ele></trkpt>
      <trkpt lat="47.40087" lon="19.016781"><ele>100.75</ele></trkpt>
      <trkpt lat="47.401167" lon="19.016233"><ele>100.75</ele></trkpt>
      <trkpt lat="47.401216" lon="19.016187"><ele>100.75</ele></trkpt>
      <trkpt lat="47.401261" lon="19.016187"><ele>100.75</ele></trkpt>
      <trkpt lat="47.401294" lon="19.016206"><ele>100.75</ele></trkpt>
      <trkpt lat="47.401376" lon="19.016295"><ele>100.5</ele></trkpt>
      <trkpt lat="47.401544" lon="19.01596"><ele>100.75</ele></trkpt>
      <trkpt lat="47.401547" lon="19.015869"><ele>100.75</ele></trkpt>
      <trkpt lat="47.401558" lon="19.015829"><ele>100.75</ele></trkpt>
      <trkpt lat="47.401722" lon="19.015449"><ele>100.5</ele></trkpt>
      <trkpt lat="47.401788" lon="19.01536"><ele>100.5</ele></trkpt>
      <trkpt lat="47.401782" lon="19.015352"><ele>100.25</ele></trkpt>
      <trkpt lat="47.401709" lon="19.015251"><ele>100.25</ele></trkpt>
      <trkpt lat="47.401563" lon="19.015052"><ele>99.75</ele></trkpt>
      <trkpt lat="47.401181" lon="19.014877"><ele>98.75</ele></trkpt>
      <trkpt lat="47.401152" lon="19.014847"><ele>98.75</ele></trkpt>
      <trkpt lat="47.40113" lon="19.014807"><ele>98.75</ele></trkpt>
      <trkpt lat="47.40112" lon="19.014747"><ele>98.75</ele></trkpt>
      <trkpt lat="47.401123" lon="19.014693"><ele>98.75</ele></trkpt>
      <trkpt lat="47.401151" lon="19.014622"><ele>99</ele></trkpt>
      <trkpt lat="47.401169" lon="19.0146"><ele>99</ele></trkpt>
      <trkpt lat="47.401177" lon="19.014592"><ele>99</ele></trkpt>
      <trkpt lat="47.401217" lon="19.01457"><ele>99</ele></trkpt>
      <trkpt lat="47.401798" lon="19.01444"><ele>100</ele></trkpt>
      <trkpt lat="47.402115" lon="19.014376"><ele>100.5</ele></trkpt>
      <trkpt lat="47.402221" lon="19.014327"><ele>100.75</ele></trkpt>
      <trkpt lat="47.402327" lon="19.014253"><ele>100.75</ele></trkpt>
      <trkpt lat="47.402435" lon="19.014146"><ele>100.75</ele></trkpt>
      <trkpt lat="47.402528" lon="19.014021"><ele>100.75</ele></trkpt>
      <trkpt lat="47.402623" lon="19.01386"><ele>100.5</ele></trkpt>
      <trkpt lat="47.402655" lon="19.013793"><ele>100.25</ele></trkpt>
      <trkpt lat="47.402828" lon="19.013442"><ele>100</ele></trkpt>
      <trkpt lat="47.40293" lon="19.013272"><ele>99.75</ele></trkpt>
      <trkpt lat="47.402978" lon="19.013225"><ele>99.75</ele></trkpt>
      <trkpt lat="47.403031" lon="19.013209"><ele>99.75</ele></trkpt>
      <trkpt lat="47.403119" lon="19.013192"><ele>99.75</ele></trkpt>
      <trkpt lat="47.40315" lon="19.013153"><ele>99.75</ele></trkpt>
      <trkpt lat="47.403166" lon="19.013121"><ele>99.5</ele></trkpt>
      <trkpt lat="47.403179" lon="19.013093"><ele>99.5</ele></trkpt>
      <trkpt lat="47.403193" lon="19.013063"><ele>99.5</ele></trkpt>
      <trkpt lat="47.403205" lon="19.013038"><ele>99.5</ele></trkpt>
      <trkpt lat="47.403217" lon="19.013013"><ele>99.25</ele></trkpt>
      <trkpt lat="47.403237" lon="19.012871"><ele>99</ele></trkpt>
      <trkpt lat="47.403225" lon="19.012712"><ele>98.75</ele></trkpt>
      <trkpt lat="47.403257" lon="19.012622"><ele>98.5</ele></trkpt>
      <trkpt lat="47.403298" lon="19.012555"><ele>98.25</ele></trkpt>
      <trkpt lat="47.403406" lon="19.012431"><ele>98</ele></trkpt>
      <trkpt lat="47.403712" lon="19.012238"><ele>98.25</ele></trkpt>
      <trkpt lat="47.403851" lon="19.012213"><ele>98.25</ele></trkpt>
      <trkpt lat="47.404001" lon="19.012213"><ele>98.25</ele></trkpt>
      <trkpt lat="47.4041" lon="19.012226"><ele>98.25</ele></trkpt>
      <trkpt lat="47.404158" lon="19.012264"><ele>98.25</ele></trkpt>
      <trkpt lat="47.404203" lon="19.012316"><ele>98.25</ele></trkpt>
      <trkpt lat="47.40423" lon="19.012373"><ele>98</ele></trkpt>
      <trkpt lat="47.40426" lon="19.012459"><ele>98</ele></trkpt>
      <trkpt lat="47.404295" lon="19.012456"><ele>98</ele></trkpt>
      <trkpt lat="47.40436" lon="19.012457"><ele>98.25</ele></trkpt>
      <trkpt lat="47.404391" lon="19.012458"><ele>98.25</ele></trkpt>
      <trkpt lat="47.40442" lon="19.012417"><ele>98.5</ele></trkpt>
      <trkpt lat="47.404441790750305" lon="19.012424319307726"><ele>104</ele></trkpt>
      <trkpt lat="47.404519" lon="19.012365"><ele>104</ele></trkpt>
      <trkpt lat="47.404609" lon="19.012338"><ele>104</ele></trkpt>
      <trkpt lat="47.404623" lon="19.012198"><ele>103</ele></trkpt>
      <trkpt lat="47.404584" lon="19.012073"><ele>103</ele></trkpt>
      <trkpt lat="47.404608" lon="19.011944"><ele>103</ele></trkpt>
      <trkpt lat="47.404645" lon="19.011818"><ele>103</ele></trkpt>
      <trkpt lat="47.404606" lon="19.011696"><ele>104</ele></trkpt>
      <trkpt lat="47.404527" lon="19.011622"><ele>105</ele></trkpt>
      <trkpt lat="47.404462" lon="19.011527"><ele>104</ele></trkpt>
      <trkpt lat="47.404384" lon="19.011436"><ele>104</ele></trkpt>
      <trkpt lat="47.404421" lon="19.011314"><ele>105</ele></trkpt>
      <trkpt lat="47.404469" lon="19.011201"><ele>105</ele></trkpt>
      <trkpt lat="47.404526" lon="19.011087"><ele>105</ele></trkpt>
      <trkpt lat="47.404575" lon="19.010976"><ele>105</ele></trkpt>
      <trkpt lat="47.404619" lon="19.010846"><ele>106</ele></trkpt>
      <trkpt lat="47.404671" lon="19.010726"><ele>106</ele></trkpt>
      <trkpt lat="47.404712" lon="19.010598"><ele>107</ele></trkpt>
      <trkpt lat="47.404763" lon="19.010477"><ele>107</ele></trkpt>
      <trkpt lat="47.404806" lon="19.010354"><ele>107</ele></trkpt>
      <trkpt lat="47.404867" lon="19.010253"><ele>108</ele></trkpt>
      <trkpt lat="47.404922" lon="19.01014"><ele>108</ele></trkpt>
      <trkpt lat="47.404965" lon="19.010014"><ele>110</ele></trkpt>
      <trkpt lat="47.404998" lon="19.009888"><ele>111</ele></trkpt>
      <trkpt lat="47.405047" lon="19.009776"><ele>113</ele></trkpt>
      <trkpt lat="47.405132" lon="19.009723"><ele>113</ele></trkpt>
      <trkpt lat="47.405192" lon="19.00962"><ele>115</ele></trkpt>
      <trkpt lat="47.405277" lon="19.009471"><ele>118</ele></trkpt>
      <trkpt lat="47.405353" lon="19.009389"><ele>119</ele></trkpt>
      <trkpt lat="47.405435" lon="19.009328"><ele>123</ele></trkpt>
      <trkpt lat="47.405526" lon="19.009318"><ele>123</ele></trkpt>
      <trkpt lat="47.405616" lon="19.009265"><ele>125</ele></trkpt>
      <trkpt lat="47.405675" lon="19.00916"><ele>126</ele></trkpt>
      <trkpt lat="47.405748" lon="19.009077"><ele>126</ele></trkpt>
      <trkpt lat="47.405827" lon="19.008998"><ele>127</ele></trkpt>
      <trkpt lat="47.405919" lon="19.008984"><ele>129</ele></trkpt>
      <trkpt lat="47.406012" lon="19.008996"><ele>129</ele></trkpt>
      <trkpt lat="47.406064" lon="19.009116"><ele>129</ele></trkpt>
      <trkpt lat="47.406104" lon="19.00924"><ele>129</ele></trkpt>
      <trkpt lat="47.406132" lon="19.009375"><ele>128</ele></trkpt>
      <trkpt lat="47.406117" lon="19.009513"><ele>129</ele></trkpt>
      <trkpt lat="47.406203" lon="19.009573"><ele>128</ele></trkpt>
      <trkpt lat="47.406294" lon="19.009589"><ele>128</ele></trkpt>
      <trkpt lat="47.406384" lon="19.00962"><ele>128</ele></trkpt>
      <trkpt lat="47.406471" lon="19.00967"><ele>128</ele></trkpt>
      <trkpt lat="47.406561" lon="19.009698"><ele>130</ele></trkpt>
      <trkpt lat="47.406648" lon="19.009735"><ele>130</ele></trkpt>
      <trkpt lat="47.40673" lon="19.009789"><ele>131</ele></trkpt>
      <trkpt lat="47.406779" lon="19.009902"><ele>130</ele></trkpt>
      <trkpt lat="47.406869" lon="19.009946"><ele>131</ele></trkpt>
      <trkpt lat="47.406899" lon="19.010072"><ele>131</ele></trkpt>
      <trkpt lat="47.406917" lon="19.010206"><ele>131</ele></trkpt>
      <trkpt lat="47.40701" lon="19.010207"><ele>131</ele></trkpt>
      <trkpt lat="47.407105" lon="19.010221"><ele>134</ele></trkpt>
      <trkpt lat="47.407189" lon="19.010277"><ele>134</ele></trkpt>
      <trkpt lat="47.407285" lon="19.010289"><ele>134</ele></trkpt>
      <trkpt lat="47.407378" lon="19.010286"><ele>135</ele></trkpt>
      <trkpt lat="47.40747" lon="19.010262"><ele>135</ele></trkpt>
      <trkpt lat="47.407562" lon="19.010281"><ele>135</ele></trkpt>
      <trkpt lat="47.407653" lon="19.010282"><ele>135</ele></trkpt>
      <trkpt lat="47.407745" lon="19.010265"><ele>137</ele></trkpt>
      <trkpt lat="47.407835" lon="19.010272"><ele>138</ele></trkpt>
      <trkpt lat="47.407926" lon="19.010281"><ele>137</ele></trkpt>
      <trkpt lat="47.408013" lon="19.010218"><ele>137</ele></trkpt>
      <trkpt lat="47.408103" lon="19.010206"><ele>138</ele></trkpt>
      <trkpt lat="47.40819" lon="19.010152"><ele>137</ele></trkpt>
      <trkpt lat="47.408281" lon="19.010119"><ele>137</ele></trkpt>
      <trkpt lat="47.408371" lon="19.010083"><ele>137</ele></trkpt>
      <trkpt lat="47.408459" lon="19.010025"><ele>137</ele></trkpt>
      <trkpt lat="47.408535" lon="19.009942"><ele>137</ele></trkpt>
      <trkpt lat="47.40862" lon="19.009885"><ele>137</ele></trkpt>
      <trkpt lat="47.408697" lon="19.009812"><ele>137</ele></trkpt>
      <trkpt lat="47.408765" lon="19.009715"><ele>137</ele></trkpt>
      <trkpt lat="47.408839" lon="19.009639"><ele>137</ele></trkpt>
      <trkpt lat="47.408932" lon="19.009639"><ele>138</ele></trkpt>
      <trkpt lat="47.408995" lon="19.009746"><ele>137</ele></trkpt>
      <trkpt lat="47.409062" lon="19.009847"><ele>137</ele></trkpt>
      <trkpt lat="47.409143" lon="19.009914"><ele>137</ele></trkpt>
      <trkpt lat="47.409192" lon="19.010025"><ele>137</ele></trkpt>
      <trkpt lat="47.409214" lon="19.010155"><ele>136</ele></trkpt>
      <trkpt lat="47.409271" lon="19.010272"><ele>137</ele></trkpt>
      <trkpt lat="47.409355" lon="19.010325"><ele>134</ele></trkpt>
      <trkpt lat="47.409445" lon="19.010362"><ele>134</ele></trkpt>
      <trkpt lat="47.409535" lon="19.010371"><ele>135</ele></trkpt>
      <trkpt lat="47.409627" lon="19.010348"><ele>134</ele></trkpt>
      <trkpt lat="47.409705" lon="19.010277"><ele>137</ele></trkpt>
      <trkpt lat="47.409792" lon="19.010218"><ele>135</ele></trkpt>
      <trkpt lat="47.40989" lon="19.010234"><ele>136</ele></trkpt>
      <trkpt lat="47.409985" lon="19.010217"><ele>136</ele></trkpt>
      <trkpt lat="47.410071" lon="19.010174"><ele>138</ele></trkpt>
      <trkpt lat="47.41016" lon="19.010107"><ele>138</ele></trkpt>
      <trkpt lat="47.41025" lon="19.010072"><ele>138</ele></trkpt>
      <trkpt lat="47.41034" lon="19.010032"><ele>139</ele></trkpt>
      <trkpt lat="47.410432" lon="19.009991"><ele>139</ele></trkpt>
      <trkpt lat="47.410523" lon="19.009949"><ele>139</ele></trkpt>
      <trkpt lat="47.4106" lon="19.009865"><ele>139</ele></trkpt>
      <trkpt lat="47.410686" lon="19.00982"><ele>141</ele></trkpt>
      <trkpt lat="47.41077698644389" lon="19.009809681950845"><ele>139.12399133723414</ele></trkpt>
      <trkpt lat="47.410802" lon="19.00979"><ele>135.5</ele></trkpt>
      <trkpt lat="47.410831" lon="19.009876"><ele>135</ele></trkpt>
      <trkpt lat="47.410883" lon="19.009988"><ele>134</ele></trkpt>
      <trkpt lat="47.411106" lon="19.010386"><ele>129.5</ele></trkpt>
      <trkpt lat="47.41111649407696" lon="19.0103762998342"><ele>136</ele></trkpt>
      <trkpt lat="47.411133" lon="19.010419"><ele>136</ele></trkpt>
      <trkpt lat="47.411189" lon="19.010536"><ele>135</ele></trkpt>
      <trkpt lat="47.41127" lon="19.010604"><ele>135</ele></trkpt>
      <trkpt lat="47.411279" lon="19.010742"><ele>134</ele></trkpt>
      <trkpt lat="47.411339" lon="19.01085"><ele>134</ele></trkpt>
      <trkpt lat="47.411403" lon="19.010949"><ele>134</ele></trkpt>
      <trkpt lat="47.411438" lon="19.011072"><ele>134</ele></trkpt>
      <trkpt lat="47.411474" lon="19.011196"><ele>133</ele></trkpt>
      <trkpt lat="47.411508" lon="19.01133"><ele>133</ele></trkpt>
      <trkpt lat="47.411575" lon="19.011425"><ele>133</ele></trkpt>
      <trkpt lat="47.411586" lon="19.011557"><ele>133</ele></trkpt>
      <trkpt lat="47.411609" lon="19.011692"><ele>132</ele></trkpt>
      <trkpt lat="47.411675" lon="19.011789"><ele>132</ele></trkpt>
      <trkpt lat="47.411736" lon="19.011892"><ele>132</ele></trkpt>
      <trkpt lat="47.4118" lon="19.011996"><ele>132</ele></trkpt>
      <trkpt lat="47.411868" lon="19.01209"><ele>132</ele></trkpt>
      <trkpt lat="47.41193" lon="19.012194"><ele>132</ele></trkpt>
      <trkpt lat="47.411989" lon="19.012301"><ele>133</ele></trkpt>
      <trkpt lat="47.412075" lon="19.012344"><ele>133</ele></trkpt>
      <trkpt lat="47.412157" lon="19.012416"><ele>133</ele></trkpt>
      <trkpt lat="47.412205" lon="19.01253"><ele>133</ele></trkpt>
      <trkpt lat="47.41227" lon="19.012625"><ele>133</ele></trkpt>
      <trkpt lat="47.412359" lon="19.012655"><ele>132</ele></trkpt>
      <trkpt lat="47.412422" lon="19.01256"><ele>133</ele></trkpt>
      <trkpt lat="47.412494" lon="19.012481"><ele>133</ele></trkpt>
      <trkpt lat="47.412555" lon="19.012383"><ele>133</ele></trkpt>
      <trkpt lat="47.412633" lon="19.012302"><ele>133</ele></trkpt>
      <trkpt lat="47.412723" lon="19.012266"><ele>133</ele></trkpt>
      <trkpt lat="47.412797" lon="19.012188"><ele>135</ele></trkpt>
      <trkpt lat="47.412859" lon="19.01208"><ele>136</ele></trkpt>
      <trkpt lat="47.412927" lon="19.011987"><ele>136</ele></trkpt>
      <trkpt lat="47.413006" lon="19.011905"><ele>138</ele></trkpt>
      <trkpt lat="47.413093" lon="19.011947"><ele>139</ele></trkpt>
      <trkpt lat="47.413181" lon="19.011979"><ele>139</ele></trkpt>
      <trkpt lat="47.413262" lon="19.012041"><ele>138</ele></trkpt>
      <trkpt lat="47.413322" lon="19.012144"><ele>138</ele></trkpt>
      <trkpt lat="47.413387" lon="19.012246"><ele>139</ele></trkpt>
      <trkpt lat="47.413438" lon="19.012363"><ele>139</ele></trkpt>
      <trkpt lat="47.413493" lon="19.012471"><ele>139</ele></trkpt>
      <trkpt lat="47.413564" lon="19.01256"><ele>139</ele></trkpt>
      <trkpt lat="47.413633" lon="19.012654"><ele>139</ele></trkpt>
      <trkpt lat="47.413705" lon="19.012745"><ele>139</ele></trkpt>
      <trkpt lat="47.41377" lon="19.012843"><ele>139</ele></trkpt>
      <trkpt lat="47.41384" lon="19.012935"><ele>139</ele></trkpt>
      <trkpt lat="47.413896" lon="19.013045"><ele>139</ele></trkpt>
      <trkpt lat="47.413964" lon="19.013139"><ele>139</ele></trkpt>
      <trkpt lat="47.414026" lon="19.013245"><ele>139</ele></trkpt>
      <trkpt lat="47.414104" lon="19.013324"><ele>138</ele></trkpt>
      <trkpt lat="47.414176" lon="19.013411"><ele>139</ele></trkpt>
      <trkpt lat="47.414237" lon="19.01351"><ele>138</ele></trkpt>
      <trkpt lat="47.414305" lon="19.013607"><ele>139</ele></trkpt>
      <trkpt lat="47.414353" lon="19.013724"><ele>139</ele></trkpt>
      <trkpt lat="47.414443" lon="19.013689"><ele>139</ele></trkpt>
      <trkpt lat="47.414503" lon="19.013579"><ele>139</ele></trkpt>
      <trkpt lat="47.414578" lon="19.013493"><ele>139</ele></trkpt>
      <trkpt lat="47.414641" lon="19.013397"><ele>140</ele></trkpt>
      <trkpt lat="47.414708" lon="19.013297"><ele>140</ele></trkpt>
      <trkpt lat="47.414783" lon="19.013221"><ele>141</ele></trkpt>
      <trkpt lat="47.414834" lon="19.013101"><ele>141</ele></trkpt>
      <trkpt lat="47.414904" lon="19.013012"><ele>140</ele></trkpt>
      <trkpt lat="47.414899" lon="19.012864"><ele>142</ele></trkpt>
      <trkpt lat="47.414948" lon="19.012743"><ele>142</ele></trkpt>
      <trkpt lat="47.415046" lon="19.0127"><ele>141</ele></trkpt>
      <trkpt lat="47.415137" lon="19.012664"><ele>142</ele></trkpt>
      <trkpt lat="47.415203" lon="19.012569"><ele>142</ele></trkpt>
      <trkpt lat="47.415275" lon="19.012482"><ele>142</ele></trkpt>
      <trkpt lat="47.415368" lon="19.012509"><ele>142</ele></trkpt>
      <trkpt lat="47.415459" lon="19.012548"><ele>143</ele></trkpt>
      <trkpt lat="47.41554" lon="19.012627"><ele>142</ele></trkpt>
      <trkpt lat="47.415622" lon="19.012694"><ele>142</ele></trkpt>
      <trkpt lat="47.4157" lon="19.012761"><ele>142</ele></trkpt>
      <trkpt lat="47.41578" lon="19.012683"><ele>142</ele></trkpt>
      <trkpt lat="47.415825" lon="19.012556"><ele>142</ele></trkpt>
      <trkpt lat="47.415891" lon="19.012463"><ele>142</ele></trkpt>
      <trkpt lat="47.415915" lon="19.012326"><ele>142</ele></trkpt>
      <trkpt lat="47.415905" lon="19.012194"><ele>142</ele></trkpt>
      <trkpt lat="47.415859" lon="19.01207"><ele>142</ele></trkpt>
      <trkpt lat="47.415815" lon="19.011943"><ele>142</ele></trkpt>
      <trkpt lat="47.415785" lon="19.011814"><ele>142</ele></trkpt>
      <trkpt lat="47.415734" lon="19.011697"><ele>144</ele></trkpt>
      <trkpt lat="47.41569" lon="19.011573"><ele>142</ele></trkpt>
      <trkpt lat="47.415656" lon="19.011441"><ele>143</ele></trkpt>
      <trkpt lat="47.41563" lon="19.011304"><ele>144</ele></trkpt>
      <trkpt lat="47.415593" lon="19.011182"><ele>144</ele></trkpt>
      <trkpt lat="47.415563" lon="19.011044"><ele>144</ele></trkpt>
      <trkpt lat="47.415573" lon="19.010913"><ele>145</ele></trkpt>
      <trkpt lat="47.415614" lon="19.010793"><ele>145</ele></trkpt>
      <trkpt lat="47.415668" lon="19.010685"><ele>147</ele></trkpt>
      <trkpt lat="47.415702" lon="19.010556"><ele>146</ele></trkpt>
      <trkpt lat="47.415758" lon="19.010438"><ele>146</ele></trkpt>
      <trkpt lat="47.415829" lon="19.010356"><ele>146</ele></trkpt>
      <trkpt lat="47.415892" lon="19.010256"><ele>146</ele></trkpt>
      <trkpt lat="47.415938" lon="19.010139"><ele>147</ele></trkpt>
      <trkpt lat="47.416004" lon="19.010048"><ele>148</ele></trkpt>
      <trkpt lat="47.416055" lon="19.00993"><ele>148</ele></trkpt>
      <trkpt lat="47.416118" lon="19.009822"><ele>150</ele></trkpt>
      <trkpt lat="47.416185" lon="19.009726"><ele>148</ele></trkpt>
      <trkpt lat="47.416247" lon="19.009625"><ele>149</ele></trkpt>
      <trkpt lat="47.416298" lon="19.009515"><ele>149</ele></trkpt>
      <trkpt lat="47.416344" lon="19.009391"><ele>149</ele></trkpt>
      <trkpt lat="47.416399" lon="19.009286"><ele>150</ele></trkpt>
      <trkpt lat="47.416464" lon="19.009193"><ele>150</ele></trkpt>
      <trkpt lat="47.41653" lon="19.009092"><ele>150</ele></trkpt>
      <trkpt lat="47.416581" lon="19.00898"><ele>152</ele></trkpt>
      <trkpt lat="47.416623" lon="19.008861"><ele>154</ele></trkpt>
      <trkpt lat="47.416688" lon="19.008759"><ele>154</ele></trkpt>
      <trkpt lat="47.41676" lon="19.008674"><ele>154</ele></trkpt>
      <trkpt lat="47.416808" lon="19.008551"><ele>154</ele></trkpt>
      <trkpt lat="47.416844" lon="19.008421"><ele>154</ele></trkpt>
      <trkpt lat="47.416916" lon="19.008341"><ele>154</ele></trkpt>
      <trkpt lat="47.416996" lon="19.008276"><ele>159</ele></trkpt>
      <trkpt lat="47.41709" lon="19.008228"><ele>157</ele></trkpt>
      <trkpt lat="47.417185" lon="19.008251"><ele>159</ele></trkpt>
      <trkpt lat="47.417282" lon="19.008253"><ele>159</ele></trkpt>
      <trkpt lat="47.41737" lon="19.008205"><ele>160</ele></trkpt>
      <trkpt lat="47.417459" lon="19.008169"><ele>161</ele></trkpt>
      <trkpt lat="47.417549" lon="19.008141"><ele>160</ele></trkpt>
      <trkpt lat="47.417639" lon="19.008092"><ele>163</ele></trkpt>
      <trkpt lat="47.417734" lon="19.008113"><ele>163</ele></trkpt>
      <trkpt lat="47.417828" lon="19.008115"><ele>164</ele></trkpt>
      <trkpt lat="47.417921" lon="19.008105"><ele>165</ele></trkpt>
      <trkpt lat="47.41801" lon="19.008075"><ele>166</ele></trkpt>
      <trkpt lat="47.418118" lon="19.008064"><ele>166</ele></trkpt>
      <trkpt lat="47.418202" lon="19.008003"><ele>166</ele></trkpt>
      <trkpt lat="47.418288" lon="19.00796"><ele>166</ele></trkpt>
      <trkpt lat="47.418361" lon="19.007875"><ele>166</ele></trkpt>
      <trkpt lat="47.418439" lon="19.007793"><ele>166</ele></trkpt>
      <trkpt lat="47.418504" lon="19.007699"><ele>166</ele></trkpt>
      <trkpt lat="47.418597" lon="19.007662"><ele>166</ele></trkpt>
      <trkpt lat="47.418675" lon="19.007585"><ele>167</ele></trkpt>
      <trkpt lat="47.418748" lon="19.007496"><ele>167</ele></trkpt>
      <trkpt lat="47.418823" lon="19.007415"><ele>167</ele></trkpt>
      <trkpt lat="47.418904" lon="19.007332"><ele>169</ele></trkpt>
      <trkpt lat="47.418981" lon="19.007254"><ele>169</ele></trkpt>
      <trkpt lat="47.419066" lon="19.007191"><ele>169</ele></trkpt>
      <trkpt lat="47.419139" lon="19.007109"><ele>169</ele></trkpt>
      <trkpt lat="47.419163" lon="19.006977"><ele>170</ele></trkpt>
      <trkpt lat="47.419141" lon="19.006847"><ele>170</ele></trkpt>
      <trkpt lat="47.419095" lon="19.006731"><ele>169</ele></trkpt>
      <trkpt lat="47.41907" lon="19.006588"><ele>170</ele></trkpt>
      <trkpt lat="47.419165" lon="19.0066"><ele>172</ele></trkpt>
      <trkpt lat="47.41926" lon="19.006623"><ele>172</ele></trkpt>
      <trkpt lat="47.41934" lon="19.006695"><ele>172</ele></trkpt>
      <trkpt lat="47.419428" lon="19.006729"><ele>172</ele></trkpt>
      <trkpt lat="47.419522" lon="19.006684"><ele>172</ele></trkpt>
      <trkpt lat="47.419603" lon="19.006629"><ele>172</ele></trkpt>
      <trkpt lat="47.419699" lon="19.006612"><ele>172</ele></trkpt>
      <trkpt lat="47.419792" lon="19.006588"><ele>172</ele></trkpt>
      <trkpt lat="47.419886" lon="19.006586"><ele>172</ele></trkpt>
      <trkpt lat="47.419969" lon="19.006534"><ele>172</ele></trkpt>
      <trkpt lat="47.420059" lon="19.006482"><ele>172</ele></trkpt>
      <trkpt lat="47.420146" lon="19.00645"><ele>172</ele></trkpt>
      <trkpt lat="47.42024" lon="19.006432"><ele>172</ele></trkpt>
      <trkpt lat="47.42033" lon="19.006397"><ele>172</ele></trkpt>
      <trkpt lat="47.420419" lon="19.006358"><ele>173</ele></trkpt>
      <trkpt lat="47.420505" lon="19.006311"><ele>175</ele></trkpt>
      <trkpt lat="47.420595" lon="19.006273"><ele>176</ele></trkpt>
      <trkpt lat="47.420685" lon="19.006265"><ele>177</ele></trkpt>
      <trkpt lat="47.420769" lon="19.006207"><ele>177</ele></trkpt>
      <trkpt lat="47.420863" lon="19.006204"><ele>177</ele></trkpt>
      <trkpt lat="47.420955" lon="19.006171"><ele>177</ele></trkpt>
      <trkpt lat="47.421018" lon="19.006059"><ele>177</ele></trkpt>
      <trkpt lat="47.421103" lon="19.006006"><ele>177</ele></trkpt>
      <trkpt lat="47.421195" lon="19.006007"><ele>177</ele></trkpt>
      <trkpt lat="47.421269" lon="19.005924"><ele>177</ele></trkpt>
      <trkpt lat="47.421349" lon="19.005861"><ele>177</ele></trkpt>
      <trkpt lat="47.421435" lon="19.005807"><ele>178</ele></trkpt>
      <trkpt lat="47.421512" lon="19.005732"><ele>179</ele></trkpt>
      <trkpt lat="47.421597" lon="19.005674"><ele>179</ele></trkpt>
      <trkpt lat="47.421685" lon="19.005621"><ele>180</ele></trkpt>
      <trkpt lat="47.421752" lon="19.005527"><ele>181</ele></trkpt>
      <trkpt lat="47.421836" lon="19.005437"><ele>181</ele></trkpt>
      <trkpt lat="47.421923" lon="19.00539"><ele>182</ele></trkpt>
      <trkpt lat="47.422001" lon="19.005322"><ele>182</ele></trkpt>
      <trkpt lat="47.422081" lon="19.005249"><ele>183</ele></trkpt>
      <trkpt lat="47.422162" lon="19.005176"><ele>183</ele></trkpt>
      <trkpt lat="47.42225" lon="19.005117"><ele>184</ele></trkpt>
      <trkpt lat="47.42232" lon="19.005032"><ele>185</ele></trkpt>
      <trkpt lat="47.422404" lon="19.004969"><ele>185</ele></trkpt>
      <trkpt lat="47.422487" lon="19.004901"><ele>185</ele></trkpt>
      <trkpt lat="47.422565" lon="19.004828"><ele>186</ele></trkpt>
      <trkpt lat="47.422651" lon="19.004771"><ele>186</ele></trkpt>
      <trkpt lat="47.422732" lon="19.00469"><ele>186</ele></trkpt>
      <trkpt lat="47.42281" lon="19.004618"><ele>188</ele></trkpt>
      <trkpt lat="47.422896" lon="19.004551"><ele>191</ele></trkpt>
      <trkpt lat="47.422967" lon="19.004461"><ele>190</ele></trkpt>
      <trkpt lat="47.423034" lon="19.00436"><ele>191</ele></trkpt>
      <trkpt lat="47.423098" lon="19.004252"><ele>191</ele></trkpt>
      <trkpt lat="47.423176" lon="19.004168"><ele>193</ele></trkpt>
      <trkpt lat="47.423239" lon="19.004062"><ele>194</ele></trkpt>
      <trkpt lat="47.423307" lon="19.003967"><ele>193</ele></trkpt>
      <trkpt lat="47.42337" lon="19.003865"><ele>194</ele></trkpt>
      <trkpt lat="47.423429" lon="19.003765"><ele>196</ele></trkpt>
      <trkpt lat="47.423487" lon="19.003659"><ele>196</ele></trkpt>
      <trkpt lat="47.423567" lon="19.003593"><ele>197</ele></trkpt>
      <trkpt lat="47.423643" lon="19.003518"><ele>196</ele></trkpt>
      <trkpt lat="47.423714" lon="19.003423"><ele>198</ele></trkpt>
      <trkpt lat="47.423786" lon="19.003336"><ele>198</ele></trkpt>
      <trkpt lat="47.423857" lon="19.00325"><ele>198</ele></trkpt>
      <trkpt lat="47.423946" lon="19.003188"><ele>198</ele></trkpt>
      <trkpt lat="47.424018" lon="19.003101"><ele>198</ele></trkpt>
      <trkpt lat="47.424091" lon="19.003016"><ele>198</ele></trkpt>
      <trkpt lat="47.424164" lon="19.002935"><ele>198</ele></trkpt>
      <trkpt lat="47.424244" lon="19.002857"><ele>198</ele></trkpt>
      <trkpt lat="47.424317" lon="19.002774"><ele>199</ele></trkpt>
      <trkpt lat="47.424392" lon="19.002692"><ele>199</ele></trkpt>
      <trkpt lat="47.424467" lon="19.002609"><ele>199</ele></trkpt>
      <trkpt lat="47.424543" lon="19.002534"><ele>199</ele></trkpt>
      <trkpt lat="47.424622" lon="19.002458"><ele>199</ele></trkpt>
      <trkpt lat="47.424693" lon="19.002375"><ele>199</ele></trkpt>
      <trkpt lat="47.424773" lon="19.002303"><ele>199</ele></trkpt>
      <trkpt lat="47.424848" lon="19.002217"><ele>200</ele></trkpt>
      <trkpt lat="47.424928" lon="19.002145"><ele>200</ele></trkpt>
      <trkpt lat="47.425003" lon="19.002067"><ele>200</ele></trkpt>
      <trkpt lat="47.425078" lon="19.00198"><ele>200</ele></trkpt>
      <trkpt lat="47.425152" lon="19.001899"><ele>200</ele></trkpt>
      <trkpt lat="47.425227" lon="19.001809"><ele>200</ele></trkpt>
      <trkpt lat="47.425311" lon="19.001745"><ele>200</ele></trkpt>
      <trkpt lat="47.425375" lon="19.001648"><ele>200</ele></trkpt>
      <trkpt lat="47.425456" lon="19.001584"><ele>200</ele></trkpt>
      <trkpt lat="47.425542" lon="19.001532"><ele>200</ele></trkpt>
      <trkpt lat="47.425625" lon="19.001463"><ele>200</ele></trkpt>
      <trkpt lat="47.425703" lon="19.001398"><ele>200</ele></trkpt>
      <trkpt lat="47.425735" lon="19.001269"><ele>200</ele></trkpt>
      <trkpt lat="47.425796" lon="19.00117"><ele>200</ele></trkpt>
      <trkpt lat="47.425866" lon="19.001078"><ele>200</ele></trkpt>
      <trkpt lat="47.425955" lon="19.001052"><ele>200</ele></trkpt>
      <trkpt lat="47.426038" lon="19.000991"><ele>200</ele></trkpt>
      <trkpt lat="47.426112" lon="19.000909"><ele>200</ele></trkpt>
      <trkpt lat="47.426147" lon="19.000786"><ele>200</ele></trkpt>
      <trkpt lat="47.426148" lon="19.000651"><ele>199</ele></trkpt>
      <trkpt lat="47.426112" lon="19.000523"><ele>199</ele></trkpt>
      <trkpt lat="47.426058" lon="19.000407"><ele>199</ele></trkpt>
      <trkpt lat="47.426001" lon="19.000298"><ele>199</ele></trkpt>
      <trkpt lat="47.426099" lon="19.000271"><ele>199</ele></trkpt>
      <trkpt lat="47.426185" lon="19.000221"><ele>199</ele></trkpt>
      <trkpt lat="47.426256" lon="19.000129"><ele>200</ele></trkpt>
      <trkpt lat="47.426346" lon="19.000116"><ele>202</ele></trkpt>
      <trkpt lat="47.426435" lon="19.000081"><ele>202</ele></trkpt>
      <trkpt lat="47.426521" lon="19.000034"><ele>202</ele></trkpt>
      <trkpt lat="47.426619" lon="19.000036"><ele>203</ele></trkpt>
      <trkpt lat="47.426741" lon="18.999987"><ele>204</ele></trkpt>
      <trkpt lat="47.426828" lon="18.999951"><ele>203</ele></trkpt>
      <trkpt lat="47.426865" lon="18.999822"><ele>203</ele></trkpt>
      <trkpt lat="47.426906" lon="18.999702"><ele>203</ele></trkpt>
      <trkpt lat="47.426945" lon="18.999575"><ele>203</ele></trkpt>
      <trkpt lat="47.42696" lon="18.99944"><ele>204</ele></trkpt>
      <trkpt lat="47.426992" lon="18.999311"><ele>203</ele></trkpt>
      <trkpt lat="47.427032" lon="18.999186"><ele>204</ele></trkpt>
      <trkpt lat="47.427068" lon="18.999059"><ele>203</ele></trkpt>
      <trkpt lat="47.427066" lon="18.998913"><ele>204</ele></trkpt>
      <trkpt lat="47.427105" lon="18.998784"><ele>205</ele></trkpt>
      <trkpt lat="47.42712" lon="18.998642"><ele>203</ele></trkpt>
      <trkpt lat="47.427141" lon="18.998509"><ele>205</ele></trkpt>
      <trkpt lat="47.427168" lon="18.998372"><ele>205</ele></trkpt>
      <trkpt lat="47.427211" lon="18.998255"><ele>205</ele></trkpt>
      <trkpt lat="47.427274" lon="18.998151"><ele>205</ele></trkpt>
      <trkpt lat="47.427278" lon="18.998009"><ele>205</ele></trkpt>
      <trkpt lat="47.4273" lon="18.997871"><ele>206</ele></trkpt>
      <trkpt lat="47.427327" lon="18.997743"><ele>206</ele></trkpt>
      <trkpt lat="47.427345" lon="18.997605"><ele>206</ele></trkpt>
      <trkpt lat="47.42737" lon="18.997471"><ele>206</ele></trkpt>
      <trkpt lat="47.427395" lon="18.997342"><ele>206</ele></trkpt>
      <trkpt lat="47.427417" lon="18.997211"><ele>207</ele></trkpt>
      <trkpt lat="47.427455" lon="18.997087"><ele>208</ele></trkpt>
      <trkpt lat="47.427505" lon="18.996969"><ele>207</ele></trkpt>
      <trkpt lat="47.427555" lon="18.996847"><ele>207</ele></trkpt>
      <trkpt lat="47.427598" lon="18.996724"><ele>207</ele></trkpt>
      <trkpt lat="47.427641" lon="18.996602"><ele>208</ele></trkpt>
      <trkpt lat="47.427679" lon="18.996478"><ele>208</ele></trkpt>
      <trkpt lat="47.4277" lon="18.996343"><ele>208</ele></trkpt>
      <trkpt lat="47.427742" lon="18.996217"><ele>208</ele></trkpt>
      <trkpt lat="47.427785" lon="18.996095"><ele>208</ele></trkpt>
      <trkpt lat="47.427836" lon="18.995982"><ele>208</ele></trkpt>
      <trkpt lat="47.427899" lon="18.995874"><ele>208</ele></trkpt>
      <trkpt lat="47.427946" lon="18.995756"><ele>208</ele></trkpt>
      <trkpt lat="47.428019" lon="18.995676"><ele>208</ele></trkpt>
      <trkpt lat="47.428087" lon="18.995581"><ele>208</ele></trkpt>
      <trkpt lat="47.428132" lon="18.995454"><ele>208</ele></trkpt>
      <trkpt lat="47.42818" lon="18.99534"><ele>208</ele></trkpt>
      <trkpt lat="47.428249" lon="18.995237"><ele>208</ele></trkpt>
      <trkpt lat="47.42833" lon="18.995164"><ele>208</ele></trkpt>
      <trkpt lat="47.428396" lon="18.995072"><ele>208</ele></trkpt>
      <trkpt lat="47.428466" lon="18.994975"><ele>208</ele></trkpt>
      <trkpt lat="47.428534" lon="18.994881"><ele>208</ele></trkpt>
      <trkpt lat="47.428582" lon="18.994766"><ele>208</ele></trkpt>
      <trkpt lat="47.428652" lon="18.994683"><ele>208</ele></trkpt>
      <trkpt lat="47.428736" lon="18.994616"><ele>208</ele></trkpt>
      <trkpt lat="47.428785" lon="18.994727"><ele>208</ele></trkpt>
      <trkpt lat="47.428821" lon="18.994853"><ele>208</ele></trkpt>
      <trkpt lat="47.428882" lon="18.994954"><ele>208</ele></trkpt>
      <trkpt lat="47.428945" lon="18.995049"><ele>208</ele></trkpt>
      <trkpt lat="47.429002" lon="18.99516"><ele>208</ele></trkpt>
      <trkpt lat="47.429045" lon="18.995282"><ele>208</ele></trkpt>
      <trkpt lat="47.429117" lon="18.995377"><ele>208</ele></trkpt>
      <trkpt lat="47.42921" lon="18.995414"><ele>208</ele></trkpt>
      <trkpt lat="47.429302" lon="18.995392"><ele>207</ele></trkpt>
      <trkpt lat="47.429387" lon="18.995328"><ele>207</ele></trkpt>
      <trkpt lat="47.429434" lon="18.995208"><ele>204</ele></trkpt>
      <trkpt lat="47.429527" lon="18.995199"><ele>204</ele></trkpt>
      <trkpt lat="47.429583" lon="18.995092"><ele>203</ele></trkpt>
      <trkpt lat="47.429628" lon="18.994974"><ele>201</ele></trkpt>
      <trkpt lat="47.4297" lon="18.994893"><ele>201</ele></trkpt>
      <trkpt lat="47.429768" lon="18.994787"><ele>199</ele></trkpt>
      <trkpt lat="47.429788" lon="18.994655"><ele>198</ele></trkpt>
      <trkpt lat="47.429873" lon="18.994597"><ele>197</ele></trkpt>
      <trkpt lat="47.429923" lon="18.994476"><ele>196</ele></trkpt>
      <trkpt lat="47.429996" lon="18.994396"><ele>196</ele></trkpt>
      <trkpt lat="47.430055" lon="18.994294"><ele>195</ele></trkpt>
      <trkpt lat="47.430112" lon="18.994189"><ele>193</ele></trkpt>
      <trkpt lat="47.430169" lon="18.994082"><ele>192</ele></trkpt>
      <trkpt lat="47.430251" lon="18.994028"><ele>191</ele></trkpt>
      <trkpt lat="47.430326" lon="18.993948"><ele>190</ele></trkpt>
      <trkpt lat="47.430405" lon="18.993877"><ele>190</ele></trkpt>
      <trkpt lat="47.430458" lon="18.993751"><ele>189</ele></trkpt>
      <trkpt lat="47.430543" lon="18.993685"><ele>189</ele></trkpt>
      <trkpt lat="47.430618" lon="18.993609"><ele>188</ele></trkpt>
      <trkpt lat="47.430703" lon="18.993562"><ele>188</ele></trkpt>
      <trkpt lat="47.43075" lon="18.99344"><ele>187</ele></trkpt>
      <trkpt lat="47.430791" lon="18.99332"><ele>186</ele></trkpt>
      <trkpt lat="47.430844" lon="18.993208"><ele>185</ele></trkpt>
      <trkpt lat="47.430914" lon="18.993111"><ele>185</ele></trkpt>
      <trkpt lat="47.430973" lon="18.993008"><ele>183</ele></trkpt>
      <trkpt lat="47.43105" lon="18.992933"><ele>183</ele></trkpt>
      <trkpt lat="47.431119" lon="18.992844"><ele>182</ele></trkpt>
      <trkpt lat="47.431174" lon="18.992738"><ele>181</ele></trkpt>
      <trkpt lat="47.431235" lon="18.992632"><ele>181</ele></trkpt>
      <trkpt lat="47.4313" lon="18.992538"><ele>180</ele></trkpt>
      <trkpt lat="47.431363" lon="18.992442"><ele>179</ele></trkpt>
      <trkpt lat="47.431429" lon="18.992348"><ele>179</ele></trkpt>
      <trkpt lat="47.431503" lon="18.992258"><ele>178</ele></trkpt>
      <trkpt lat="47.43157" lon="18.992161"><ele>178</ele></trkpt>
      <trkpt lat="47.431632" lon="18.992061"><ele>177</ele></trkpt>
      <trkpt lat="47.431701" lon="18.991976"><ele>177</ele></trkpt>
      <trkpt lat="47.431762" lon="18.991864"><ele>176</ele></trkpt>
      <trkpt lat="47.431823" lon="18.991762"><ele>175</ele></trkpt>
      <trkpt lat="47.43187" lon="18.991642"><ele>175</ele></trkpt>
      <trkpt lat="47.431935" lon="18.991538"><ele>175</ele></trkpt>
      <trkpt lat="47.431996" lon="18.991424"><ele>174</ele></trkpt>
      <trkpt lat="47.43207" lon="18.991327"><ele>174</ele></trkpt>
      <trkpt lat="47.432077" lon="18.991185"><ele>173</ele></trkpt>
      <trkpt lat="47.432114" lon="18.991058"><ele>172</ele></trkpt>
      <trkpt lat="47.43219" lon="18.990981"><ele>172</ele></trkpt>
      <trkpt lat="47.432182" lon="18.990812"><ele>171</ele></trkpt>
      <trkpt lat="47.432197" lon="18.990681"><ele>171</ele></trkpt>
      <trkpt lat="47.432257" lon="18.990578"><ele>171</ele></trkpt>
      <trkpt lat="47.432295" lon="18.990446"><ele>170</ele></trkpt>
      <trkpt lat="47.432331" lon="18.990308"><ele>170</ele></trkpt>
      <trkpt lat="47.432397" lon="18.990207"><ele>170</ele></trkpt>
      <trkpt lat="47.432438" lon="18.990087"><ele>169</ele></trkpt>
      <trkpt lat="47.432475" lon="18.989963"><ele>169</ele></trkpt>
      <trkpt lat="47.43252" lon="18.989845"><ele>168</ele></trkpt>
      <trkpt lat="47.43257" lon="18.989726"><ele>168</ele></trkpt>
      <trkpt lat="47.432623" lon="18.989617"><ele>168</ele></trkpt>
      <trkpt lat="47.432672" lon="18.989501"><ele>167</ele></trkpt>
      <trkpt lat="47.432716" lon="18.989377"><ele>167</ele></trkpt>
      <trkpt lat="47.43275" lon="18.989251"><ele>166</ele></trkpt>
      <trkpt lat="47.432792" lon="18.989131"><ele>165</ele></trkpt>
      <trkpt lat="47.432817" lon="18.988992"><ele>165</ele></trkpt>
      <trkpt lat="47.432839" lon="18.988858"><ele>164</ele></trkpt>
      <trkpt lat="47.432906" lon="18.988752"><ele>164</ele></trkpt>
      <trkpt lat="47.432938" lon="18.988624"><ele>163</ele></trkpt>
      <trkpt lat="47.432979" lon="18.988483"><ele>162</ele></trkpt>
      <trkpt lat="47.433002" lon="18.988342"><ele>162</ele></trkpt>
      <trkpt lat="47.433045" lon="18.988219"><ele>162</ele></trkpt>
      <trkpt lat="47.433083" lon="18.988098"><ele>161</ele></trkpt>
      <trkpt lat="47.433126" lon="18.987976"><ele>161</ele></trkpt>
      <trkpt lat="47.433188" lon="18.987871"><ele>160</ele></trkpt>
      <trkpt lat="47.433222" lon="18.98774"><ele>160</ele></trkpt>
      <trkpt lat="47.433267" lon="18.987622"><ele>159</ele></trkpt>
      <trkpt lat="47.433322" lon="18.987513"><ele>158</ele></trkpt>
      <trkpt lat="47.433368" lon="18.987388"><ele>158</ele></trkpt>
      <trkpt lat="47.433405" lon="18.987266"><ele>158</ele></trkpt>
      <trkpt lat="47.433457" lon="18.987154"><ele>157</ele></trkpt>
      <trkpt lat="47.433505" lon="18.987036"><ele>156</ele></trkpt>
      <trkpt lat="47.433558" lon="18.986927"><ele>155</ele></trkpt>
      <trkpt lat="47.433613" lon="18.986813"><ele>155</ele></trkpt>
      <trkpt lat="47.433661" lon="18.986695"><ele>154</ele></trkpt>
      <trkpt lat="47.433702" lon="18.98657"><ele>154</ele></trkpt>
      <trkpt lat="47.433751" lon="18.986447"><ele>154</ele></trkpt>
      <trkpt lat="47.433798" lon="18.986328"><ele>154</ele></trkpt>
      <trkpt lat="47.433827" lon="18.986202"><ele>154</ele></trkpt>
      <trkpt lat="47.433888" lon="18.986096"><ele>154</ele></trkpt>
      <trkpt lat="47.433942" lon="18.985988"><ele>153</ele></trkpt>
      <trkpt lat="47.434009" lon="18.985896"><ele>153</ele></trkpt>
      <trkpt lat="47.43404" lon="18.985759"><ele>153</ele></trkpt>
      <trkpt lat="47.434079" lon="18.98564"><ele>152</ele></trkpt>
      <trkpt lat="47.434127" lon="18.985524"><ele>152</ele></trkpt>
      <trkpt lat="47.43418" lon="18.985408"><ele>151</ele></trkpt>
      <trkpt lat="47.434235" lon="18.985302"><ele>151</ele></trkpt>
      <trkpt lat="47.434296" lon="18.9852"><ele>150</ele></trkpt>
      <trkpt lat="47.434375" lon="18.985122"><ele>149</ele></trkpt>
      <trkpt lat="47.4344" lon="18.984991"><ele>149</ele></trkpt>
      <trkpt lat="47.434433" lon="18.984862"><ele>149</ele></trkpt>
      <trkpt lat="47.434414" lon="18.98473"><ele>149</ele></trkpt>
      <trkpt lat="47.434393" lon="18.9846"><ele>149</ele></trkpt>
      <trkpt lat="47.434463" lon="18.984702"><ele>149</ele></trkpt>
      <trkpt lat="47.434559" lon="18.984728"><ele>149</ele></trkpt>
      <trkpt lat="47.434649" lon="18.9847"><ele>148</ele></trkpt>
      <trkpt lat="47.434719" lon="18.984615"><ele>148</ele></trkpt>
      <trkpt lat="47.434774" lon="18.984501"><ele>148</ele></trkpt>
      <trkpt lat="47.434856" lon="18.984425"><ele>147</ele></trkpt>
      <trkpt lat="47.434936" lon="18.984355"><ele>147</ele></trkpt>
      <trkpt lat="47.435011" lon="18.984266"><ele>147</ele></trkpt>
      <trkpt lat="47.435082" lon="18.984185"><ele>146</ele></trkpt>
      <trkpt lat="47.435142" lon="18.984083"><ele>146</ele></trkpt>
      <trkpt lat="47.435206" lon="18.983978"><ele>145</ele></trkpt>
      <trkpt lat="47.435288" lon="18.983915"><ele>145</ele></trkpt>
      <trkpt lat="47.435369" lon="18.98386"><ele>145</ele></trkpt>
      <trkpt lat="47.435465" lon="18.983851"><ele>144</ele></trkpt>
      <trkpt lat="47.43552" lon="18.983738"><ele>146</ele></trkpt>
      <trkpt lat="47.435602" lon="18.983668"><ele>145</ele></trkpt>
      <trkpt lat="47.435673" lon="18.98358"><ele>144</ele></trkpt>
      <trkpt lat="47.435761" lon="18.983534"><ele>142</ele></trkpt>
      <trkpt lat="47.435819" lon="18.983432"><ele>143</ele></trkpt>
      <trkpt lat="47.435881" lon="18.983328"><ele>143</ele></trkpt>
      <trkpt lat="47.435953" lon="18.98324"><ele>144</ele></trkpt>
      <trkpt lat="47.436034" lon="18.983179"><ele>143</ele></trkpt>
      <trkpt lat="47.436104" lon="18.983092"><ele>142</ele></trkpt>
      <trkpt lat="47.436165" lon="18.982994"><ele>142</ele></trkpt>
      <trkpt lat="47.43622" lon="18.98288"><ele>142</ele></trkpt>
      <trkpt lat="47.436292" lon="18.982795"><ele>142</ele></trkpt>
      <trkpt lat="47.436379" lon="18.982732"><ele>141</ele></trkpt>
      <trkpt lat="47.436459" lon="18.982664"><ele>141</ele></trkpt>
      <trkpt lat="47.436535" lon="18.982585"><ele>141</ele></trkpt>
      <trkpt lat="47.436612" lon="18.982499"><ele>141</ele></trkpt>
      <trkpt lat="47.436687" lon="18.982421"><ele>140</ele></trkpt>
      <trkpt lat="47.436771" lon="18.982371"><ele>140</ele></trkpt>
      <trkpt lat="47.436853" lon="18.982295"><ele>141</ele></trkpt>
      <trkpt lat="47.436877" lon="18.982168"><ele>140</ele></trkpt>
      <trkpt lat="47.436946" lon="18.982082"><ele>140</ele></trkpt>
      <trkpt lat="47.437005" lon="18.981978"><ele>140</ele></trkpt>
      <trkpt lat="47.437077" lon="18.981878"><ele>139</ele></trkpt>
      <trkpt lat="47.437151" lon="18.9818"><ele>139</ele></trkpt>
      <trkpt lat="47.437238" lon="18.981759"><ele>139</ele></trkpt>
      <trkpt lat="47.437319" lon="18.981683"><ele>139</ele></trkpt>
      <trkpt lat="47.437394" lon="18.981588"><ele>138</ele></trkpt>
      <trkpt lat="47.437465" lon="18.981492"><ele>135</ele></trkpt>
      <trkpt lat="47.43752" lon="18.981386"><ele>135</ele></trkpt>
      <trkpt lat="47.437594" lon="18.981307"><ele>135</ele></trkpt>
      <trkpt lat="47.437683" lon="18.981288"><ele>135</ele></trkpt>
      <trkpt lat="47.437754" lon="18.981175"><ele>132</ele></trkpt>
      <trkpt lat="47.437813" lon="18.981064"><ele>133</ele></trkpt>
      <trkpt lat="47.437887" lon="18.980981"><ele>132</ele></trkpt>
      <trkpt lat="47.437964" lon="18.98091"><ele>132</ele></trkpt>
      <trkpt lat="47.438036" lon="18.980829"><ele>132</ele></trkpt>
      <trkpt lat="47.438119" lon="18.980777"><ele>132</ele></trkpt>
      <trkpt lat="47.438188" lon="18.980687"><ele>132</ele></trkpt>
      <trkpt lat="47.438283" lon="18.980672"><ele>134</ele></trkpt>
      <trkpt lat="47.438347" lon="18.980569"><ele>133</ele></trkpt>
      <trkpt lat="47.438408" lon="18.98046"><ele>131</ele></trkpt>
      <trkpt lat="47.438497" lon="18.980413"><ele>131</ele></trkpt>
      <trkpt lat="47.438581" lon="18.980342"><ele>133</ele></trkpt>
      <trkpt lat="47.438643" lon="18.980236"><ele>131</ele></trkpt>
      <trkpt lat="47.438715" lon="18.980144"><ele>129</ele></trkpt>
      <trkpt lat="47.438792" lon="18.980074"><ele>129</ele></trkpt>
      <trkpt lat="47.438865" lon="18.979987"><ele>129</ele></trkpt>
      <trkpt lat="47.438945" lon="18.979908"><ele>128</ele></trkpt>
      <trkpt lat="47.439019" lon="18.979825"><ele>128</ele></trkpt>
      <trkpt lat="47.439089" lon="18.979723"><ele>128</ele></trkpt>
      <trkpt lat="47.439171" lon="18.979654"><ele>127</ele></trkpt>
      <trkpt lat="47.439264" lon="18.979682"><ele>127</ele></trkpt>
      <trkpt lat="47.439288" lon="18.979822"><ele>126</ele></trkpt>
      <trkpt lat="47.439341" lon="18.979935"><ele>126</ele></trkpt>
      <trkpt lat="47.439432" lon="18.979957"><ele>126</ele></trkpt>
      <trkpt lat="47.439495" lon="18.980058"><ele>126</ele></trkpt>
      <trkpt lat="47.439583" lon="18.980117"><ele>126</ele></trkpt>
      <trkpt lat="47.439673" lon="18.980161"><ele>126</ele></trkpt>
      <trkpt lat="47.439759" lon="18.980212"><ele>126</ele></trkpt>
      <trkpt lat="47.439833" lon="18.980295"><ele>126</ele></trkpt>
      <trkpt lat="47.439894" lon="18.980401"><ele>126</ele></trkpt>
      <trkpt lat="47.439971" lon="18.98049"><ele>126</ele></trkpt>
      <trkpt lat="47.440043" lon="18.980578"><ele>126</ele></trkpt>
      <trkpt lat="47.44011" lon="18.980674"><ele>124</ele></trkpt>
      <trkpt lat="47.440166" lon="18.980778"><ele>124</ele></trkpt>
      <trkpt lat="47.440242" lon="18.980851"><ele>124</ele></trkpt>
      <trkpt lat="47.440309" lon="18.98095"><ele>124</ele></trkpt>
      <trkpt lat="47.440355" lon="18.981064"><ele>124</ele></trkpt>
      <trkpt lat="47.440424" lon="18.981152"><ele>124</ele></trkpt>
      <trkpt lat="47.440458" lon="18.981278"><ele>124</ele></trkpt>
      <trkpt lat="47.440445" lon="18.98141"><ele>124</ele></trkpt>
      <trkpt lat="47.440483" lon="18.98154"><ele>124</ele></trkpt>
      <trkpt lat="47.440489" lon="18.981675"><ele>124</ele></trkpt>
      <trkpt lat="47.440478" lon="18.981812"><ele>124</ele></trkpt>
      <trkpt lat="47.440488" lon="18.981946"><ele>125</ele></trkpt>
      <trkpt lat="47.440517" lon="18.98208"><ele>125</ele></trkpt>
      <trkpt lat="47.440506" lon="18.982221"><ele>124</ele></trkpt>
      <trkpt lat="47.440506" lon="18.982359"><ele>125</ele></trkpt>
      <trkpt lat="47.440514" lon="18.982495"><ele>124</ele></trkpt>
      <trkpt lat="47.440565" lon="18.982611"><ele>124</ele></trkpt>
      <trkpt lat="47.440608" lon="18.98274"><ele>124</ele></trkpt>
      <trkpt lat="47.440661" lon="18.98285"><ele>124</ele></trkpt>
      <trkpt lat="47.440712" lon="18.982968"><ele>124</ele></trkpt>
      <trkpt lat="47.440788" lon="18.983045"><ele>124</ele></trkpt>
      <trkpt lat="47.440884" lon="18.983038"><ele>125</ele></trkpt>
      <trkpt lat="47.44095" lon="18.983136"><ele>125</ele></trkpt>
      <trkpt lat="47.441017" lon="18.983231"><ele>124</ele></trkpt>
      <trkpt lat="47.441047" lon="18.983357"><ele>124</ele></trkpt>
      <trkpt lat="47.441097" lon="18.983472"><ele>124</ele></trkpt>
      <trkpt lat="47.441178" lon="18.983544"><ele>124</ele></trkpt>
      <trkpt lat="47.441243" lon="18.983645"><ele>124</ele></trkpt>
      <trkpt lat="47.441309" lon="18.983738"><ele>124</ele></trkpt>
      <trkpt lat="47.441386" lon="18.983812"><ele>123</ele></trkpt>
      <trkpt lat="47.441441" lon="18.983924"><ele>124</ele></trkpt>
      <trkpt lat="47.4415" lon="18.984034"><ele>124</ele></trkpt>
      <trkpt lat="47.441546" lon="18.984148"><ele>123</ele></trkpt>
      <trkpt lat="47.441628" lon="18.98421"><ele>123</ele></trkpt>
      <trkpt lat="47.441689" lon="18.984315"><ele>123</ele></trkpt>
      <trkpt lat="47.441752" lon="18.984413"><ele>123</ele></trkpt>
      <trkpt lat="47.441791" lon="18.984536"><ele>123</ele></trkpt>
      <trkpt lat="47.441884" lon="18.984564"><ele>123</ele></trkpt>
      <trkpt lat="47.441972" lon="18.984623"><ele>124</ele></trkpt>
      <trkpt lat="47.442037" lon="18.984722"><ele>124</ele></trkpt>
      <trkpt lat="47.442124" lon="18.984771"><ele>124</ele></trkpt>
      <trkpt lat="47.442215" lon="18.984779"><ele>124</ele></trkpt>
      <trkpt lat="47.442308" lon="18.984808"><ele>123</ele></trkpt>
      <trkpt lat="47.4424" lon="18.984846"><ele>123</ele></trkpt>
      <trkpt lat="47.442492" lon="18.984852"><ele>123</ele></trkpt>
      <trkpt lat="47.442584" lon="18.984847"><ele>123</ele></trkpt>
      <trkpt lat="47.442681" lon="18.984863"><ele>123</ele></trkpt>
      <trkpt lat="47.442778" lon="18.984865"><ele>123</ele></trkpt>
      <trkpt lat="47.442875" lon="18.984854"><ele>123</ele></trkpt>
      <trkpt lat="47.442969" lon="18.984842"><ele>123</ele></trkpt>
      <trkpt lat="47.443065" lon="18.984832"><ele>123</ele></trkpt>
      <trkpt lat="47.443158" lon="18.984843"><ele>121</ele></trkpt>
      <trkpt lat="47.44325" lon="18.984843"><ele>123</ele></trkpt>
      <trkpt lat="47.443348" lon="18.98485"><ele>121</ele></trkpt>
      <trkpt lat="47.443432" lon="18.984795"><ele>121</ele></trkpt>
      <trkpt lat="47.443535" lon="18.984769"><ele>121</ele></trkpt>
      <trkpt lat="47.44362" lon="18.984811"><ele>121</ele></trkpt>
      <trkpt lat="47.4437" lon="18.984887"><ele>122</ele></trkpt>
      <trkpt lat="47.443779" lon="18.984952"><ele>122</ele></trkpt>
      <trkpt lat="47.443822" lon="18.98507"><ele>122</ele></trkpt>
      <trkpt lat="47.44388" lon="18.985182"><ele>122</ele></trkpt>
      <trkpt lat="47.443936" lon="18.985294"><ele>123</ele></trkpt>
      <trkpt lat="47.443977" lon="18.985413"><ele>122</ele></trkpt>
      <trkpt lat="47.444011" lon="18.985544"><ele>123</ele></trkpt>
      <trkpt lat="47.444049" lon="18.985665"><ele>123</ele></trkpt>
      <trkpt lat="47.444095" lon="18.98579"><ele>123</ele></trkpt>
      <trkpt lat="47.444135" lon="18.985915"><ele>123</ele></trkpt>
      <trkpt lat="47.444151" lon="18.986047"><ele>123</ele></trkpt>
      <trkpt lat="47.444198" lon="18.986164"><ele>123</ele></trkpt>
      <trkpt lat="47.444249" lon="18.986278"><ele>123</ele></trkpt>
      <trkpt lat="47.444284" lon="18.986401"><ele>123</ele></trkpt>
      <trkpt lat="47.444309" lon="18.98653"><ele>123</ele></trkpt>
      <trkpt lat="47.444341" lon="18.986664"><ele>123</ele></trkpt>
      <trkpt lat="47.444397" lon="18.986781"><ele>123</ele></trkpt>
      <trkpt lat="47.444482" lon="18.98684"><ele>123</ele></trkpt>
      <trkpt lat="47.444571" lon="18.986872"><ele>123</ele></trkpt>
      <trkpt lat="47.444661" lon="18.986849"><ele>123</ele></trkpt>
      <trkpt lat="47.44475" lon="18.986814"><ele>121</ele></trkpt>
      <trkpt lat="47.444834" lon="18.986761"><ele>120</ele></trkpt>
      <trkpt lat="47.444909" lon="18.986687"><ele>120</ele></trkpt>
      <trkpt lat="47.444992" lon="18.986623"><ele>120</ele></trkpt>
      <trkpt lat="47.44507" lon="18.986542"><ele>120</ele></trkpt>
      <trkpt lat="47.445153" lon="18.98649"><ele>120</ele></trkpt>
      <trkpt lat="47.445237" lon="18.986428"><ele>120</ele></trkpt>
      <trkpt lat="47.445321" lon="18.986365"><ele>120</ele></trkpt>
      <trkpt lat="47.445402" lon="18.986301"><ele>121</ele></trkpt>
      <trkpt lat="47.445485" lon="18.986235"><ele>121</ele></trkpt>
      <trkpt lat="47.445568" lon="18.986175"><ele>120</ele></trkpt>
      <trkpt lat="47.445652" lon="18.98611"><ele>121</ele></trkpt>
      <trkpt lat="47.445727" lon="18.986027"><ele>121</ele></trkpt>
      <trkpt lat="47.445815" lon="18.985983"><ele>120</ele></trkpt>
      <trkpt lat="47.445908" lon="18.985964"><ele>121</ele></trkpt>
      <trkpt lat="47.445993" lon="18.985894"><ele>121</ele></trkpt>
      <trkpt lat="47.446071" lon="18.985818"><ele>120</ele></trkpt>
      <trkpt lat="47.446159" lon="18.985786"><ele>121</ele></trkpt>
      <trkpt lat="47.446244" lon="18.98573"><ele>123</ele></trkpt>
      <trkpt lat="47.446329" lon="18.985664"><ele>124</ele></trkpt>
      <trkpt lat="47.446419" lon="18.985621"><ele>123</ele></trkpt>
      <trkpt lat="47.446503" lon="18.985555"><ele>124</ele></trkpt>
      <trkpt lat="47.44659" lon="18.985512"><ele>124</ele></trkpt>
      <trkpt lat="47.44668" lon="18.985496"><ele>123</ele></trkpt>
      <trkpt lat="47.44675" lon="18.98541"><ele>124</ele></trkpt>
      <trkpt lat="47.446824" lon="18.985326"><ele>124</ele></trkpt>
      <trkpt lat="47.446924" lon="18.985345"><ele>124</ele></trkpt>
      <trkpt lat="47.447019" lon="18.985375"><ele>124</ele></trkpt>
      <trkpt lat="47.447084" lon="18.985483"><ele>124</ele></trkpt>
      <trkpt lat="47.447073" lon="18.985618"><ele>124</ele></trkpt>
      <trkpt lat="47.447096" lon="18.985752"><ele>124</ele></trkpt>
      <trkpt lat="47.44714" lon="18.985869"><ele>126</ele></trkpt>
      <trkpt lat="47.447229" lon="18.985848"><ele>124</ele></trkpt>
      <trkpt lat="47.447318" lon="18.985798"><ele>127</ele></trkpt>
      <trkpt lat="47.447388" lon="18.985889"><ele>127</ele></trkpt>
      <trkpt lat="47.447475" lon="18.98592"><ele>127</ele></trkpt>
      <trkpt lat="47.447559" lon="18.985971"><ele>127</ele></trkpt>
      <trkpt lat="47.447635" lon="18.986051"><ele>127</ele></trkpt>
      <trkpt lat="47.44771" lon="18.986137"><ele>127</ele></trkpt>
      <trkpt lat="47.447785" lon="18.98622"><ele>127</ele></trkpt>
      <trkpt lat="47.447863" lon="18.986299"><ele>126</ele></trkpt>
      <trkpt lat="47.447933" lon="18.986388"><ele>126</ele></trkpt>
      <trkpt lat="47.44801" lon="18.98646"><ele>126</ele></trkpt>
      <trkpt lat="47.4481" lon="18.986503"><ele>126</ele></trkpt>
      <trkpt lat="47.448184" lon="18.986558"><ele>126</ele></trkpt>
      <trkpt lat="47.448252" lon="18.98665"><ele>127</ele></trkpt>
      <trkpt lat="47.44832" lon="18.986742"><ele>126</ele></trkpt>
      <trkpt lat="47.448408" lon="18.986802"><ele>126</ele></trkpt>
      <trkpt lat="47.448477" lon="18.986888"><ele>127</ele></trkpt>
      <trkpt lat="47.448559" lon="18.986941"><ele>127</ele></trkpt>
      <trkpt lat="47.448636" lon="18.987017"><ele>126</ele></trkpt>
      <trkpt lat="47.448717" lon="18.987092"><ele>126</ele></trkpt>
      <trkpt lat="47.448794" lon="18.987171"><ele>126</ele></trkpt>
      <trkpt lat="47.448876" lon="18.987244"><ele>126</ele></trkpt>
      <trkpt lat="47.448958" lon="18.987311"><ele>127</ele></trkpt>
      <trkpt lat="47.449028" lon="18.987403"><ele>127</ele></trkpt>
      <trkpt lat="47.449104" lon="18.987484"><ele>127</ele></trkpt>
      <trkpt lat="47.449175" lon="18.987571"><ele>127</ele></trkpt>
      <trkpt lat="47.44926" lon="18.987633"><ele>125</ele></trkpt>
      <trkpt lat="47.449332" lon="18.98772"><ele>127</ele></trkpt>
      <trkpt lat="47.449408" lon="18.987799"><ele>125</ele></trkpt>
      <trkpt lat="47.44948" lon="18.987894"><ele>125</ele></trkpt>
      <trkpt lat="47.449564" lon="18.987949"><ele>125</ele></trkpt>
      <trkpt lat="47.449645" lon="18.988017"><ele>125</ele></trkpt>
      <trkpt lat="47.449719" lon="18.988102"><ele>125</ele></trkpt>
      <trkpt lat="47.449802" lon="18.988161"><ele>125</ele></trkpt>
      <trkpt lat="47.449876" lon="18.988252"><ele>125</ele></trkpt>
      <trkpt lat="47.449953" lon="18.988329"><ele>125</ele></trkpt>
      <trkpt lat="47.45003" lon="18.988408"><ele>126</ele></trkpt>
      <trkpt lat="47.450101" lon="18.988499"><ele>125</ele></trkpt>
      <trkpt lat="47.450183" lon="18.988566"><ele>125</ele></trkpt>
      <trkpt lat="47.450268" lon="18.988628"><ele>125</ele></trkpt>
      <trkpt lat="47.450337" lon="18.988713"><ele>125</ele></trkpt>
      <trkpt lat="47.450414" lon="18.988787"><ele>126</ele></trkpt>
      <trkpt lat="47.45049" lon="18.988868"><ele>126</ele></trkpt>
      <trkpt lat="47.450651" lon="18.989003"><ele>125</ele></trkpt>
      <trkpt lat="47.450797" lon="18.989169"><ele>126</ele></trkpt>
      <trkpt lat="47.450952" lon="18.989313"><ele>125</ele></trkpt>
      <trkpt lat="47.451029" lon="18.989396"><ele>126</ele></trkpt>
      <trkpt lat="47.451108" lon="18.989477"><ele>126</ele></trkpt>
      <trkpt lat="47.451182" lon="18.989556"><ele>125</ele></trkpt>
      <trkpt lat="47.451258" lon="18.989635"><ele>126</ele></trkpt>
      <trkpt lat="47.451343" lon="18.989706"><ele>126</ele></trkpt>
      <trkpt lat="47.451427" lon="18.989781"><ele>126</ele></trkpt>
      <trkpt lat="47.451503" lon="18.989867"><ele>126</ele></trkpt>
      <trkpt lat="47.451577" lon="18.989953"><ele>126</ele></trkpt>
      <trkpt lat="47.451644" lon="18.990048"><ele>126</ele></trkpt>
      <trkpt lat="47.451731" lon="18.990096"><ele>126</ele></trkpt>
      <trkpt lat="47.451809" lon="18.990177"><ele>126</ele></trkpt>
      <trkpt lat="47.45189" lon="18.990257"><ele>126</ele></trkpt>
      <trkpt lat="47.451963" lon="18.990343"><ele>126</ele></trkpt>
      <trkpt lat="47.452055" lon="18.990402"><ele>126</ele></trkpt>
      <trkpt lat="47.452134" lon="18.990482"><ele>126</ele></trkpt>
      <trkpt lat="47.45221" lon="18.990563"><ele>126</ele></trkpt>
      <trkpt lat="47.452266" lon="18.990674"><ele>126</ele></trkpt>
      <trkpt lat="47.452334" lon="18.990763"><ele>126</ele></trkpt>
      <trkpt lat="47.452415" lon="18.990838"><ele>126</ele></trkpt>
      <trkpt lat="47.452498" lon="18.990898"><ele>126</ele></trkpt>
      <trkpt lat="47.452584" lon="18.990949"><ele>126</ele></trkpt>
      <trkpt lat="47.45267" lon="18.991022"><ele>126</ele></trkpt>
      <trkpt lat="47.452741" lon="18.991106"><ele>125</ele></trkpt>
      <trkpt lat="47.452822" lon="18.991172"><ele>125</ele></trkpt>
      <trkpt lat="47.452906" lon="18.99125"><ele>124</ele></trkpt>
      <trkpt lat="47.452982" lon="18.991321"><ele>124</ele></trkpt>
      <trkpt lat="47.453059" lon="18.991393"><ele>124</ele></trkpt>
      <trkpt lat="47.453142" lon="18.991447"><ele>124</ele></trkpt>
      <trkpt lat="47.453211" lon="18.991542"><ele>123</ele></trkpt>
      <trkpt lat="47.453294" lon="18.991608"><ele>123</ele></trkpt>
      <trkpt lat="47.453374" lon="18.991671"><ele>123</ele></trkpt>
      <trkpt lat="47.453458" lon="18.991731"><ele>122</ele></trkpt>
      <trkpt lat="47.453535" lon="18.991813"><ele>121</ele></trkpt>
      <trkpt lat="47.453614" lon="18.991892"><ele>121</ele></trkpt>
      <trkpt lat="47.453697" lon="18.99195"><ele>120</ele></trkpt>
      <trkpt lat="47.453775" lon="18.992022"><ele>120</ele></trkpt>
      <trkpt lat="47.453858" lon="18.992085"><ele>119</ele></trkpt>
      <trkpt lat="47.45395" lon="18.992144"><ele>118</ele></trkpt>
      <trkpt lat="47.454031" lon="18.992207"><ele>118</ele></trkpt>
      <trkpt lat="47.454109" lon="18.992286"><ele>117</ele></trkpt>
      <trkpt lat="47.454188" lon="18.992364"><ele>117</ele></trkpt>
      <trkpt lat="47.454255" lon="18.992454"><ele>117</ele></trkpt>
      <trkpt lat="47.454326" lon="18.992546"><ele>116</ele></trkpt>
      <trkpt lat="47.454407" lon="18.992625"><ele>115</ele></trkpt>
      <trkpt lat="47.454484" lon="18.992701"><ele>115</ele></trkpt>
      <trkpt lat="47.45455" lon="18.99279"><ele>114</ele></trkpt>
      <trkpt lat="47.45462" lon="18.992876"><ele>114</ele></trkpt>
      <trkpt lat="47.4547" lon="18.992954"><ele>114</ele></trkpt>
      <trkpt lat="47.454766" lon="18.993049"><ele>113</ele></trkpt>
      <trkpt lat="47.454841" lon="18.993126"><ele>112</ele></trkpt>
      <trkpt lat="47.454907" lon="18.993226"><ele>112</ele></trkpt>
      <trkpt lat="47.45501" lon="18.993356"><ele>110</ele></trkpt>
      <trkpt lat="47.455088" lon="18.993453"><ele>111</ele></trkpt>
      <trkpt lat="47.455171" lon="18.99352"><ele>110</ele></trkpt>
      <trkpt lat="47.455251" lon="18.993584"><ele>110</ele></trkpt>
      <trkpt lat="47.455322" lon="18.993673"><ele>109</ele></trkpt>
      <trkpt lat="47.455388" lon="18.993765"><ele>109</ele></trkpt>
      <trkpt lat="47.455459" lon="18.99385"><ele>108</ele></trkpt>
      <trkpt lat="47.455532" lon="18.99393"><ele>108</ele></trkpt>
      <trkpt lat="47.455604" lon="18.994023"><ele>108</ele></trkpt>
      <trkpt lat="47.455674" lon="18.99411"><ele>107</ele></trkpt>
      <trkpt lat="47.455707" lon="18.994236"><ele>106</ele></trkpt>
      <trkpt lat="47.455799" lon="18.994239"><ele>106</ele></trkpt>
      <trkpt lat="47.455891" lon="18.994374"><ele>106</ele></trkpt>
      <trkpt lat="47.455971" lon="18.994452"><ele>106</ele></trkpt>
      <trkpt lat="47.456043" lon="18.994545"><ele>106</ele></trkpt>
      <trkpt lat="47.456089" lon="18.994663"><ele>106</ele></trkpt>
      <trkpt lat="47.456176" lon="18.994704"><ele>106</ele></trkpt>
      <trkpt lat="47.456233" lon="18.994811"><ele>105</ele></trkpt>
      <trkpt lat="47.456309" lon="18.994883"><ele>104</ele></trkpt>
      <trkpt lat="47.456386" lon="18.994971"><ele>104</ele></trkpt>
      <trkpt lat="47.456478" lon="18.995027"><ele>104</ele></trkpt>
      <trkpt lat="47.456565" lon="18.995081"><ele>104</ele></trkpt>
      <trkpt lat="47.456635" lon="18.99518"><ele>104</ele></trkpt>
      <trkpt lat="47.456702" lon="18.995274"><ele>104</ele></trkpt>
      <trkpt lat="47.456781" lon="18.995347"><ele>104</ele></trkpt>
      <trkpt lat="47.45685" lon="18.995444"><ele>109</ele></trkpt>
      <trkpt lat="47.456921" lon="18.995525"><ele>103</ele></trkpt>
      <trkpt lat="47.457001" lon="18.995592"><ele>103</ele></trkpt>
      <trkpt lat="47.45708" lon="18.995685"><ele>111</ele></trkpt>
      <trkpt lat="47.457148" lon="18.995777"><ele>103</ele></trkpt>
      <trkpt lat="47.457204" lon="18.995883"><ele>110</ele></trkpt>
      <trkpt lat="47.457277" lon="18.995974"><ele>111</ele></trkpt>
      <trkpt lat="47.457357" lon="18.996048"><ele>109</ele></trkpt>
      <trkpt lat="47.457422" lon="18.996151"><ele>110</ele></trkpt>
      <trkpt lat="47.457475" lon="18.996269"><ele>111</ele></trkpt>
      <trkpt lat="47.457553" lon="18.996351"><ele>111</ele></trkpt>
      <trkpt lat="47.457632" lon="18.996436"><ele>111</ele></trkpt>
      <trkpt lat="47.457693" lon="18.996539"><ele>112</ele></trkpt>
      <trkpt lat="47.457764" lon="18.996629"><ele>111</ele></trkpt>
      <trkpt lat="47.457843" lon="18.996705"><ele>111</ele></trkpt>
      <trkpt lat="47.457893" lon="18.996818"><ele>112</ele></trkpt>
      <trkpt lat="47.457983" lon="18.996834"><ele>111</ele></trkpt>
      <trkpt lat="47.458043" lon="18.996945"><ele>112</ele></trkpt>
      <trkpt lat="47.458137" lon="18.996941"><ele>114</ele></trkpt>
      <trkpt lat="47.458216" lon="18.997028"><ele>114</ele></trkpt>
      <trkpt lat="47.458276" lon="18.997132"><ele>114</ele></trkpt>
      <trkpt lat="47.458306" lon="18.997263"><ele>114</ele></trkpt>
      <trkpt lat="47.458385" lon="18.997329"><ele>114</ele></trkpt>
      <trkpt lat="47.458471" lon="18.997381"><ele>114</ele></trkpt>
      <trkpt lat="47.458558" lon="18.997437"><ele>114</ele></trkpt>
      <trkpt lat="47.45864" lon="18.997514"><ele>114</ele></trkpt>
      <trkpt lat="47.458728" lon="18.997566"><ele>114</ele></trkpt>
      <trkpt lat="47.458813" lon="18.99762"><ele>114</ele></trkpt>
      <trkpt lat="47.458903" lon="18.997663"><ele>114</ele></trkpt>
      <trkpt lat="47.458994" lon="18.997691"><ele>114</ele></trkpt>
      <trkpt lat="47.459085" lon="18.997731"><ele>114</ele></trkpt>
      <trkpt lat="47.459175" lon="18.997754"><ele>114</ele></trkpt>
      <trkpt lat="47.459266" lon="18.997781"><ele>114</ele></trkpt>
      <trkpt lat="47.459354" lon="18.997816"><ele>114</ele></trkpt>
      <trkpt lat="47.459446" lon="18.997842"><ele>114</ele></trkpt>
      <trkpt lat="47.459551" lon="18.997845"><ele>114</ele></trkpt>
      <trkpt lat="47.459639" lon="18.997816"><ele>114</ele></trkpt>
      <trkpt lat="47.459735" lon="18.997837"><ele>114</ele></trkpt>
      <trkpt lat="47.459832" lon="18.997845"><ele>114</ele></trkpt>
      <trkpt lat="47.459924" lon="18.997848"><ele>115</ele></trkpt>
      <trkpt lat="47.460011" lon="18.997891"><ele>114</ele></trkpt>
      <trkpt lat="47.460099" lon="18.99793"><ele>114</ele></trkpt>
      <trkpt lat="47.460193" lon="18.997935"><ele>115</ele></trkpt>
      <trkpt lat="47.460284" lon="18.997948"><ele>115</ele></trkpt>
      <trkpt lat="47.460376" lon="18.997946"><ele>115</ele></trkpt>
      <trkpt lat="47.460469" lon="18.997962"><ele>115</ele></trkpt>
      <trkpt lat="47.460559" lon="18.997989"><ele>114</ele></trkpt>
      <trkpt lat="47.460653" lon="18.997919"><ele>114</ele></trkpt>
      <trkpt lat="47.460748" lon="18.998007"><ele>116</ele></trkpt>
      <trkpt lat="47.460834" lon="18.998074"><ele>116</ele></trkpt>
      <trkpt lat="47.460913" lon="18.998148"><ele>117</ele></trkpt>
      <trkpt lat="47.461006" lon="18.99818"><ele>118</ele></trkpt>
      <trkpt lat="47.461084" lon="18.998257"><ele>118</ele></trkpt>
      <trkpt lat="47.461143" lon="18.998367"><ele>119</ele></trkpt>
      <trkpt lat="47.461188" lon="18.998489"><ele>119</ele></trkpt>
      <trkpt lat="47.461223" lon="18.998618"><ele>119</ele></trkpt>
      <trkpt lat="47.461261" lon="18.998738"><ele>120</ele></trkpt>
      <trkpt lat="47.461268" lon="18.998875"><ele>121</ele></trkpt>
      <trkpt lat="47.461364" lon="18.998888"><ele>122</ele></trkpt>
      <trkpt lat="47.461461" lon="18.998862"><ele>122</ele></trkpt>
      <trkpt lat="47.461535" lon="18.998773"><ele>122</ele></trkpt>
      <trkpt lat="47.461556" lon="18.998643"><ele>121</ele></trkpt>
      <trkpt lat="47.461557" lon="18.998509"><ele>121</ele></trkpt>
      <trkpt lat="47.461604" lon="18.99839"><ele>121</ele></trkpt>
      <trkpt lat="47.461689" lon="18.998343"><ele>121</ele></trkpt>
      <trkpt lat="47.461782" lon="18.998325"><ele>121</ele></trkpt>
      <trkpt lat="47.46187" lon="18.998301"><ele>121</ele></trkpt>
      <trkpt lat="47.461957" lon="18.998263"><ele>121</ele></trkpt>
      <trkpt lat="47.462047" lon="18.998227"><ele>121</ele></trkpt>
      <trkpt lat="47.462135" lon="18.99819"><ele>122</ele></trkpt>
      <trkpt lat="47.462227" lon="18.998159"><ele>122</ele></trkpt>
      <trkpt lat="47.462317" lon="18.998121"><ele>122</ele></trkpt>
      <trkpt lat="47.462406" lon="18.998086"><ele>122</ele></trkpt>
      <trkpt lat="47.462501" lon="18.998066"><ele>122</ele></trkpt>
      <trkpt lat="47.462595" lon="18.99808"><ele>122</ele></trkpt>
      <trkpt lat="47.462691" lon="18.998084"><ele>122</ele></trkpt>
      <trkpt lat="47.462785" lon="18.998084"><ele>122</ele></trkpt>
      <trkpt lat="47.462875" lon="18.998076"><ele>122</ele></trkpt>
      <trkpt lat="47.462953" lon="18.998148"><ele>122</ele></trkpt>
      <trkpt lat="47.463049" lon="18.998101"><ele>122</ele></trkpt>
      <trkpt lat="47.463144" lon="18.998107"><ele>122</ele></trkpt>
      <trkpt lat="47.463235" lon="18.998056"><ele>122</ele></trkpt>
      <trkpt lat="47.463329" lon="18.998074"><ele>122</ele></trkpt>
      <trkpt lat="47.463419" lon="18.998117"><ele>122</ele></trkpt>
      <trkpt lat="47.463511" lon="18.998096"><ele>123</ele></trkpt>
      <trkpt lat="47.463606" lon="18.998094"><ele>123</ele></trkpt>
      <trkpt lat="47.4637" lon="18.998089"><ele>124</ele></trkpt>
      <trkpt lat="47.463793" lon="18.998068"><ele>123</ele></trkpt>
      <trkpt lat="47.463872" lon="18.998003"><ele>123</ele></trkpt>
      <trkpt lat="47.463958" lon="18.997962"><ele>123</ele></trkpt>
      <trkpt lat="47.464054" lon="18.997962"><ele>123</ele></trkpt>
      <trkpt lat="47.464147" lon="18.997943"><ele>124</ele></trkpt>
      <trkpt lat="47.464242" lon="18.997911"><ele>124</ele></trkpt>
      <trkpt lat="47.464325" lon="18.997857"><ele>127</ele></trkpt>
      <trkpt lat="47.464416" lon="18.99783"><ele>126</ele></trkpt>
      <trkpt lat="47.464502" lon="18.997782"><ele>128</ele></trkpt>
      <trkpt lat="47.464591" lon="18.997735"><ele>128</ele></trkpt>
      <trkpt lat="47.464672" lon="18.997673"><ele>130</ele></trkpt>
      <trkpt lat="47.464763" lon="18.997632"><ele>130</ele></trkpt>
      <trkpt lat="47.464836" lon="18.997541"><ele>131</ele></trkpt>
      <trkpt lat="47.464928" lon="18.997508"><ele>133</ele></trkpt>
      <trkpt lat="47.465017" lon="18.997474"><ele>132</ele></trkpt>
      <trkpt lat="47.465108" lon="18.997447"><ele>133</ele></trkpt>
      <trkpt lat="47.465191" lon="18.997382"><ele>134</ele></trkpt>
      <trkpt lat="47.465273" lon="18.997318"><ele>134</ele></trkpt>
      <trkpt lat="47.465364" lon="18.99728"><ele>136</ele></trkpt>
      <trkpt lat="47.465444" lon="18.997216"><ele>136</ele></trkpt>
      <trkpt lat="47.465531" lon="18.997179"><ele>137</ele></trkpt>
      <trkpt lat="47.465621" lon="18.997138"><ele>139</ele></trkpt>
      <trkpt lat="47.465711" lon="18.997098"><ele>139</ele></trkpt>
      <trkpt lat="47.4658" lon="18.997067"><ele>141</ele></trkpt>
      <trkpt lat="47.465884" lon="18.997015"><ele>139</ele></trkpt>
      <trkpt lat="47.465913" lon="18.996889"><ele>142</ele></trkpt>
      <trkpt lat="47.466021" lon="18.996867"><ele>141</ele></trkpt>
      <trkpt lat="47.466116" lon="18.996838"><ele>142</ele></trkpt>
      <trkpt lat="47.4662" lon="18.996893"><ele>144</ele></trkpt>
      <trkpt lat="47.466288" lon="18.99694"><ele>147</ele></trkpt>
      <trkpt lat="47.46635" lon="18.996843"><ele>147</ele></trkpt>
      <trkpt lat="47.46644" lon="18.996799"><ele>147</ele></trkpt>
      <trkpt lat="47.46653" lon="18.996808"><ele>147</ele></trkpt>
      <trkpt lat="47.466555" lon="18.996944"><ele>149</ele></trkpt>
      <trkpt lat="47.466631" lon="18.997073"><ele>149</ele></trkpt>
      <trkpt lat="47.466698" lon="18.997177"><ele>151</ele></trkpt>
      <trkpt lat="47.466747" lon="18.997293"><ele>154</ele></trkpt>
      <trkpt lat="47.46683" lon="18.99736"><ele>156</ele></trkpt>
      <trkpt lat="47.466916" lon="18.997313"><ele>157</ele></trkpt>
      <trkpt lat="47.466945" lon="18.997185"><ele>157</ele></trkpt>
      <trkpt lat="47.466985" lon="18.997058"><ele>158</ele></trkpt>
      <trkpt lat="47.467022" lon="18.996925"><ele>158</ele></trkpt>
      <trkpt lat="47.467074" lon="18.996807"><ele>157</ele></trkpt>
      <trkpt lat="47.46712" lon="18.996688"><ele>157</ele></trkpt>
      <trkpt lat="47.467149" lon="18.996554"><ele>157</ele></trkpt>
      <trkpt lat="47.467165" lon="18.996421"><ele>158</ele></trkpt>
      <trkpt lat="47.467168" lon="18.996285"><ele>157</ele></trkpt>
      <trkpt lat="47.467177" lon="18.996145"><ele>157</ele></trkpt>
      <trkpt lat="47.46719" lon="18.996008"><ele>157</ele></trkpt>
      <trkpt lat="47.467182" lon="18.995871"><ele>157</ele></trkpt>
      <trkpt lat="47.467192" lon="18.995738"><ele>157</ele></trkpt>
      <trkpt lat="47.467219" lon="18.995605"><ele>156</ele></trkpt>
      <trkpt lat="47.467269" lon="18.995481"><ele>156</ele></trkpt>
      <trkpt lat="47.467321" lon="18.995363"><ele>157</ele></trkpt>
      <trkpt lat="47.467385" lon="18.995255"><ele>158</ele></trkpt>
      <trkpt lat="47.467464" lon="18.995186"><ele>158</ele></trkpt>
      <trkpt lat="47.467553" lon="18.995147"><ele>159</ele></trkpt>
      <trkpt lat="47.467643" lon="18.995129"><ele>160</ele></trkpt>
      <trkpt lat="47.467732" lon="18.995072"><ele>158</ele></trkpt>
      <trkpt lat="47.467823" lon="18.99503"><ele>159</ele></trkpt>
      <trkpt lat="47.467914" lon="18.995013"><ele>158</ele></trkpt>
      <trkpt lat="47.468001" lon="18.994955"><ele>158</ele></trkpt>
      <trkpt lat="47.468082" lon="18.994889"><ele>158</ele></trkpt>
      <trkpt lat="47.46817" lon="18.994837"><ele>158</ele></trkpt>
      <trkpt lat="47.468213" lon="18.994963"><ele>159</ele></trkpt>
      <trkpt lat="47.468214" lon="18.995123"><ele>162</ele></trkpt>
      <trkpt lat="47.468237" lon="18.995253"><ele>163</ele></trkpt>
      <trkpt lat="47.468258" lon="18.995398"><ele>166</ele></trkpt>
      <trkpt lat="47.468287" lon="18.995524"><ele>166</ele></trkpt>
      <trkpt lat="47.468306" lon="18.995659"><ele>168</ele></trkpt>
      <trkpt lat="47.468339" lon="18.9958"><ele>171</ele></trkpt>
      <trkpt lat="47.468371" lon="18.995925"><ele>172</ele></trkpt>
      <trkpt lat="47.468384" lon="18.996068"><ele>174</ele></trkpt>
      <trkpt lat="47.468411" lon="18.996202"><ele>175</ele></trkpt>
      <trkpt lat="47.468448" lon="18.996328"><ele>176</ele></trkpt>
      <trkpt lat="47.468474" lon="18.996462"><ele>175</ele></trkpt>
      <trkpt lat="47.468501" lon="18.996591"><ele>177</ele></trkpt>
      <trkpt lat="47.468564" lon="18.996696"><ele>178</ele></trkpt>
      <trkpt lat="47.468625" lon="18.996803"><ele>178</ele></trkpt>
      <trkpt lat="47.468722" lon="18.99681"><ele>178</ele></trkpt>
      <trkpt lat="47.468809" lon="18.996768"><ele>179</ele></trkpt>
      <trkpt lat="47.468857" lon="18.996647"><ele>178</ele></trkpt>
      <trkpt lat="47.468924" lon="18.996544"><ele>178</ele></trkpt>
      <trkpt lat="47.468979" lon="18.99644"><ele>178</ele></trkpt>
      <trkpt lat="47.469037" lon="18.996334"><ele>180</ele></trkpt>
      <trkpt lat="47.469101" lon="18.996237"><ele>181</ele></trkpt>
      <trkpt lat="47.469148" lon="18.996116"><ele>180</ele></trkpt>
      <trkpt lat="47.469077" lon="18.996029"><ele>182</ele></trkpt>
      <trkpt lat="47.468993" lon="18.995966"><ele>183</ele></trkpt>
      <trkpt lat="47.468922" lon="18.995874"><ele>182</ele></trkpt>
      <trkpt lat="47.469232" lon="18.995927"><ele>183</ele></trkpt>
      <trkpt lat="47.468963" lon="18.995789"><ele>183</ele></trkpt>
      <trkpt lat="47.469046" lon="18.995726"><ele>183</ele></trkpt>
      <trkpt lat="47.469225" lon="18.99566"><ele>183</ele></trkpt>
      <trkpt lat="47.469398" lon="18.995548"><ele>183</ele></trkpt>
      <trkpt lat="47.469578" lon="18.995567"><ele>183</ele></trkpt>
      <trkpt lat="47.469754" lon="18.995495"><ele>183</ele></trkpt>
      <trkpt lat="47.469926" lon="18.99536"><ele>183</ele></trkpt>
      <trkpt lat="47.47009" lon="18.995233"><ele>183</ele></trkpt>
      <trkpt lat="47.470241" lon="18.995078"><ele>184</ele></trkpt>
      <trkpt lat="47.4704" lon="18.994929"><ele>184</ele></trkpt>
      <trkpt lat="47.470545" lon="18.994771"><ele>184</ele></trkpt>
      <trkpt lat="47.470711" lon="18.994655"><ele>184</ele></trkpt>
      <trkpt lat="47.470864" lon="18.994496"><ele>184</ele></trkpt>
      <trkpt lat="47.471009" lon="18.994334"><ele>184</ele></trkpt>
      <trkpt lat="47.471184" lon="18.994242"><ele>185</ele></trkpt>
      <trkpt lat="47.471316" lon="18.994048"><ele>186</ele></trkpt>
      <trkpt lat="47.471469" lon="18.993905"><ele>185</ele></trkpt>
      <trkpt lat="47.471621" lon="18.993757"><ele>185</ele></trkpt>
      <trkpt lat="47.471772" lon="18.99361"><ele>187</ele></trkpt>
      <trkpt lat="47.471904" lon="18.993426"><ele>185</ele></trkpt>
      <trkpt lat="47.472057" lon="18.993283"><ele>187</ele></trkpt>
      <trkpt lat="47.472199" lon="18.993114"><ele>188</ele></trkpt>
      <trkpt lat="47.472346" lon="18.99295"><ele>189</ele></trkpt>
      <trkpt lat="47.472513" lon="18.992824"><ele>190</ele></trkpt>
      <trkpt lat="47.472663" lon="18.992672"><ele>190</ele></trkpt>
      <trkpt lat="47.472795" lon="18.992478"><ele>190</ele></trkpt>
      <trkpt lat="47.472956" lon="18.992343"><ele>190</ele></trkpt>
      <trkpt lat="47.473082" lon="18.992145"><ele>190</ele></trkpt>
      <trkpt lat="47.473231" lon="18.991983"><ele>192</ele></trkpt>
      <trkpt lat="47.47339" lon="18.991842"><ele>193</ele></trkpt>
      <trkpt lat="47.473569" lon="18.991782"><ele>194</ele></trkpt>
      <trkpt lat="47.47375" lon="18.991746"><ele>194</ele></trkpt>
      <trkpt lat="47.473858" lon="18.991528"><ele>194</ele></trkpt>
      <trkpt lat="47.473896" lon="18.991408"><ele>195</ele></trkpt>
      <trkpt lat="47.473948" lon="18.991295"><ele>195</ele></trkpt>
      <trkpt lat="47.474012" lon="18.991197"><ele>195</ele></trkpt>
      <trkpt lat="47.474098" lon="18.991145"><ele>195</ele></trkpt>
      <trkpt lat="47.474124" lon="18.991011"><ele>196</ele></trkpt>
      <trkpt lat="47.474156" lon="18.990885"><ele>196</ele></trkpt>
      <trkpt lat="47.474218" lon="18.990785"><ele>199</ele></trkpt>
      <trkpt lat="47.474285" lon="18.990688"><ele>198</ele></trkpt>
      <trkpt lat="47.474342" lon="18.99058"><ele>198</ele></trkpt>
      <trkpt lat="47.474341" lon="18.990437"><ele>199</ele></trkpt>
      <trkpt lat="47.474351" lon="18.9903"><ele>199</ele></trkpt>
      <trkpt lat="47.474422" lon="18.99021"><ele>199</ele></trkpt>
      <trkpt lat="47.474481" lon="18.990103"><ele>199</ele></trkpt>
      <trkpt lat="47.474544" lon="18.990001"><ele>201</ele></trkpt>
      <trkpt lat="47.474619" lon="18.989915"><ele>201</ele></trkpt>
      <trkpt lat="47.474683" lon="18.98981"><ele>202</ele></trkpt>
      <trkpt lat="47.474747" lon="18.989707"><ele>202</ele></trkpt>
      <trkpt lat="47.474706" lon="18.989584"><ele>203</ele></trkpt>
      <trkpt lat="47.474776" lon="18.989493"><ele>203</ele></trkpt>
      <trkpt lat="47.474836" lon="18.989392"><ele>205</ele></trkpt>
      <trkpt lat="47.474897" lon="18.989294"><ele>205</ele></trkpt>
      <trkpt lat="47.47496" lon="18.989188"><ele>206</ele></trkpt>
      <trkpt lat="47.475018" lon="18.989073"><ele>206</ele></trkpt>
      <trkpt lat="47.475082" lon="18.988974"><ele>206</ele></trkpt>
      <trkpt lat="47.475135" lon="18.988853"><ele>207</ele></trkpt>
      <trkpt lat="47.475199" lon="18.988752"><ele>209</ele></trkpt>
      <trkpt lat="47.475264" lon="18.988656"><ele>210</ele></trkpt>
      <trkpt lat="47.475313" lon="18.988536"><ele>210</ele></trkpt>
      <trkpt lat="47.475385" lon="18.988437"><ele>209</ele></trkpt>
      <trkpt lat="47.475428" lon="18.988314"><ele>210</ele></trkpt>
      <trkpt lat="47.475493" lon="18.988217"><ele>210</ele></trkpt>
      <trkpt lat="47.475555" lon="18.988119"><ele>214</ele></trkpt>
      <trkpt lat="47.475615" lon="18.988019"><ele>214</ele></trkpt>
      <trkpt lat="47.475675" lon="18.987901"><ele>214</ele></trkpt>
      <trkpt lat="47.475725" lon="18.987783"><ele>214</ele></trkpt>
      <trkpt lat="47.475779" lon="18.987675"><ele>214</ele></trkpt>
      <trkpt lat="47.475837" lon="18.987572"><ele>214</ele></trkpt>
      <trkpt lat="47.475886" lon="18.987451"><ele>214</ele></trkpt>
      <trkpt lat="47.475942" lon="18.987336"><ele>215</ele></trkpt>
      <trkpt lat="47.476006" lon="18.98723"><ele>215</ele></trkpt>
      <trkpt lat="47.476066" lon="18.987132"><ele>215</ele></trkpt>
      <trkpt lat="47.476149" lon="18.987053"><ele>215</ele></trkpt>
      <trkpt lat="47.47624" lon="18.987012"><ele>215</ele></trkpt>
      <trkpt lat="47.476329" lon="18.986969"><ele>215</ele></trkpt>
      <trkpt lat="47.476439" lon="18.986741"><ele>219</ele></trkpt>
      <trkpt lat="47.4765" lon="18.986632"><ele>219</ele></trkpt>
      <trkpt lat="47.476527" lon="18.986505"><ele>219</ele></trkpt>
      <trkpt lat="47.476597" lon="18.986412"><ele>219</ele></trkpt>
      <trkpt lat="47.476667" lon="18.986322"><ele>221</ele></trkpt>
      <trkpt lat="47.476737" lon="18.986224"><ele>221</ele></trkpt>
      <trkpt lat="47.476807" lon="18.986132"><ele>221</ele></trkpt>
      <trkpt lat="47.476878" lon="18.986039"><ele>221</ele></trkpt>
      <trkpt lat="47.47694" lon="18.985932"><ele>222</ele></trkpt>
      <trkpt lat="47.47701" lon="18.985837"><ele>222</ele></trkpt>
      <trkpt lat="47.477068" lon="18.98573"><ele>222</ele></trkpt>
      <trkpt lat="47.477133" lon="18.985638"><ele>224</ele></trkpt>
      <trkpt lat="47.477206" lon="18.985555"><ele>225</ele></trkpt>
      <trkpt lat="47.477271" lon="18.98546"><ele>225</ele></trkpt>
      <trkpt lat="47.477334" lon="18.985359"><ele>224</ele></trkpt>
      <trkpt lat="47.477398" lon="18.985263"><ele>224</ele></trkpt>
      <trkpt lat="47.477474" lon="18.985193"><ele>224</ele></trkpt>
      <trkpt lat="47.477551" lon="18.985111"><ele>224</ele></trkpt>
      <trkpt lat="47.477626" lon="18.985035"><ele>224</ele></trkpt>
      <trkpt lat="47.477707" lon="18.984964"><ele>225</ele></trkpt>
      <trkpt lat="47.477753" lon="18.985079"><ele>230</ele></trkpt>
      <trkpt lat="47.477809" lon="18.985185"><ele>230</ele></trkpt>
      <trkpt lat="47.477876" lon="18.985284"><ele>230</ele></trkpt>
      <trkpt lat="47.477936" lon="18.985393"><ele>230</ele></trkpt>
      <trkpt lat="47.478002" lon="18.985492"><ele>230</ele></trkpt>
      <trkpt lat="47.478062" lon="18.985598"><ele>230</ele></trkpt>
      <trkpt lat="47.478116" lon="18.985713"><ele>230</ele></trkpt>
      <trkpt lat="47.478168" lon="18.985825"><ele>229</ele></trkpt>
      <trkpt lat="47.478235" lon="18.985919"><ele>229</ele></trkpt>
      <trkpt lat="47.478287" lon="18.98603"><ele>231</ele></trkpt>
      <trkpt lat="47.478353" lon="18.986132"><ele>229</ele></trkpt>
      <trkpt lat="47.478409" lon="18.986238"><ele>227</ele></trkpt>
      <trkpt lat="47.478462" lon="18.98635"><ele>229</ele></trkpt>
      <trkpt lat="47.478512" lon="18.986468"><ele>228</ele></trkpt>
      <trkpt lat="47.478564" lon="18.986581"><ele>228</ele></trkpt>
      <trkpt lat="47.478628" lon="18.986684"><ele>228</ele></trkpt>
      <trkpt lat="47.478663" lon="18.98681"><ele>228</ele></trkpt>
      <trkpt lat="47.478687" lon="18.986943"><ele>225</ele></trkpt>
      <trkpt lat="47.478738" lon="18.987061"><ele>225</ele></trkpt>
      <trkpt lat="47.478799" lon="18.987163"><ele>226</ele></trkpt>
      <trkpt lat="47.478831" lon="18.987293"><ele>226</ele></trkpt>
      <trkpt lat="47.478869" lon="18.987417"><ele>225</ele></trkpt>
      <trkpt lat="47.478911" lon="18.987539"><ele>225</ele></trkpt>
      <trkpt lat="47.478942" lon="18.987669"><ele>226</ele></trkpt>
      <trkpt lat="47.478981" lon="18.987791"><ele>225</ele></trkpt>
      <trkpt lat="47.479044" lon="18.987894"><ele>224</ele></trkpt>
      <trkpt lat="47.479089" lon="18.988023"><ele>225</ele></trkpt>
      <trkpt lat="47.479172" lon="18.98808"><ele>226</ele></trkpt>
      <trkpt lat="47.479259" lon="18.988012"><ele>229</ele></trkpt>
      <trkpt lat="47.479346" lon="18.987965"><ele>229</ele></trkpt>
      <trkpt lat="47.479406" lon="18.987865"><ele>229</ele></trkpt>
      <trkpt lat="47.479476" lon="18.987781"><ele>229</ele></trkpt>
      <trkpt lat="47.479557" lon="18.98772"><ele>232</ele></trkpt>
      <trkpt lat="47.479651" lon="18.987684"><ele>232</ele></trkpt>
      <trkpt lat="47.479729" lon="18.987615"><ele>232</ele></trkpt>
      <trkpt lat="47.479789" lon="18.987509"><ele>234</ele></trkpt>
      <trkpt lat="47.47986" lon="18.987423"><ele>234</ele></trkpt>
      <trkpt lat="47.479952" lon="18.987423"><ele>234</ele></trkpt>
      <trkpt lat="47.480027" lon="18.987343"><ele>238</ele></trkpt>
      <trkpt lat="47.480095" lon="18.987246"><ele>238</ele></trkpt>
      <trkpt lat="47.480153" lon="18.987136"><ele>238</ele></trkpt>
      <trkpt lat="47.480235" lon="18.987079"><ele>238</ele></trkpt>
      <trkpt lat="47.480312" lon="18.987008"><ele>242</ele></trkpt>
      <trkpt lat="47.480405" lon="18.98702"><ele>243</ele></trkpt>
      <trkpt lat="47.480487" lon="18.986958"><ele>244</ele></trkpt>
      <trkpt lat="47.480575" lon="18.986914"><ele>245</ele></trkpt>
      <trkpt lat="47.480664" lon="18.986883"><ele>247</ele></trkpt>
      <trkpt lat="47.480747" lon="18.986828"><ele>248</ele></trkpt>
      <trkpt lat="47.48079" lon="18.986711"><ele>249</ele></trkpt>
      <trkpt lat="47.480786" lon="18.986576"><ele>251</ele></trkpt>
      <trkpt lat="47.480789" lon="18.986435"><ele>251</ele></trkpt>
      <trkpt lat="47.48078" lon="18.986297"><ele>250</ele></trkpt>
      <trkpt lat="47.480764" lon="18.986161"><ele>251</ele></trkpt>
      <trkpt lat="47.480796" lon="18.986033"><ele>252</ele></trkpt>
      <trkpt lat="47.480824" lon="18.985897"><ele>252</ele></trkpt>
      <trkpt lat="47.480846" lon="18.985762"><ele>256</ele></trkpt>
      <trkpt lat="47.480838" lon="18.985624"><ele>254</ele></trkpt>
      <trkpt lat="47.480834" lon="18.985477"><ele>256</ele></trkpt>
      <trkpt lat="47.480898" lon="18.985379"><ele>258</ele></trkpt>
      <trkpt lat="47.480996" lon="18.985382"><ele>258</ele></trkpt>
      <trkpt lat="47.481079" lon="18.985447"><ele>260</ele></trkpt>
      <trkpt lat="47.481164" lon="18.985498"><ele>261</ele></trkpt>
      <trkpt lat="47.481242" lon="18.985581"><ele>262</ele></trkpt>
      <trkpt lat="47.481233" lon="18.985724"><ele>263</ele></trkpt>
      <trkpt lat="47.481266" lon="18.985852"><ele>264</ele></trkpt>
      <trkpt lat="47.481313" lon="18.985976"><ele>265</ele></trkpt>
      <trkpt lat="47.481346" lon="18.986104"><ele>266</ele></trkpt>
      <trkpt lat="47.481418" lon="18.986199"><ele>268</ele></trkpt>
      <trkpt lat="47.481509" lon="18.986236"><ele>268</ele></trkpt>
      <trkpt lat="47.481582" lon="18.986151"><ele>270</ele></trkpt>
      <trkpt lat="47.481649" lon="18.986054"><ele>276</ele></trkpt>
      <trkpt lat="47.481706" lon="18.985936"><ele>276</ele></trkpt>
      <trkpt lat="47.481733" lon="18.985809"><ele>279</ele></trkpt>
      <trkpt lat="47.481784" lon="18.985671"><ele>284</ele></trkpt>
      <trkpt lat="47.481829" lon="18.985552"><ele>286</ele></trkpt>
      <trkpt lat="47.481891" lon="18.985453"><ele>288</ele></trkpt>
      <trkpt lat="47.481872" lon="18.985586"><ele>286</ele></trkpt>
      <trkpt lat="47.481855" lon="18.985719"><ele>287</ele></trkpt>
      <trkpt lat="47.481884" lon="18.985585"><ele>288</ele></trkpt>
      <trkpt lat="47.48191" lon="18.985455"><ele>290</ele></trkpt>
      <trkpt lat="47.481931" lon="18.985319"><ele>291</ele></trkpt>
      <trkpt lat="47.481948" lon="18.985184"><ele>293</ele></trkpt>
      <trkpt lat="47.481939" lon="18.985019"><ele>294</ele></trkpt>
      <trkpt lat="47.481873" lon="18.984447"><ele>304</ele></trkpt>
      <trkpt lat="47.481904" lon="18.984317"><ele>305</ele></trkpt>
      <trkpt lat="47.481898" lon="18.984182"><ele>306</ele></trkpt>
      <trkpt lat="47.481937" lon="18.984057"><ele>308</ele></trkpt>
      <trkpt lat="47.481975" lon="18.983914"><ele>309</ele></trkpt>
      <trkpt lat="47.481993" lon="18.983784"><ele>310</ele></trkpt>
      <trkpt lat="47.48202" lon="18.983652"><ele>313</ele></trkpt>
      <trkpt lat="47.48203" lon="18.983514"><ele>313</ele></trkpt>
      <trkpt lat="47.482065" lon="18.983377"><ele>315</ele></trkpt>
      <trkpt lat="47.482068" lon="18.98324"><ele>316</ele></trkpt>
      <trkpt lat="47.481998" lon="18.983148"><ele>318</ele></trkpt>
      <trkpt lat="47.481912" lon="18.983191"><ele>318</ele></trkpt>
      <trkpt lat="47.481991" lon="18.983129"><ele>318</ele></trkpt>
      <trkpt lat="47.482054" lon="18.983022"><ele>317</ele></trkpt>
      <trkpt lat="47.482101" lon="18.982902"><ele>317</ele></trkpt>
      <trkpt lat="47.482138" lon="18.982772"><ele>316</ele></trkpt>
      <trkpt lat="47.482187" lon="18.98264"><ele>318</ele></trkpt>
      <trkpt lat="47.482248" lon="18.982526"><ele>317</ele></trkpt>
      <trkpt lat="47.482303" lon="18.982413"><ele>317</ele></trkpt>
      <trkpt lat="47.482354" lon="18.982295"><ele>317</ele></trkpt>
      <trkpt lat="47.482396" lon="18.982166"><ele>318</ele></trkpt>
      <trkpt lat="47.482439" lon="18.982047"><ele>319</ele></trkpt>
      <trkpt lat="47.482462" lon="18.98191"><ele>319</ele></trkpt>
      <trkpt lat="47.482506" lon="18.981789"><ele>321</ele></trkpt>
      <trkpt lat="47.482537" lon="18.981657"><ele>322</ele></trkpt>
      <trkpt lat="47.482577" lon="18.981529"><ele>322</ele></trkpt>
      <trkpt lat="47.482623" lon="18.981404"><ele>323</ele></trkpt>
      <trkpt lat="47.482639" lon="18.981272"><ele>324</ele></trkpt>
      <trkpt lat="47.482693" lon="18.981155"><ele>324</ele></trkpt>
      <trkpt lat="47.48273" lon="18.981028"><ele>324</ele></trkpt>
      <trkpt lat="47.482791" lon="18.980923"><ele>326</ele></trkpt>
      <trkpt lat="47.482832" lon="18.980802"><ele>325</ele></trkpt>
      <trkpt lat="47.482879" lon="18.980687"><ele>323</ele></trkpt>
      <trkpt lat="47.482932" lon="18.980578"><ele>324</ele></trkpt>
      <trkpt lat="47.482975" lon="18.980452"><ele>325</ele></trkpt>
      <trkpt lat="47.48303" lon="18.980348"><ele>323</ele></trkpt>
      <trkpt lat="47.483057" lon="18.980207"><ele>323</ele></trkpt>
      <trkpt lat="47.483112" lon="18.980094"><ele>324</ele></trkpt>
      <trkpt lat="47.483157" lon="18.979968"><ele>324</ele></trkpt>
      <trkpt lat="47.483209" lon="18.979851"><ele>324</ele></trkpt>
      <trkpt lat="47.483268" lon="18.979747"><ele>325</ele></trkpt>
      <trkpt lat="47.483325" lon="18.979644"><ele>324</ele></trkpt>
      <trkpt lat="47.483365" lon="18.979513"><ele>323</ele></trkpt>
      <trkpt lat="47.483387" lon="18.979377"><ele>323</ele></trkpt>
      <trkpt lat="47.483401" lon="18.979244"><ele>323</ele></trkpt>
      <trkpt lat="47.483445" lon="18.979119"><ele>325</ele></trkpt>
      <trkpt lat="47.483458" lon="18.978984"><ele>324</ele></trkpt>
      <trkpt lat="47.483492" lon="18.978856"><ele>323</ele></trkpt>
      <trkpt lat="47.483532" lon="18.978733"><ele>325</ele></trkpt>
      <trkpt lat="47.483557" lon="18.9786"><ele>323</ele></trkpt>
      <trkpt lat="47.483588" lon="18.978471"><ele>323</ele></trkpt>
      <trkpt lat="47.483632" lon="18.978352"><ele>325</ele></trkpt>
      <trkpt lat="47.483695" lon="18.978241"><ele>325</ele></trkpt>
      <trkpt lat="47.483756" lon="18.97814"><ele>321</ele></trkpt>
      <trkpt lat="47.483841" lon="18.978089"><ele>325</ele></trkpt>
      <trkpt lat="47.483934" lon="18.978065"><ele>325</ele></trkpt>
      <trkpt lat="47.484027" lon="18.978093"><ele>325</ele></trkpt>
      <trkpt lat="47.484088" lon="18.978195"><ele>325</ele></trkpt>
      <trkpt lat="47.484175" lon="18.978229"><ele>325</ele></trkpt>
      <trkpt lat="47.484266" lon="18.978199"><ele>327</ele></trkpt>
      <trkpt lat="47.484359" lon="18.978178"><ele>327</ele></trkpt>
      <trkpt lat="47.484451" lon="18.978146"><ele>325</ele></trkpt>
      <trkpt lat="47.484541" lon="18.978112"><ele>328</ele></trkpt>
      <trkpt lat="47.484635" lon="18.978108"><ele>327</ele></trkpt>
      <trkpt lat="47.484727" lon="18.978121"><ele>328</ele></trkpt>
      <trkpt lat="47.484819" lon="18.978131"><ele>328</ele></trkpt>
      <trkpt lat="47.484907" lon="18.978179"><ele>331</ele></trkpt>
      <trkpt lat="47.484967" lon="18.978069"><ele>329</ele></trkpt>
      <trkpt lat="47.485001" lon="18.977939"><ele>333</ele></trkpt>
      <trkpt lat="47.485032" lon="18.977809"><ele>329</ele></trkpt>
      <trkpt lat="47.485053" lon="18.977679"><ele>330</ele></trkpt>
      <trkpt lat="47.4851" lon="18.97756"><ele>331</ele></trkpt>
      <trkpt lat="47.485136" lon="18.977436"><ele>331</ele></trkpt>
      <trkpt lat="47.485155" lon="18.977303"><ele>333</ele></trkpt>
      <trkpt lat="47.485187" lon="18.977172"><ele>337</ele></trkpt>
      <trkpt lat="47.485223" lon="18.977049"><ele>337</ele></trkpt>
      <trkpt lat="47.485289" lon="18.976947"><ele>338</ele></trkpt>
      <trkpt lat="47.485342" lon="18.976837"><ele>339</ele></trkpt>
      <trkpt lat="47.485431" lon="18.976827"><ele>337</ele></trkpt>
      <trkpt lat="47.485498" lon="18.976921"><ele>335</ele></trkpt>
      <trkpt lat="47.485576" lon="18.976996"><ele>332</ele></trkpt>
      <trkpt lat="47.485669" lon="18.97699"><ele>332</ele></trkpt>
      <trkpt lat="47.485761" lon="18.976972"><ele>330</ele></trkpt>
      <trkpt lat="47.485856" lon="18.976971"><ele>333</ele></trkpt>
      <trkpt lat="47.485949" lon="18.976967"><ele>332</ele></trkpt>
      <trkpt lat="47.486038" lon="18.976927"><ele>331</ele></trkpt>
      <trkpt lat="47.486121" lon="18.976877"><ele>333</ele></trkpt>
      <trkpt lat="47.486203" lon="18.976818"><ele>329</ele></trkpt>
      <trkpt lat="47.486284" lon="18.976756"><ele>330</ele></trkpt>
      <trkpt lat="47.486368" lon="18.9767"><ele>330</ele></trkpt>
      <trkpt lat="47.486454" lon="18.976638"><ele>330</ele></trkpt>
      <trkpt lat="47.486534" lon="18.976571"><ele>329</ele></trkpt>
      <trkpt lat="47.486612" lon="18.976504"><ele>330</ele></trkpt>
      <trkpt lat="47.486705" lon="18.976475"><ele>326</ele></trkpt>
      <trkpt lat="47.486792" lon="18.97641"><ele>328</ele></trkpt>
      <trkpt lat="47.486873" lon="18.976342"><ele>329</ele></trkpt>
      <trkpt lat="47.486959" lon="18.976288"><ele>326</ele></trkpt>
      <trkpt lat="47.487035" lon="18.976212"><ele>326</ele></trkpt>
      <trkpt lat="47.487153" lon="18.976204"><ele>321</ele></trkpt>
      <trkpt lat="47.487247" lon="18.976256"><ele>323</ele></trkpt>
      <trkpt lat="47.48732" lon="18.976165"><ele>323</ele></trkpt>
      <trkpt lat="47.487345" lon="18.976035"><ele>326</ele></trkpt>
      <trkpt lat="47.487371" lon="18.975894"><ele>326</ele></trkpt>
      <trkpt lat="47.487408" lon="18.97576"><ele>327</ele></trkpt>
      <trkpt lat="47.487427" lon="18.975623"><ele>328</ele></trkpt>
      <trkpt lat="47.487424" lon="18.975477"><ele>328</ele></trkpt>
      <trkpt lat="47.487465" lon="18.975357"><ele>329</ele></trkpt>
      <trkpt lat="47.487527" lon="18.975251"><ele>330</ele></trkpt>
      <trkpt lat="47.487575" lon="18.975133"><ele>330</ele></trkpt>
      <trkpt lat="47.487617" lon="18.97501"><ele>333</ele></trkpt>
      <trkpt lat="47.487684" lon="18.97492"><ele>332</ele></trkpt>
      <trkpt lat="47.487732" lon="18.974805"><ele>333</ele></trkpt>
      <trkpt lat="47.487785" lon="18.974694"><ele>334</ele></trkpt>
      <trkpt lat="47.487819" lon="18.974561"><ele>333</ele></trkpt>
      <trkpt lat="47.487866" lon="18.974444"><ele>334</ele></trkpt>
      <trkpt lat="47.487902" lon="18.974321"><ele>336</ele></trkpt>
      <trkpt lat="47.487925" lon="18.974187"><ele>335</ele></trkpt>
      <trkpt lat="47.487949" lon="18.974058"><ele>337</ele></trkpt>
      <trkpt lat="47.487953" lon="18.97392"><ele>337</ele></trkpt>
      <trkpt lat="47.488001" lon="18.973804"><ele>339</ele></trkpt>
      <trkpt lat="47.488057" lon="18.973692"><ele>340</ele></trkpt>
      <trkpt lat="47.488085" lon="18.973564"><ele>339</ele></trkpt>
      <trkpt lat="47.488127" lon="18.973434"><ele>342</ele></trkpt>
      <trkpt lat="47.488159" lon="18.973297"><ele>342</ele></trkpt>
      <trkpt lat="47.488177" lon="18.973161"><ele>344</ele></trkpt>
      <trkpt lat="47.488203" lon="18.973029"><ele>345</ele></trkpt>
      <trkpt lat="47.488245" lon="18.972899"><ele>345</ele></trkpt>
      <trkpt lat="47.488267" lon="18.972766"><ele>347</ele></trkpt>
      <trkpt lat="47.488279" lon="18.972634"><ele>347</ele></trkpt>
      <trkpt lat="47.488299" lon="18.972501"><ele>349</ele></trkpt>
      <trkpt lat="47.488354" lon="18.972379"><ele>349</ele></trkpt>
      <trkpt lat="47.488392" lon="18.97225"><ele>349</ele></trkpt>
      <trkpt lat="47.488419" lon="18.972115"><ele>351</ele></trkpt>
      <trkpt lat="47.488475" lon="18.972006"><ele>353</ele></trkpt>
      <trkpt lat="47.488535" lon="18.971904"><ele>353</ele></trkpt>
      <trkpt lat="47.488598" lon="18.971801"><ele>355</ele></trkpt>
      <trkpt lat="47.488629" lon="18.971672"><ele>355</ele></trkpt>
      <trkpt lat="47.488632" lon="18.971539"><ele>358</ele></trkpt>
      <trkpt lat="47.488702" lon="18.971451"><ele>358</ele></trkpt>
      <trkpt lat="47.488796" lon="18.9714"><ele>359</ele></trkpt>
      <trkpt lat="47.488875" lon="18.971331"><ele>361</ele></trkpt>
      <trkpt lat="47.488959" lon="18.97128"><ele>359</ele></trkpt>
      <trkpt lat="47.489043" lon="18.971219"><ele>361</ele></trkpt>
      <trkpt lat="47.489116" lon="18.971141"><ele>361</ele></trkpt>
      <trkpt lat="47.489192" lon="18.971058"><ele>364</ele></trkpt>
      <trkpt lat="47.489285" lon="18.971024"><ele>366</ele></trkpt>
      <trkpt lat="47.489378" lon="18.971018"><ele>366</ele></trkpt>
      <trkpt lat="47.489468" lon="18.970993"><ele>367</ele></trkpt>
      <trkpt lat="47.48956" lon="18.970983"><ele>367</ele></trkpt>
      <trkpt lat="47.489647" lon="18.97094"><ele>369</ele></trkpt>
      <trkpt lat="47.489734" lon="18.970904"><ele>369</ele></trkpt>
      <trkpt lat="47.489816" lon="18.970841"><ele>369</ele></trkpt>
      <trkpt lat="47.489899" lon="18.97079"><ele>369</ele></trkpt>
      <trkpt lat="47.489976" lon="18.970717"><ele>370</ele></trkpt>
      <trkpt lat="47.490059" lon="18.970654"><ele>372</ele></trkpt>
      <trkpt lat="47.490145" lon="18.970611"><ele>372</ele></trkpt>
      <trkpt lat="47.490233" lon="18.970578"><ele>372</ele></trkpt>
      <trkpt lat="47.490321" lon="18.970529"><ele>372</ele></trkpt>
      <trkpt lat="47.490402" lon="18.970468"><ele>375</ele></trkpt>
      <trkpt lat="47.490493" lon="18.970457"><ele>376</ele></trkpt>
      <trkpt lat="47.490568" lon="18.970544"><ele>376</ele></trkpt>
      <trkpt lat="47.490636" lon="18.970637"><ele>376</ele></trkpt>
      <trkpt lat="47.490701" lon="18.970735"><ele>377</ele></trkpt>
      <trkpt lat="47.490766" lon="18.970827"><ele>377</ele></trkpt>
      <trkpt lat="47.490843" lon="18.970897"><ele>377</ele></trkpt>
      <trkpt lat="47.490927" lon="18.970959"><ele>377</ele></trkpt>
      <trkpt lat="47.491017" lon="18.970971"><ele>377</ele></trkpt>
      <trkpt lat="47.491114" lon="18.970953"><ele>378</ele></trkpt>
      <trkpt lat="47.491208" lon="18.970985"><ele>378</ele></trkpt>
      <trkpt lat="47.491294" lon="18.971027"><ele>378</ele></trkpt>
      <trkpt lat="47.491389" lon="18.971012"><ele>379</ele></trkpt>
      <trkpt lat="47.491488" lon="18.971024"><ele>378</ele></trkpt>
      <trkpt lat="47.491578" lon="18.971019"><ele>379</ele></trkpt>
      <trkpt lat="47.491645" lon="18.971109"><ele>381</ele></trkpt>
      <trkpt lat="47.491722" lon="18.971184"><ele>381</ele></trkpt>
      <trkpt lat="47.491798" lon="18.971264"><ele>382</ele></trkpt>
      <trkpt lat="47.491886" lon="18.971299"><ele>383</ele></trkpt>
      <trkpt lat="47.491981" lon="18.971302"><ele>384</ele></trkpt>
      <trkpt lat="47.492071" lon="18.971259"><ele>384</ele></trkpt>
      <trkpt lat="47.492163" lon="18.97122"><ele>384</ele></trkpt>
      <trkpt lat="47.492229" lon="18.97113"><ele>385</ele></trkpt>
      <trkpt lat="47.492308" lon="18.971035"><ele>386</ele></trkpt>
      <trkpt lat="47.492376" lon="18.970938"><ele>387</ele></trkpt>
      <trkpt lat="47.492459" lon="18.970878"><ele>388</ele></trkpt>
      <trkpt lat="47.492534" lon="18.970788"><ele>389</ele></trkpt>
      <trkpt lat="47.492609" lon="18.970713"><ele>390</ele></trkpt>
      <trkpt lat="47.492703" lon="18.97068"><ele>391</ele></trkpt>
      <trkpt lat="47.492788" lon="18.970613"><ele>393</ele></trkpt>
      <trkpt lat="47.492877" lon="18.970571"><ele>394</ele></trkpt>
      <trkpt lat="47.49297" lon="18.970544"><ele>395</ele></trkpt>
      <trkpt lat="47.493064" lon="18.970529"><ele>395</ele></trkpt>
      <trkpt lat="47.493155" lon="18.970477"><ele>396</ele></trkpt>
      <trkpt lat="47.493243" lon="18.970422"><ele>397</ele></trkpt>
      <trkpt lat="47.493327" lon="18.970343"><ele>398</ele></trkpt>
      <trkpt lat="47.493373" lon="18.97022"><ele>399</ele></trkpt>
      <trkpt lat="47.49344" lon="18.97013"><ele>400</ele></trkpt>
      <trkpt lat="47.493517" lon="18.970057"><ele>402</ele></trkpt>
      <trkpt lat="47.49358" lon="18.969954"><ele>403</ele></trkpt>
      <trkpt lat="47.493662" lon="18.969878"><ele>403</ele></trkpt>
      <trkpt lat="47.493746" lon="18.969815"><ele>403</ele></trkpt>
      <trkpt lat="47.493811" lon="18.969722"><ele>404</ele></trkpt>
      <trkpt lat="47.493899" lon="18.969668"><ele>405</ele></trkpt>
      <trkpt lat="47.493993" lon="18.969642"><ele>406</ele></trkpt>
      <trkpt lat="47.494069" lon="18.969563"><ele>407</ele></trkpt>
      <trkpt lat="47.494137" lon="18.969465"><ele>409</ele></trkpt>
      <trkpt lat="47.494201" lon="18.969363"><ele>410</ele></trkpt>
      <trkpt lat="47.494265" lon="18.969263"><ele>412</ele></trkpt>
      <trkpt lat="47.494335" lon="18.969179"><ele>413</ele></trkpt>
      <trkpt lat="47.494405" lon="18.969078"><ele>414</ele></trkpt>
      <trkpt lat="47.494477" lon="18.968998"><ele>415</ele></trkpt>
      <trkpt lat="47.49457" lon="18.969018"><ele>415</ele></trkpt>
      <trkpt lat="47.494662" lon="18.96899"><ele>416</ele></trkpt>
      <trkpt lat="47.494742" lon="18.968923"><ele>417</ele></trkpt>
      <trkpt lat="47.494835" lon="18.968954"><ele>417</ele></trkpt>
      <trkpt lat="47.494924" lon="18.968938"><ele>417</ele></trkpt>
      <trkpt lat="47.495016" lon="18.968916"><ele>418</ele></trkpt>
      <trkpt lat="47.4951" lon="18.968976"><ele>419</ele></trkpt>
      <trkpt lat="47.495193" lon="18.96897"><ele>420</ele></trkpt>
      <trkpt lat="47.495283" lon="18.968966"><ele>421</ele></trkpt>
      <trkpt lat="47.495373" lon="18.968958"><ele>422</ele></trkpt>
      <trkpt lat="47.495466" lon="18.96894"><ele>423</ele></trkpt>
      <trkpt lat="47.495583" lon="18.968943"><ele>425</ele></trkpt>
      <trkpt lat="47.495673" lon="18.968948"><ele>425</ele></trkpt>
      <trkpt lat="47.495757" lon="18.968885"><ele>426</ele></trkpt>
      <trkpt lat="47.495851" lon="18.968872"><ele>427</ele></trkpt>
      <trkpt lat="47.495955" lon="18.968856"><ele>428</ele></trkpt>
      <trkpt lat="47.496039" lon="18.968801"><ele>428</ele></trkpt>
      <trkpt lat="47.496196" lon="18.968727"><ele>431</ele></trkpt>
      <trkpt lat="47.496288" lon="18.968665"><ele>432</ele></trkpt>
      <trkpt lat="47.496369" lon="18.968605"><ele>433</ele></trkpt>
      <trkpt lat="47.49643" lon="18.968506"><ele>434</ele></trkpt>
      <trkpt lat="47.496522" lon="18.968465"><ele>436</ele></trkpt>
      <trkpt lat="47.496616" lon="18.96847"><ele>436</ele></trkpt>
      <trkpt lat="47.496705" lon="18.968467"><ele>437</ele></trkpt>
      <trkpt lat="47.496796" lon="18.968492"><ele>438</ele></trkpt>
      <trkpt lat="47.496884" lon="18.968523"><ele>439</ele></trkpt>
      <trkpt lat="47.49698" lon="18.968546"><ele>440</ele></trkpt>
      <trkpt lat="47.497081" lon="18.968523"><ele>440</ele></trkpt>
      <trkpt lat="47.497168" lon="18.968468"><ele>441</ele></trkpt>
      <trkpt lat="47.497287" lon="18.9684"><ele>443</ele></trkpt>
      <trkpt lat="47.497377" lon="18.968381"><ele>443</ele></trkpt>
      <trkpt lat="47.497477" lon="18.968364"><ele>445</ele></trkpt>
      <trkpt lat="47.497568" lon="18.968335"><ele>446</ele></trkpt>
      <trkpt lat="47.497652" lon="18.968272"><ele>446</ele></trkpt>
      <trkpt lat="47.497737" lon="18.968225"><ele>447</ele></trkpt>
      <trkpt lat="47.497829" lon="18.968247"><ele>448</ele></trkpt>
      <trkpt lat="47.497915" lon="18.968205"><ele>449</ele></trkpt>
      <trkpt lat="47.497998" lon="18.968154"><ele>449</ele></trkpt>
      <trkpt lat="47.498085" lon="18.968113"><ele>449</ele></trkpt>
      <trkpt lat="47.498178" lon="18.96815"><ele>449</ele></trkpt>
      <trkpt lat="47.498278" lon="18.96815"><ele>450</ele></trkpt>
      <trkpt lat="47.498369" lon="18.968102"><ele>451</ele></trkpt>
      <trkpt lat="47.498458" lon="18.96814"><ele>452</ele></trkpt>
      <trkpt lat="47.498546" lon="18.968103"><ele>453</ele></trkpt>
      <trkpt lat="47.498632" lon="18.968034"><ele>453</ele></trkpt>
      <trkpt lat="47.498706" lon="18.967955"><ele>454</ele></trkpt>
      <trkpt lat="47.498797" lon="18.967959"><ele>455</ele></trkpt>
      <trkpt lat="47.498889" lon="18.967946"><ele>456</ele></trkpt>
      <trkpt lat="47.498971" lon="18.96787"><ele>457</ele></trkpt>
      <trkpt lat="47.49906" lon="18.967849"><ele>457</ele></trkpt>
      <trkpt lat="47.499145" lon="18.967802"><ele>458</ele></trkpt>
      <trkpt lat="47.499234" lon="18.967824"><ele>459</ele></trkpt>
      <trkpt lat="47.499323" lon="18.967843"><ele>460</ele></trkpt>
      <trkpt lat="47.499408" lon="18.967897"><ele>461</ele></trkpt>
      <trkpt lat="47.499496" lon="18.967832"><ele>461</ele></trkpt>
      <trkpt lat="47.499591" lon="18.967804"><ele>461</ele></trkpt>
      <trkpt lat="47.499648" lon="18.96791"><ele>462</ele></trkpt>
      <trkpt lat="47.499729" lon="18.967991"><ele>462</ele></trkpt>
      <trkpt lat="47.499815" lon="18.968051"><ele>464</ele></trkpt>
      <trkpt lat="47.499865" lon="18.968164"><ele>465</ele></trkpt>
      <trkpt lat="47.499902" lon="18.968286"><ele>465</ele></trkpt>
      <trkpt lat="47.499917" lon="18.96842"><ele>466</ele></trkpt>
      <trkpt lat="47.499896" lon="18.968562"><ele>466</ele></trkpt>
      <trkpt lat="47.49989" lon="18.968695"><ele>468</ele></trkpt>
      <trkpt lat="47.499857" lon="18.968821"><ele>468</ele></trkpt>
      <trkpt lat="47.499854" lon="18.968964"><ele>468</ele></trkpt>
      <trkpt lat="47.499823" lon="18.969097"><ele>468</ele></trkpt>
      <trkpt lat="47.499808" lon="18.96923"><ele>468</ele></trkpt>
      <trkpt lat="47.499828" lon="18.969364"><ele>468</ele></trkpt>
      <trkpt lat="47.499852" lon="18.969493"><ele>468</ele></trkpt>
      <trkpt lat="47.49987" lon="18.969628"><ele>468</ele></trkpt>
      <trkpt lat="47.499898" lon="18.969765"><ele>468</ele></trkpt>
      <trkpt lat="47.499868" lon="18.969895"><ele>468</ele></trkpt>
      <trkpt lat="47.499828" lon="18.970027"><ele>468</ele></trkpt>
      <trkpt lat="47.499809" lon="18.970161"><ele>468</ele></trkpt>
      <trkpt lat="47.499799" lon="18.970295"><ele>468</ele></trkpt>
      <trkpt lat="47.499766" lon="18.970423"><ele>468</ele></trkpt>
      <trkpt lat="47.499736" lon="18.970558"><ele>468</ele></trkpt>
      <trkpt lat="47.499701" lon="18.970682"><ele>468</ele></trkpt>
      <trkpt lat="47.499652" lon="18.970802"><ele>467</ele></trkpt>
      <trkpt lat="47.499633" lon="18.970936"><ele>467</ele></trkpt>
      <trkpt lat="47.499636" lon="18.971075"><ele>468</ele></trkpt>
      <trkpt lat="47.499653" lon="18.971242"><ele>468</ele></trkpt>
      <trkpt lat="47.499684" lon="18.971377"><ele>468</ele></trkpt>
      <trkpt lat="47.499741" lon="18.971271"><ele>467</ele></trkpt>
      <trkpt lat="47.499805" lon="18.971169"><ele>468</ele></trkpt>
      <trkpt lat="47.499891" lon="18.971101"><ele>467</ele></trkpt>
      <trkpt lat="47.499964" lon="18.971018"><ele>467</ele></trkpt>
      <trkpt lat="47.500033" lon="18.970921"><ele>467</ele></trkpt>
      <trkpt lat="47.500105" lon="18.970827"><ele>467</ele></trkpt>
      <trkpt lat="47.500161" lon="18.970712"><ele>467</ele></trkpt>
      <trkpt lat="47.500221" lon="18.970606"><ele>467</ele></trkpt>
      <trkpt lat="47.500281" lon="18.970497"><ele>467</ele></trkpt>
      <trkpt lat="47.500318" lon="18.970363"><ele>468</ele></trkpt>
      <trkpt lat="47.500346" lon="18.970229"><ele>467</ele></trkpt>
      <trkpt lat="47.500434" lon="18.970187"><ele>464</ele></trkpt>
      <trkpt lat="47.500523" lon="18.970159"><ele>464</ele></trkpt>
      <trkpt lat="47.500613" lon="18.970139"><ele>465</ele></trkpt>
      <trkpt lat="47.500701" lon="18.970183"><ele>465</ele></trkpt>
      <trkpt lat="47.500804" lon="18.970173"><ele>465</ele></trkpt>
      <trkpt lat="47.500869" lon="18.970077"><ele>465</ele></trkpt>
      <trkpt lat="47.50093" lon="18.969972"><ele>465</ele></trkpt>
      <trkpt lat="47.500988" lon="18.969847"><ele>465</ele></trkpt>
      <trkpt lat="47.501059" lon="18.96976"><ele>466</ele></trkpt>
      <trkpt lat="47.501131" lon="18.969664"><ele>466</ele></trkpt>
      <trkpt lat="47.501185" lon="18.969553"><ele>466</ele></trkpt>
      <trkpt lat="47.501269" lon="18.969479"><ele>466</ele></trkpt>
      <trkpt lat="47.501329" lon="18.969373"><ele>464</ele></trkpt>
      <trkpt lat="47.501391" lon="18.969276"><ele>465</ele></trkpt>
      <trkpt lat="47.501444" lon="18.969155"><ele>465</ele></trkpt>
      <trkpt lat="47.501543" lon="18.969155"><ele>465</ele></trkpt>
      <trkpt lat="47.501598" lon="18.969038"><ele>465</ele></trkpt>
      <trkpt lat="47.501653" lon="18.968929"><ele>465</ele></trkpt>
      <trkpt lat="47.501733" lon="18.968858"><ele>465</ele></trkpt>
      <trkpt lat="47.50183" lon="18.968846"><ele>465</ele></trkpt>
      <trkpt lat="47.501924" lon="18.968795"><ele>465</ele></trkpt>
      <trkpt lat="47.502009" lon="18.968742"><ele>466</ele></trkpt>
      <trkpt lat="47.502089" lon="18.968665"><ele>466</ele></trkpt>
      <trkpt lat="47.502166" lon="18.968593"><ele>466</ele></trkpt>
      <trkpt lat="47.502246" lon="18.968529"><ele>466</ele></trkpt>
      <trkpt lat="47.50233" lon="18.968476"><ele>466</ele></trkpt>
      <trkpt lat="47.502416" lon="18.968428"><ele>466</ele></trkpt>
      <trkpt lat="47.5025" lon="18.968376"><ele>466</ele></trkpt>
      <trkpt lat="47.502576" lon="18.968301"><ele>466</ele></trkpt>
      <trkpt lat="47.50263" lon="18.968181"><ele>468</ele></trkpt>
      <trkpt lat="47.502683" lon="18.968067"><ele>468</ele></trkpt>
      <trkpt lat="47.502739" lon="18.967963"><ele>469</ele></trkpt>
      <trkpt lat="47.502784" lon="18.967832"><ele>470</ele></trkpt>
      <trkpt lat="47.502813" lon="18.967704"><ele>471</ele></trkpt>
      <trkpt lat="47.502568" lon="18.965655"><ele>466</ele></trkpt>
      <trkpt lat="47.502644" lon="18.965565"><ele>466</ele></trkpt>
      <trkpt lat="47.502716" lon="18.965475"><ele>466</ele></trkpt>
      <trkpt lat="47.502783" lon="18.965378"><ele>465</ele></trkpt>
      <trkpt lat="47.502875" lon="18.965334"><ele>466</ele></trkpt>
      <trkpt lat="47.50294" lon="18.965235"><ele>465</ele></trkpt>
      <trkpt lat="47.503011" lon="18.965125"><ele>465</ele></trkpt>
      <trkpt lat="47.503068" lon="18.965005"><ele>464</ele></trkpt>
      <trkpt lat="47.503149" lon="18.964942"><ele>465</ele></trkpt>
      <trkpt lat="47.503223" lon="18.964861"><ele>464</ele></trkpt>
      <trkpt lat="47.503292" lon="18.964768"><ele>464</ele></trkpt>
      <trkpt lat="47.503357" lon="18.964676"><ele>464</ele></trkpt>
      <trkpt lat="47.503438" lon="18.9646"><ele>463</ele></trkpt>
      <trkpt lat="47.503537" lon="18.964587"><ele>463</ele></trkpt>
      <trkpt lat="47.503626" lon="18.964543"><ele>463</ele></trkpt>
      <trkpt lat="47.503708" lon="18.96447"><ele>461</ele></trkpt>
      <trkpt lat="47.503784" lon="18.964386"><ele>462</ele></trkpt>
      <trkpt lat="47.50386" lon="18.964315"><ele>461</ele></trkpt>
      <trkpt lat="47.503927" lon="18.964214"><ele>460</ele></trkpt>
      <trkpt lat="47.503976" lon="18.964103"><ele>460</ele></trkpt>
      <trkpt lat="47.504035" lon="18.963998"><ele>459</ele></trkpt>
      <trkpt lat="47.504109" lon="18.963922"><ele>459</ele></trkpt>
      <trkpt lat="47.504187" lon="18.963851"><ele>458</ele></trkpt>
      <trkpt lat="47.504263" lon="18.963756"><ele>457</ele></trkpt>
      <trkpt lat="47.504317" lon="18.963643"><ele>458</ele></trkpt>
      <trkpt lat="47.50437" lon="18.963536"><ele>457</ele></trkpt>
      <trkpt lat="47.504445" lon="18.963452"><ele>457</ele></trkpt>
      <trkpt lat="47.504525" lon="18.963375"><ele>457</ele></trkpt>
      <trkpt lat="47.504603" lon="18.963296"><ele>457</ele></trkpt>
      <trkpt lat="47.504676" lon="18.963206"><ele>457</ele></trkpt>
      <trkpt lat="47.504745" lon="18.963109"><ele>457</ele></trkpt>
      <trkpt lat="47.504798" lon="18.962996"><ele>456</ele></trkpt>
      <trkpt lat="47.504831" lon="18.96287"><ele>456</ele></trkpt>
      <trkpt lat="47.504907" lon="18.962791"><ele>456</ele></trkpt>
      <trkpt lat="47.504968" lon="18.962684"><ele>456</ele></trkpt>
      <trkpt lat="47.505038" lon="18.962593"><ele>456</ele></trkpt>
      <trkpt lat="47.505111" lon="18.962512"><ele>456</ele></trkpt>
      <trkpt lat="47.505198" lon="18.962467"><ele>456</ele></trkpt>
      <trkpt lat="47.505263" lon="18.962359"><ele>455</ele></trkpt>
      <trkpt lat="47.505309" lon="18.962245"><ele>455</ele></trkpt>
      <trkpt lat="47.505364" lon="18.96213"><ele>455</ele></trkpt>
      <trkpt lat="47.505404" lon="18.962008"><ele>455</ele></trkpt>
      <trkpt lat="47.505452" lon="18.961882"><ele>454</ele></trkpt>
      <trkpt lat="47.505521" lon="18.961796"><ele>454</ele></trkpt>
      <trkpt lat="47.505588" lon="18.961696"><ele>454</ele></trkpt>
      <trkpt lat="47.505646" lon="18.961592"><ele>453</ele></trkpt>
      <trkpt lat="47.505687" lon="18.961469"><ele>454</ele></trkpt>
      <trkpt lat="47.505711" lon="18.961335"><ele>453</ele></trkpt>
      <trkpt lat="47.50577" lon="18.96123"><ele>453</ele></trkpt>
      <trkpt lat="47.505832" lon="18.961128"><ele>453</ele></trkpt>
      <trkpt lat="47.505882" lon="18.961017"><ele>453</ele></trkpt>
      <trkpt lat="47.505944" lon="18.960908"><ele>453</ele></trkpt>
      <trkpt lat="47.506014" lon="18.960809"><ele>453</ele></trkpt>
      <trkpt lat="47.506076" lon="18.960706"><ele>453</ele></trkpt>
      <trkpt lat="47.506145" lon="18.960615"><ele>453</ele></trkpt>
      <trkpt lat="47.506208" lon="18.960506"><ele>453</ele></trkpt>
      <trkpt lat="47.506282" lon="18.96042"><ele>453</ele></trkpt>
      <trkpt lat="47.506349" lon="18.96033"><ele>453</ele></trkpt>
      <trkpt lat="47.50643" lon="18.960269"><ele>453</ele></trkpt>
      <trkpt lat="47.506514" lon="18.960203"><ele>454</ele></trkpt>
      <trkpt lat="47.506609" lon="18.960143"><ele>454</ele></trkpt>
      <trkpt lat="47.506689" lon="18.960076"><ele>454</ele></trkpt>
      <trkpt lat="47.506763" lon="18.959995"><ele>455</ele></trkpt>
      <trkpt lat="47.506849" lon="18.959943"><ele>455</ele></trkpt>
      <trkpt lat="47.506918" lon="18.959856"><ele>456</ele></trkpt>
      <trkpt lat="47.506991" lon="18.959772"><ele>456</ele></trkpt>
      <trkpt lat="47.507055" lon="18.959676"><ele>456</ele></trkpt>
      <trkpt lat="47.507128" lon="18.959589"><ele>457</ele></trkpt>
      <trkpt lat="47.507218" lon="18.959536"><ele>457</ele></trkpt>
      <trkpt lat="47.50729" lon="18.959449"><ele>458</ele></trkpt>
      <trkpt lat="47.507358" lon="18.959361"><ele>458</ele></trkpt>
      <trkpt lat="47.50743" lon="18.959267"><ele>459</ele></trkpt>
      <trkpt lat="47.507513" lon="18.959198"><ele>459</ele></trkpt>
      <trkpt lat="47.507586" lon="18.959118"><ele>460</ele></trkpt>
      <trkpt lat="47.507637" lon="18.959003"><ele>460</ele></trkpt>
      <trkpt lat="47.507676" lon="18.958877"><ele>460</ele></trkpt>
      <trkpt lat="47.507708" lon="18.958745"><ele>460</ele></trkpt>
      <trkpt lat="47.507739" lon="18.958619"><ele>460</ele></trkpt>
      <trkpt lat="47.507728" lon="18.958486"><ele>461</ele></trkpt>
      <trkpt lat="47.507755" lon="18.958348"><ele>460</ele></trkpt>
      <trkpt lat="47.507771" lon="18.958215"><ele>460</ele></trkpt>
      <trkpt lat="47.507809" lon="18.958093"><ele>461</ele></trkpt>
      <trkpt lat="47.507866" lon="18.95799"><ele>461</ele></trkpt>
      <trkpt lat="47.507895" lon="18.957861"><ele>461</ele></trkpt>
      <trkpt lat="47.507945" lon="18.957747"><ele>462</ele></trkpt>
      <trkpt lat="47.507994" lon="18.957624"><ele>463</ele></trkpt>
      <trkpt lat="47.508021" lon="18.957491"><ele>464</ele></trkpt>
      <trkpt lat="47.508071" lon="18.957371"><ele>463</ele></trkpt>
      <trkpt lat="47.508144" lon="18.957291"><ele>464</ele></trkpt>
      <trkpt lat="47.508226" lon="18.957227"><ele>464</ele></trkpt>
      <trkpt lat="47.508307" lon="18.957152"><ele>464</ele></trkpt>
      <trkpt lat="47.508378" lon="18.957063"><ele>465</ele></trkpt>
      <trkpt lat="47.508447" lon="18.956961"><ele>465</ele></trkpt>
      <trkpt lat="47.508521" lon="18.956868"><ele>465</ele></trkpt>
      <trkpt lat="47.508562" lon="18.956744"><ele>464</ele></trkpt>
      <trkpt lat="47.50862" lon="18.956642"><ele>463</ele></trkpt>
      <trkpt lat="47.508692" lon="18.956543"><ele>463</ele></trkpt>
      <trkpt lat="47.508767" lon="18.956465"><ele>463</ele></trkpt>
      <trkpt lat="47.50885" lon="18.956409"><ele>464</ele></trkpt>
      <trkpt lat="47.508934" lon="18.956343"><ele>464</ele></trkpt>
      <trkpt lat="47.509027" lon="18.956318"><ele>464</ele></trkpt>
      <trkpt lat="47.509117" lon="18.956278"><ele>463</ele></trkpt>
      <trkpt lat="47.509205" lon="18.956244"><ele>464</ele></trkpt>
      <trkpt lat="47.509292" lon="18.956206"><ele>465</ele></trkpt>
      <trkpt lat="47.509385" lon="18.956181"><ele>464</ele></trkpt>
      <trkpt lat="47.509477" lon="18.956197"><ele>465</ele></trkpt>
      <trkpt lat="47.509569" lon="18.956212"><ele>466</ele></trkpt>
      <trkpt lat="47.509654" lon="18.956251"><ele>465</ele></trkpt>
      <trkpt lat="47.509743" lon="18.956283"><ele>465</ele></trkpt>
      <trkpt lat="47.509839" lon="18.956303"><ele>466</ele></trkpt>
      <trkpt lat="47.509939" lon="18.956298"><ele>466</ele></trkpt>
      <trkpt lat="47.510035" lon="18.956303"><ele>464</ele></trkpt>
      <trkpt lat="47.510126" lon="18.956312"><ele>465</ele></trkpt>
      <trkpt lat="47.510223" lon="18.956331"><ele>464</ele></trkpt>
      <trkpt lat="47.510325" lon="18.956374"><ele>465</ele></trkpt>
      <trkpt lat="47.510419" lon="18.956378"><ele>466</ele></trkpt>
      <trkpt lat="47.510509" lon="18.95642"><ele>466</ele></trkpt>
      <trkpt lat="47.510583" lon="18.956496"><ele>467</ele></trkpt>
      <trkpt lat="47.510673" lon="18.956501"><ele>468</ele></trkpt>
      <trkpt lat="47.510762" lon="18.956558"><ele>470</ele></trkpt>
      <trkpt lat="47.510848" lon="18.956607"><ele>471</ele></trkpt>
      <trkpt lat="47.510931" lon="18.956673"><ele>472</ele></trkpt>
      <trkpt lat="47.511006" lon="18.956747"><ele>473</ele></trkpt>
      <trkpt lat="47.511066" lon="18.95685"><ele>475</ele></trkpt>
      <trkpt lat="47.511163" lon="18.956826"><ele>476</ele></trkpt>
      <trkpt lat="47.511252" lon="18.956803"><ele>477</ele></trkpt>
      <trkpt lat="47.511346" lon="18.956791"><ele>476</ele></trkpt>
      <trkpt lat="47.511439" lon="18.956823"><ele>477</ele></trkpt>
      <trkpt lat="47.511521" lon="18.95688"><ele>478</ele></trkpt>
      <trkpt lat="47.511608" lon="18.956925"><ele>480</ele></trkpt>
      <trkpt lat="47.511698" lon="18.956945"><ele>481</ele></trkpt>
      <trkpt lat="47.511789" lon="18.956967"><ele>481</ele></trkpt>
      <trkpt lat="47.511882" lon="18.956994"><ele>482</ele></trkpt>
      <trkpt lat="47.511975" lon="18.957008"><ele>483</ele></trkpt>
      <trkpt lat="47.512064" lon="18.957033"><ele>483</ele></trkpt>
      <trkpt lat="47.512154" lon="18.957046"><ele>484</ele></trkpt>
      <trkpt lat="47.512246" lon="18.95705"><ele>485</ele></trkpt>
      <trkpt lat="47.512343" lon="18.957061"><ele>486</ele></trkpt>
      <trkpt lat="47.512435" lon="18.957059"><ele>487</ele></trkpt>
      <trkpt lat="47.512527" lon="18.957081"><ele>486</ele></trkpt>
      <trkpt lat="47.512612" lon="18.957129"><ele>487</ele></trkpt>
      <trkpt lat="47.512704" lon="18.957133"><ele>489</ele></trkpt>
      <trkpt lat="47.512795" lon="18.957153"><ele>488</ele></trkpt>
      <trkpt lat="47.51288" lon="18.957216"><ele>489</ele></trkpt>
      <trkpt lat="47.512971" lon="18.95724"><ele>490</ele></trkpt>
      <trkpt lat="47.513066" lon="18.957251"><ele>489</ele></trkpt>
      <trkpt lat="47.513157" lon="18.957291"><ele>490</ele></trkpt>
      <trkpt lat="47.513244" lon="18.957345"><ele>491</ele></trkpt>
      <trkpt lat="47.513327" lon="18.957396"><ele>491</ele></trkpt>
      <trkpt lat="47.513405" lon="18.957468"><ele>491</ele></trkpt>
      <trkpt lat="47.513494" lon="18.957498"><ele>492</ele></trkpt>
      <trkpt lat="47.513583" lon="18.957526"><ele>492</ele></trkpt>
      <trkpt lat="47.513669" lon="18.957573"><ele>493</ele></trkpt>
      <trkpt lat="47.513758" lon="18.957611"><ele>493</ele></trkpt>
      <trkpt lat="47.513845" lon="18.957662"><ele>493</ele></trkpt>
      <trkpt lat="47.513923" lon="18.957737"><ele>494</ele></trkpt>
      <trkpt lat="47.514004" lon="18.957802"><ele>495</ele></trkpt>
      <trkpt lat="47.514085" lon="18.95788"><ele>495</ele></trkpt>
      <trkpt lat="47.514167" lon="18.957935"><ele>496</ele></trkpt>
      <trkpt lat="47.514249" lon="18.958004"><ele>495</ele></trkpt>
      <trkpt lat="47.51433" lon="18.958068"><ele>496</ele></trkpt>
      <trkpt lat="47.514408" lon="18.958146"><ele>496</ele></trkpt>
      <trkpt lat="47.51448" lon="18.958233"><ele>495</ele></trkpt>
      <trkpt lat="47.514554" lon="18.958328"><ele>496</ele></trkpt>
      <trkpt lat="47.514626" lon="18.958414"><ele>495</ele></trkpt>
      <trkpt lat="47.514701" lon="18.958494"><ele>495</ele></trkpt>
      <trkpt lat="47.514788" lon="18.958553"><ele>494</ele></trkpt>
      <trkpt lat="47.514875" lon="18.958619"><ele>494</ele></trkpt>
      <trkpt lat="47.514959" lon="18.958702"><ele>493</ele></trkpt>
      <trkpt lat="47.515036" lon="18.958781"><ele>493</ele></trkpt>
      <trkpt lat="47.51511" lon="18.958862"><ele>493</ele></trkpt>
      <trkpt lat="47.515166" lon="18.958972"><ele>492</ele></trkpt>
      <trkpt lat="47.515209" lon="18.959099"><ele>492</ele></trkpt>
      <trkpt lat="47.515256" lon="18.959223"><ele>491</ele></trkpt>
      <trkpt lat="47.515296" lon="18.959345"><ele>491</ele></trkpt>
      <trkpt lat="47.515333" lon="18.959467"><ele>490</ele></trkpt>
      <trkpt lat="47.515388" lon="18.959577"><ele>490</ele></trkpt>
      <trkpt lat="47.515472" lon="18.95964"><ele>490</ele></trkpt>
      <trkpt lat="47.515565" lon="18.959719"><ele>488</ele></trkpt>
      <trkpt lat="47.515615744888706" lon="18.959893787687633"><ele>488</ele></trkpt>
      <trkpt lat="47.515617" lon="18.959894"><ele>489</ele></trkpt>
      <trkpt lat="47.515659" lon="18.959745"><ele>490.5</ele></trkpt>
      <trkpt lat="47.515843" lon="18.959729"><ele>490.25</ele></trkpt>
      <trkpt lat="47.516039" lon="18.959693"><ele>489</ele></trkpt>
      <trkpt lat="47.516041" lon="18.959691"><ele>488.75</ele></trkpt>
      <trkpt lat="47.516076" lon="18.959801"><ele>481</ele></trkpt>
      <trkpt lat="47.516155" lon="18.959734"><ele>481</ele></trkpt>
      <trkpt lat="47.516229" lon="18.95965"><ele>480</ele></trkpt>
      <trkpt lat="47.516264" lon="18.959524"><ele>479</ele></trkpt>
      <trkpt lat="47.516319" lon="18.959418"><ele>479</ele></trkpt>
      <trkpt lat="47.516388" lon="18.959326"><ele>477</ele></trkpt>
      <trkpt lat="47.516468" lon="18.959243"><ele>476</ele></trkpt>
      <trkpt lat="47.516554" lon="18.959197"><ele>474</ele></trkpt>
      <trkpt lat="47.516648" lon="18.959168"><ele>473</ele></trkpt>
      <trkpt lat="47.516723" lon="18.959091"><ele>472</ele></trkpt>
      <trkpt lat="47.516787" lon="18.958993"><ele>471</ele></trkpt>
      <trkpt lat="47.516853" lon="18.958891"><ele>469</ele></trkpt>
      <trkpt lat="47.516917" lon="18.958792"><ele>469</ele></trkpt>
      <trkpt lat="47.51697" lon="18.958678"><ele>467</ele></trkpt>
      <trkpt lat="47.517033" lon="18.958582"><ele>467</ele></trkpt>
      <trkpt lat="47.517091" lon="18.958472"><ele>466</ele></trkpt>
      <trkpt lat="47.517157" lon="18.958375"><ele>466</ele></trkpt>
      <trkpt lat="47.51722" lon="18.958274"><ele>466</ele></trkpt>
      <trkpt lat="47.517248" lon="18.958147"><ele>465</ele></trkpt>
      <trkpt lat="47.517291" lon="18.958022"><ele>464</ele></trkpt>
      <trkpt lat="47.517345" lon="18.957914"><ele>464</ele></trkpt>
      <trkpt lat="47.517403" lon="18.957801"><ele>461</ele></trkpt>
      <trkpt lat="47.517468" lon="18.957702"><ele>461</ele></trkpt>
      <trkpt lat="47.51752" lon="18.95758"><ele>460</ele></trkpt>
      <trkpt lat="47.517568" lon="18.957466"><ele>459</ele></trkpt>
      <trkpt lat="47.517639" lon="18.957376"><ele>458</ele></trkpt>
      <trkpt lat="47.517702" lon="18.957275"><ele>457</ele></trkpt>
      <trkpt lat="47.517769" lon="18.95718"><ele>457</ele></trkpt>
      <trkpt lat="47.51782" lon="18.957063"><ele>456</ele></trkpt>
      <trkpt lat="47.51789" lon="18.956972"><ele>455</ele></trkpt>
      <trkpt lat="47.517942" lon="18.956858"><ele>454</ele></trkpt>
      <trkpt lat="47.518026" lon="18.956806"><ele>453</ele></trkpt>
      <trkpt lat="47.518113" lon="18.956767"><ele>453</ele></trkpt>
      <trkpt lat="47.518191" lon="18.956692"><ele>453</ele></trkpt>
      <trkpt lat="47.518275" lon="18.956629"><ele>453</ele></trkpt>
      <trkpt lat="47.518356" lon="18.956565"><ele>453</ele></trkpt>
      <trkpt lat="47.518435" lon="18.956465"><ele>453</ele></trkpt>
      <trkpt lat="47.518508" lon="18.956381"><ele>452</ele></trkpt>
      <trkpt lat="47.518582" lon="18.956303"><ele>452</ele></trkpt>
      <trkpt lat="47.518659" lon="18.956227"><ele>452</ele></trkpt>
      <trkpt lat="47.518723" lon="18.956123"><ele>452</ele></trkpt>
      <trkpt lat="47.518804" lon="18.956046"><ele>452</ele></trkpt>
      <trkpt lat="47.518892" lon="18.955996"><ele>452</ele></trkpt>
      <trkpt lat="47.518976" lon="18.955942"><ele>452</ele></trkpt>
      <trkpt lat="47.51906" lon="18.955887"><ele>451</ele></trkpt>
      <trkpt lat="47.519142" lon="18.955823"><ele>451</ele></trkpt>
      <trkpt lat="47.519218" lon="18.955742"><ele>450</ele></trkpt>
      <trkpt lat="47.519289" lon="18.955661"><ele>451</ele></trkpt>
      <trkpt lat="47.519361" lon="18.955577"><ele>450</ele></trkpt>
      <trkpt lat="47.519443" lon="18.955508"><ele>449</ele></trkpt>
      <trkpt lat="47.519514" lon="18.955422"><ele>447</ele></trkpt>
      <trkpt lat="47.519593" lon="18.955355"><ele>446</ele></trkpt>
      <trkpt lat="47.519662" lon="18.955261"><ele>446</ele></trkpt>
      <trkpt lat="47.519729" lon="18.955168"><ele>445</ele></trkpt>
      <trkpt lat="47.519829" lon="18.955073"><ele>442</ele></trkpt>
      <trkpt lat="47.519898" lon="18.954983"><ele>441</ele></trkpt>
      <trkpt lat="47.519965" lon="18.954892"><ele>440</ele></trkpt>
      <trkpt lat="47.52005" lon="18.954826"><ele>438</ele></trkpt>
      <trkpt lat="47.520106" lon="18.95472"><ele>437</ele></trkpt>
      <trkpt lat="47.520169" lon="18.954616"><ele>435</ele></trkpt>
      <trkpt lat="47.520252" lon="18.954557"><ele>435</ele></trkpt>
      <trkpt lat="47.520323" lon="18.954474"><ele>433</ele></trkpt>
      <trkpt lat="47.520393" lon="18.954373"><ele>432</ele></trkpt>
      <trkpt lat="47.520462" lon="18.954286"><ele>431</ele></trkpt>
      <trkpt lat="47.520555" lon="18.954222"><ele>431</ele></trkpt>
      <trkpt lat="47.520629" lon="18.954144"><ele>430</ele></trkpt>
      <trkpt lat="47.520702" lon="18.954051"><ele>429</ele></trkpt>
      <trkpt lat="47.520776" lon="18.953971"><ele>428</ele></trkpt>
      <trkpt lat="47.520833" lon="18.953866"><ele>427</ele></trkpt>
      <trkpt lat="47.520863" lon="18.953736"><ele>424</ele></trkpt>
      <trkpt lat="47.520781" lon="18.95368"><ele>423</ele></trkpt>
      <trkpt lat="47.520688" lon="18.953688"><ele>422</ele></trkpt>
      <trkpt lat="47.520598" lon="18.953695"><ele>422</ele></trkpt>
      <trkpt lat="47.520508" lon="18.953723"><ele>421</ele></trkpt>
      <trkpt lat="47.520415" lon="18.953728"><ele>421</ele></trkpt>
      <trkpt lat="47.520318" lon="18.953723"><ele>421</ele></trkpt>
      <trkpt lat="47.520225" lon="18.95374"><ele>421</ele></trkpt>
      <trkpt lat="47.520129" lon="18.953755"><ele>419</ele></trkpt>
      <trkpt lat="47.520036" lon="18.953743"><ele>419</ele></trkpt>
      <trkpt lat="47.519951" lon="18.953697"><ele>419</ele></trkpt>
      <trkpt lat="47.519871" lon="18.953629"><ele>417</ele></trkpt>
      <trkpt lat="47.519785" lon="18.953483"><ele>415</ele></trkpt>
      <trkpt lat="47.519813" lon="18.953205"><ele>412</ele></trkpt>
      <trkpt lat="47.51988" lon="18.953111"><ele>411</ele></trkpt>
      <trkpt lat="47.519931" lon="18.953"><ele>409</ele></trkpt>
      <trkpt lat="47.519909" lon="18.952573"><ele>403</ele></trkpt>
      <trkpt lat="47.51991" lon="18.952434"><ele>401</ele></trkpt>
      <trkpt lat="47.519916" lon="18.952296"><ele>401</ele></trkpt>
      <trkpt lat="47.519919" lon="18.952156"><ele>400</ele></trkpt>
      <trkpt lat="47.519917" lon="18.952021"><ele>399</ele></trkpt>
      <trkpt lat="47.519917" lon="18.951884"><ele>398</ele></trkpt>
      <trkpt lat="47.519923" lon="18.951738"><ele>397</ele></trkpt>
      <trkpt lat="47.519968" lon="18.951608"><ele>397</ele></trkpt>
      <trkpt lat="47.520002" lon="18.951482"><ele>397</ele></trkpt>
      <trkpt lat="47.520061" lon="18.951377"><ele>396</ele></trkpt>
      <trkpt lat="47.520101" lon="18.951256"><ele>397</ele></trkpt>
      <trkpt lat="47.520158" lon="18.951144"><ele>397</ele></trkpt>
      <trkpt lat="47.520213" lon="18.951031"><ele>396</ele></trkpt>
      <trkpt lat="47.520289" lon="18.950949"><ele>397</ele></trkpt>
      <trkpt lat="47.520381" lon="18.950925"><ele>397</ele></trkpt>
      <trkpt lat="47.520469" lon="18.950968"><ele>396</ele></trkpt>
      <trkpt lat="47.520564" lon="18.950968"><ele>395</ele></trkpt>
      <trkpt lat="47.520663" lon="18.950987"><ele>394</ele></trkpt>
      <trkpt lat="47.52074" lon="18.950913"><ele>393</ele></trkpt>
      <trkpt lat="47.520827" lon="18.95087"><ele>392</ele></trkpt>
      <trkpt lat="47.520916" lon="18.950847"><ele>392</ele></trkpt>
      <trkpt lat="47.52101" lon="18.950825"><ele>391</ele></trkpt>
      <trkpt lat="47.521096" lon="18.950771"><ele>390</ele></trkpt>
      <trkpt lat="47.521183" lon="18.950725"><ele>389</ele></trkpt>
      <trkpt lat="47.52127" lon="18.950676"><ele>388</ele></trkpt>
      <trkpt lat="47.52136" lon="18.950617"><ele>387</ele></trkpt>
      <trkpt lat="47.521435" lon="18.950535"><ele>386</ele></trkpt>
      <trkpt lat="47.521514" lon="18.950467"><ele>385</ele></trkpt>
      <trkpt lat="47.521598" lon="18.950408"><ele>384</ele></trkpt>
      <trkpt lat="47.521677" lon="18.950343"><ele>383</ele></trkpt>
      <trkpt lat="47.521767" lon="18.950312"><ele>382</ele></trkpt>
      <trkpt lat="47.521828" lon="18.95021"><ele>381</ele></trkpt>
      <trkpt lat="47.521876" lon="18.950094"><ele>380</ele></trkpt>
      <trkpt lat="47.521927" lon="18.949977"><ele>377</ele></trkpt>
      <trkpt lat="47.521943" lon="18.94984"><ele>375</ele></trkpt>
      <trkpt lat="47.521982" lon="18.949718"><ele>373</ele></trkpt>
      <trkpt lat="47.522007" lon="18.949581"><ele>372</ele></trkpt>
      <trkpt lat="47.52201" lon="18.949446"><ele>372</ele></trkpt>
      <trkpt lat="47.521952" lon="18.949341"><ele>369</ele></trkpt>
      <trkpt lat="47.521938" lon="18.949209"><ele>368</ele></trkpt>
      <trkpt lat="47.52197" lon="18.94908"><ele>367</ele></trkpt>
      <trkpt lat="47.522005" lon="18.948952"><ele>366</ele></trkpt>
      <trkpt lat="47.522052" lon="18.948832"><ele>365</ele></trkpt>
      <trkpt lat="47.522093" lon="18.948711"><ele>364</ele></trkpt>
      <trkpt lat="47.522141" lon="18.948594"><ele>363</ele></trkpt>
      <trkpt lat="47.5222" lon="18.948491"><ele>361</ele></trkpt>
      <trkpt lat="47.522267" lon="18.948397"><ele>359</ele></trkpt>
      <trkpt lat="47.522339" lon="18.948315"><ele>358</ele></trkpt>
      <trkpt lat="47.522378" lon="18.948193"><ele>357</ele></trkpt>
      <trkpt lat="47.522425" lon="18.948071"><ele>357</ele></trkpt>
      <trkpt lat="47.522465" lon="18.947951"><ele>356</ele></trkpt>
      <trkpt lat="47.52251" lon="18.947834"><ele>356</ele></trkpt>
      <trkpt lat="47.522569" lon="18.947732"><ele>355</ele></trkpt>
      <trkpt lat="47.52263" lon="18.947634"><ele>354</ele></trkpt>
      <trkpt lat="47.522695" lon="18.947539"><ele>353</ele></trkpt>
      <trkpt lat="47.522768" lon="18.947446"><ele>352</ele></trkpt>
      <trkpt lat="47.522819" lon="18.947327"><ele>351</ele></trkpt>
      <trkpt lat="47.522852" lon="18.947185"><ele>351</ele></trkpt>
      <trkpt lat="47.52288" lon="18.947059"><ele>351</ele></trkpt>
      <trkpt lat="47.522931" lon="18.946945"><ele>349</ele></trkpt>
      <trkpt lat="47.522991" lon="18.94684"><ele>349</ele></trkpt>
      <trkpt lat="47.523043" lon="18.94673"><ele>348</ele></trkpt>
      <trkpt lat="47.523095" lon="18.946611"><ele>347</ele></trkpt>
      <trkpt lat="47.523153" lon="18.946506"><ele>347</ele></trkpt>
      <trkpt lat="47.523234" lon="18.946438"><ele>347</ele></trkpt>
      <trkpt lat="47.523318" lon="18.946384"><ele>346</ele></trkpt>
      <trkpt lat="47.523385" lon="18.946292"><ele>345</ele></trkpt>
      <trkpt lat="47.523445" lon="18.94619"><ele>345</ele></trkpt>
      <trkpt lat="47.523498" lon="18.946072"><ele>345</ele></trkpt>
      <trkpt lat="47.52355" lon="18.945956"><ele>344</ele></trkpt>
      <trkpt lat="47.523587" lon="18.945833"><ele>344</ele></trkpt>
      <trkpt lat="47.523633" lon="18.94571"><ele>342</ele></trkpt>
      <trkpt lat="47.52368" lon="18.945589"><ele>342</ele></trkpt>
      <trkpt lat="47.523737" lon="18.945483"><ele>341</ele></trkpt>
      <trkpt lat="47.523777" lon="18.945353"><ele>341</ele></trkpt>
      <trkpt lat="47.523823" lon="18.945236"><ele>340</ele></trkpt>
      <trkpt lat="47.523878" lon="18.945121"><ele>341</ele></trkpt>
      <trkpt lat="47.523955" lon="18.945042"><ele>340</ele></trkpt>
      <trkpt lat="47.52404" lon="18.944987"><ele>340</ele></trkpt>
      <trkpt lat="47.524133" lon="18.944967"><ele>341</ele></trkpt>
      <trkpt lat="47.524207" lon="18.945051"><ele>340</ele></trkpt>
      <trkpt lat="47.524252" lon="18.945168"><ele>341</ele></trkpt>
      <trkpt lat="47.524285" lon="18.945303"><ele>340</ele></trkpt>
      <trkpt lat="47.52434" lon="18.945415"><ele>342</ele></trkpt>
      <trkpt lat="47.524379" lon="18.945539"><ele>342</ele></trkpt>
      <trkpt lat="47.524441" lon="18.945648"><ele>342</ele></trkpt>
      <trkpt lat="47.5245" lon="18.94575"><ele>344</ele></trkpt>
      <trkpt lat="47.524555" lon="18.945858"><ele>343</ele></trkpt>
      <trkpt lat="47.524617" lon="18.945964"><ele>345</ele></trkpt>
      <trkpt lat="47.524686" lon="18.946066"><ele>345</ele></trkpt>
      <trkpt lat="47.524749" lon="18.946162"><ele>346</ele></trkpt>
      <trkpt lat="47.524802" lon="18.946274"><ele>347</ele></trkpt>
      <trkpt lat="47.524857" lon="18.946387"><ele>348</ele></trkpt>
      <trkpt lat="47.524916" lon="18.946487"><ele>348</ele></trkpt>
      <trkpt lat="47.524979" lon="18.946583"><ele>350</ele></trkpt>
      <trkpt lat="47.525046" lon="18.946674"><ele>350</ele></trkpt>
      <trkpt lat="47.525092" lon="18.946792"><ele>351</ele></trkpt>
      <trkpt lat="47.525149" lon="18.946896"><ele>352</ele></trkpt>
      <trkpt lat="47.525185" lon="18.947019"><ele>353</ele></trkpt>
      <trkpt lat="47.525212" lon="18.947149"><ele>354</ele></trkpt>
      <trkpt lat="47.525243" lon="18.947277"><ele>353</ele></trkpt>
      <trkpt lat="47.525282" lon="18.947407"><ele>354</ele></trkpt>
      <trkpt lat="47.525311" lon="18.947542"><ele>354</ele></trkpt>
      <trkpt lat="47.525343" lon="18.947666"><ele>355</ele></trkpt>
      <trkpt lat="47.52539" lon="18.947782"><ele>354</ele></trkpt>
      <trkpt lat="47.525439" lon="18.9479"><ele>354</ele></trkpt>
      <trkpt lat="47.525468" lon="18.948028"><ele>354</ele></trkpt>
      <trkpt lat="47.525506" lon="18.94815"><ele>355</ele></trkpt>
      <trkpt lat="47.525547" lon="18.948271"><ele>354</ele></trkpt>
      <trkpt lat="47.525601" lon="18.948384"><ele>355</ele></trkpt>
      <trkpt lat="47.525655" lon="18.948506"><ele>355</ele></trkpt>
      <trkpt lat="47.525716" lon="18.948605"><ele>356</ele></trkpt>
      <trkpt lat="47.52576" lon="18.948727"><ele>356</ele></trkpt>
      <trkpt lat="47.52583" lon="18.94881"><ele>356</ele></trkpt>
      <trkpt lat="47.525915" lon="18.948857"><ele>355</ele></trkpt>
      <trkpt lat="47.526006" lon="18.948871"><ele>360</ele></trkpt>
      <trkpt lat="47.526095" lon="18.948909"><ele>354</ele></trkpt>
      <trkpt lat="47.526181" lon="18.948956"><ele>356</ele></trkpt>
      <trkpt lat="47.526268" lon="18.949006"><ele>353</ele></trkpt>
      <trkpt lat="47.526361" lon="18.949042"><ele>354</ele></trkpt>
      <trkpt lat="47.52645" lon="18.949005"><ele>354</ele></trkpt>
      <trkpt lat="47.526559" lon="18.948838"><ele>349</ele></trkpt>
      <trkpt lat="47.526591" lon="18.948706"><ele>346</ele></trkpt>
      <trkpt lat="47.526632" lon="18.948582"><ele>344</ele></trkpt>
      <trkpt lat="47.526659" lon="18.948451"><ele>343</ele></trkpt>
      <trkpt lat="47.526617" lon="18.948334"><ele>342</ele></trkpt>
      <trkpt lat="47.526553" lon="18.948232"><ele>342</ele></trkpt>
      <trkpt lat="47.526598" lon="18.948108"><ele>342</ele></trkpt>
      <trkpt lat="47.52669" lon="18.948183"><ele>341</ele></trkpt>
      <trkpt lat="47.526868" lon="18.948132"><ele>337</ele></trkpt>
      <trkpt lat="47.527077" lon="18.948117"><ele>334</ele></trkpt>
      <trkpt lat="47.527558" lon="18.948077"><ele>325</ele></trkpt>
      <trkpt lat="47.527745" lon="18.948141"><ele>323</ele></trkpt>
      <trkpt lat="47.527921" lon="18.94823"><ele>322</ele></trkpt>
      <trkpt lat="47.528003" lon="18.948289"><ele>321</ele></trkpt>
      <trkpt lat="47.528092" lon="18.948258"><ele>321</ele></trkpt>
      <trkpt lat="47.528188" lon="18.948274"><ele>320</ele></trkpt>
      <trkpt lat="47.528281" lon="18.948252"><ele>319</ele></trkpt>
      <trkpt lat="47.528372" lon="18.94825"><ele>319</ele></trkpt>
      <trkpt lat="47.528463" lon="18.948215"><ele>318</ele></trkpt>
      <trkpt lat="47.528546" lon="18.948157"><ele>317</ele></trkpt>
      <trkpt lat="47.528625" lon="18.948082"><ele>317</ele></trkpt>
      <trkpt lat="47.528697" lon="18.947999"><ele>316</ele></trkpt>
      <trkpt lat="47.528766" lon="18.947897"><ele>316</ele></trkpt>
      <trkpt lat="47.528848" lon="18.947833"><ele>317</ele></trkpt>
      <trkpt lat="47.528924" lon="18.947757"><ele>317</ele></trkpt>
      <trkpt lat="47.529001" lon="18.947686"><ele>315</ele></trkpt>
      <trkpt lat="47.529066" lon="18.947591"><ele>315</ele></trkpt>
      <trkpt lat="47.529135" lon="18.947499"><ele>315</ele></trkpt>
      <trkpt lat="47.529204" lon="18.947409"><ele>315</ele></trkpt>
      <trkpt lat="47.529275" lon="18.947327"><ele>315</ele></trkpt>
      <trkpt lat="47.529343" lon="18.94724"><ele>314</ele></trkpt>
      <trkpt lat="47.529416" lon="18.94715"><ele>315</ele></trkpt>
      <trkpt lat="47.529488" lon="18.947055"><ele>315</ele></trkpt>
      <trkpt lat="47.529545" lon="18.94695"><ele>314</ele></trkpt>
      <trkpt lat="47.529619" lon="18.946859"><ele>314</ele></trkpt>
      <trkpt lat="47.529693" lon="18.946782"><ele>313</ele></trkpt>
      <trkpt lat="47.529765" lon="18.946693"><ele>313</ele></trkpt>
      <trkpt lat="47.529819" lon="18.946577"><ele>313</ele></trkpt>
      <trkpt lat="47.529876" lon="18.946469"><ele>313</ele></trkpt>
      <trkpt lat="47.529942" lon="18.946373"><ele>313</ele></trkpt>
      <trkpt lat="47.529989" lon="18.946243"><ele>313</ele></trkpt>
      <trkpt lat="47.530038" lon="18.946132"><ele>313</ele></trkpt>
      <trkpt lat="47.530088" lon="18.946009"><ele>313</ele></trkpt>
      <trkpt lat="47.53013" lon="18.945887"><ele>312</ele></trkpt>
      <trkpt lat="47.530184" lon="18.945775"><ele>312</ele></trkpt>
      <trkpt lat="47.530236" lon="18.945665"><ele>312</ele></trkpt>
      <trkpt lat="47.530295" lon="18.945555"><ele>312</ele></trkpt>
      <trkpt lat="47.530337" lon="18.945433"><ele>312</ele></trkpt>
      <trkpt lat="47.530392" lon="18.945322"><ele>312</ele></trkpt>
      <trkpt lat="47.530443" lon="18.945211"><ele>312</ele></trkpt>
      <trkpt lat="47.530487" lon="18.945085"><ele>312</ele></trkpt>
      <trkpt lat="47.530539" lon="18.944965"><ele>312</ele></trkpt>
      <trkpt lat="47.530596" lon="18.944853"><ele>313</ele></trkpt>
      <trkpt lat="47.530648" lon="18.944739"><ele>312</ele></trkpt>
      <trkpt lat="47.530703" lon="18.944629"><ele>312</ele></trkpt>
      <trkpt lat="47.530745" lon="18.944508"><ele>313</ele></trkpt>
      <trkpt lat="47.53079" lon="18.944379"><ele>312</ele></trkpt>
      <trkpt lat="47.530835" lon="18.944257"><ele>312</ele></trkpt>
      <trkpt lat="47.530895" lon="18.944157"><ele>312</ele></trkpt>
      <trkpt lat="47.530949" lon="18.944048"><ele>312</ele></trkpt>
      <trkpt lat="47.530995" lon="18.943933"><ele>312</ele></trkpt>
      <trkpt lat="47.53105" lon="18.943821"><ele>312</ele></trkpt>
      <trkpt lat="47.531105" lon="18.943714"><ele>311</ele></trkpt>
      <trkpt lat="47.531156" lon="18.943597"><ele>311</ele></trkpt>
      <trkpt lat="47.531227" lon="18.943501"><ele>311</ele></trkpt>
      <trkpt lat="47.531292" lon="18.943406"><ele>311</ele></trkpt>
      <trkpt lat="47.531361" lon="18.943317"><ele>310</ele></trkpt>
      <trkpt lat="47.531427" lon="18.943211"><ele>309</ele></trkpt>
      <trkpt lat="47.531512" lon="18.943156"><ele>309</ele></trkpt>
      <trkpt lat="47.531588" lon="18.943082"><ele>310</ele></trkpt>
      <trkpt lat="47.53166" lon="18.942994"><ele>309</ele></trkpt>
      <trkpt lat="47.531735" lon="18.942916"><ele>309</ele></trkpt>
      <trkpt lat="47.531807" lon="18.942834"><ele>309</ele></trkpt>
      <trkpt lat="47.531884" lon="18.942748"><ele>310</ele></trkpt>
      <trkpt lat="47.531958" lon="18.942665"><ele>309</ele></trkpt>
      <trkpt lat="47.532035" lon="18.942592"><ele>309</ele></trkpt>
      <trkpt lat="47.532107" lon="18.942506"><ele>309</ele></trkpt>
      <trkpt lat="47.532176" lon="18.942419"><ele>309</ele></trkpt>
      <trkpt lat="47.532259" lon="18.942347"><ele>309</ele></trkpt>
      <trkpt lat="47.532331" lon="18.942263"><ele>308</ele></trkpt>
      <trkpt lat="47.532408" lon="18.942191"><ele>309</ele></trkpt>
      <trkpt lat="47.532474" lon="18.942083"><ele>309</ele></trkpt>
      <trkpt lat="47.532592" lon="18.941879"><ele>306</ele></trkpt>
      <trkpt lat="47.532641" lon="18.941759"><ele>307</ele></trkpt>
      <trkpt lat="47.532699" lon="18.941647"><ele>305</ele></trkpt>
      <trkpt lat="47.532753" lon="18.94154"><ele>305</ele></trkpt>
      <trkpt lat="47.532805" lon="18.941419"><ele>305</ele></trkpt>
      <trkpt lat="47.532866" lon="18.941312"><ele>304</ele></trkpt>
      <trkpt lat="47.532918" lon="18.941204"><ele>304</ele></trkpt>
      <trkpt lat="47.532982" lon="18.941096"><ele>303</ele></trkpt>
      <trkpt lat="47.533033" lon="18.940985"><ele>303</ele></trkpt>
      <trkpt lat="47.533065" lon="18.940856"><ele>303</ele></trkpt>
      <trkpt lat="47.533128" lon="18.940756"><ele>302</ele></trkpt>
      <trkpt lat="47.533182" lon="18.940648"><ele>301</ele></trkpt>
      <trkpt lat="47.533235" lon="18.94054"><ele>301</ele></trkpt>
      <trkpt lat="47.533308" lon="18.940443"><ele>300</ele></trkpt>
      <trkpt lat="47.533398" lon="18.940457"><ele>299</ele></trkpt>
      <trkpt lat="47.533447" lon="18.940573"><ele>298</ele></trkpt>
      <trkpt lat="47.533527" lon="18.94065"><ele>297</ele></trkpt>
      <trkpt lat="47.533562" lon="18.940772"><ele>296</ele></trkpt>
      <trkpt lat="47.533623" lon="18.940876"><ele>296</ele></trkpt>
      <trkpt lat="47.533681" lon="18.940992"><ele>294</ele></trkpt>
      <trkpt lat="47.533716" lon="18.941116"><ele>294</ele></trkpt>
      <trkpt lat="47.53378" lon="18.94121"><ele>294</ele></trkpt>
      <trkpt lat="47.533831" lon="18.941324"><ele>293</ele></trkpt>
      <trkpt lat="47.533887" lon="18.941436"><ele>293</ele></trkpt>
      <trkpt lat="47.533945" lon="18.941544"><ele>292</ele></trkpt>
      <trkpt lat="47.534014" lon="18.941635"><ele>292</ele></trkpt>
      <trkpt lat="47.534089" lon="18.941714"><ele>292</ele></trkpt>
      <trkpt lat="47.534177" lon="18.941752"><ele>292</ele></trkpt>
      <trkpt lat="47.534268" lon="18.941761"><ele>292</ele></trkpt>
      <trkpt lat="47.53436" lon="18.941737"><ele>292</ele></trkpt>
      <trkpt lat="47.534451" lon="18.94171"><ele>292</ele></trkpt>
      <trkpt lat="47.534537" lon="18.94165"><ele>292</ele></trkpt>
      <trkpt lat="47.534624" lon="18.94159"><ele>292</ele></trkpt>
      <trkpt lat="47.534659" lon="18.941464"><ele>292</ele></trkpt>
      <trkpt lat="47.53469" lon="18.94134"><ele>293</ele></trkpt>
      <trkpt lat="47.534733" lon="18.941218"><ele>293</ele></trkpt>
      <trkpt lat="47.534771" lon="18.941087"><ele>293</ele></trkpt>
      <trkpt lat="47.534818" lon="18.94097"><ele>293</ele></trkpt>
      <trkpt lat="47.534866" lon="18.940848"><ele>293</ele></trkpt>
      <trkpt lat="47.534924" lon="18.940741"><ele>294</ele></trkpt>
      <trkpt lat="47.534983" lon="18.940632"><ele>293</ele></trkpt>
      <trkpt lat="47.535046" lon="18.940534"><ele>294</ele></trkpt>
      <trkpt lat="47.535074" lon="18.940396"><ele>294</ele></trkpt>
      <trkpt lat="47.535134" lon="18.940297"><ele>294</ele></trkpt>
      <trkpt lat="47.535183" lon="18.940179"><ele>294</ele></trkpt>
      <trkpt lat="47.535241" lon="18.940072"><ele>294</ele></trkpt>
      <trkpt lat="47.535299" lon="18.939952"><ele>294</ele></trkpt>
      <trkpt lat="47.535353" lon="18.939833"><ele>294</ele></trkpt>
      <trkpt lat="47.535406" lon="18.939718"><ele>294</ele></trkpt>
      <trkpt lat="47.535454" lon="18.939602"><ele>294</ele></trkpt>
      <trkpt lat="47.535499" lon="18.939483"><ele>295</ele></trkpt>
      <trkpt lat="47.53554" lon="18.939365"><ele>295</ele></trkpt>
      <trkpt lat="47.535603" lon="18.939258"><ele>295</ele></trkpt>
      <trkpt lat="47.535668" lon="18.93911"><ele>295</ele></trkpt>
      <trkpt lat="47.535722" lon="18.938997"><ele>295</ele></trkpt>
      <trkpt lat="47.535783" lon="18.938886"><ele>295</ele></trkpt>
      <trkpt lat="47.535831" lon="18.938769"><ele>295</ele></trkpt>
      <trkpt lat="47.535878" lon="18.93865"><ele>296</ele></trkpt>
      <trkpt lat="47.535923" lon="18.938533"><ele>295</ele></trkpt>
      <trkpt lat="47.535972" lon="18.938414"><ele>295</ele></trkpt>
      <trkpt lat="47.536009" lon="18.938285"><ele>295</ele></trkpt>
      <trkpt lat="47.536036" lon="18.938154"><ele>295</ele></trkpt>
      <trkpt lat="47.536057" lon="18.938018"><ele>296</ele></trkpt>
      <trkpt lat="47.536088" lon="18.937888"><ele>296</ele></trkpt>
      <trkpt lat="47.536097" lon="18.937747"><ele>296</ele></trkpt>
      <trkpt lat="47.536126" lon="18.937617"><ele>297</ele></trkpt>
      <trkpt lat="47.536153" lon="18.937489"><ele>297</ele></trkpt>
      <trkpt lat="47.536179" lon="18.937352"><ele>297</ele></trkpt>
      <trkpt lat="47.536212" lon="18.937216"><ele>298</ele></trkpt>
      <trkpt lat="47.53624" lon="18.937086"><ele>298</ele></trkpt>
      <trkpt lat="47.536259" lon="18.93694"><ele>298</ele></trkpt>
      <trkpt lat="47.536274" lon="18.936803"><ele>299</ele></trkpt>
      <trkpt lat="47.536316" lon="18.936675"><ele>299</ele></trkpt>
      <trkpt lat="47.536352" lon="18.936542"><ele>299</ele></trkpt>
      <trkpt lat="47.536387" lon="18.936408"><ele>298</ele></trkpt>
      <trkpt lat="47.53642" lon="18.936279"><ele>299</ele></trkpt>
      <trkpt lat="47.536464" lon="18.936161"><ele>299</ele></trkpt>
      <trkpt lat="47.536519" lon="18.93605"><ele>298</ele></trkpt>
      <trkpt lat="47.536588" lon="18.935956"><ele>300</ele></trkpt>
      <trkpt lat="47.536659" lon="18.935874"><ele>299</ele></trkpt>
      <trkpt lat="47.536741" lon="18.935806"><ele>298</ele></trkpt>
      <trkpt lat="47.536828" lon="18.935737"><ele>299</ele></trkpt>
      <trkpt lat="47.536917" lon="18.935679"><ele>299</ele></trkpt>
      <trkpt lat="47.537004" lon="18.935629"><ele>298</ele></trkpt>
      <trkpt lat="47.537051" lon="18.935515"><ele>299</ele></trkpt>
      <trkpt lat="47.537102" lon="18.935401"><ele>299</ele></trkpt>
      <trkpt lat="47.53715" lon="18.935283"><ele>300</ele></trkpt>
      <trkpt lat="47.537209" lon="18.93517"><ele>299</ele></trkpt>
      <trkpt lat="47.537275" lon="18.935071"><ele>300</ele></trkpt>
      <trkpt lat="47.537342" lon="18.934977"><ele>301</ele></trkpt>
      <trkpt lat="47.537407" lon="18.934878"><ele>300</ele></trkpt>
      <trkpt lat="47.537482" lon="18.934788"><ele>300</ele></trkpt>
      <trkpt lat="47.537573" lon="18.934751"><ele>301</ele></trkpt>
      <trkpt lat="47.537654" lon="18.934823"><ele>300</ele></trkpt>
      <trkpt lat="47.537741" lon="18.93486"><ele>300</ele></trkpt>
      <trkpt lat="47.537834" lon="18.934872"><ele>300</ele></trkpt>
      <trkpt lat="47.537929" lon="18.934895"><ele>300</ele></trkpt>
      <trkpt lat="47.538018" lon="18.93492"><ele>301</ele></trkpt>
      <trkpt lat="47.538108" lon="18.934963"><ele>301</ele></trkpt>
      <trkpt lat="47.538198" lon="18.934977"><ele>300</ele></trkpt>
      <trkpt lat="47.53828" lon="18.935044"><ele>302</ele></trkpt>
      <trkpt lat="47.538368" lon="18.935072"><ele>301</ele></trkpt>
      <trkpt lat="47.538455" lon="18.935111"><ele>301</ele></trkpt>
      <trkpt lat="47.538541" lon="18.935174"><ele>302</ele></trkpt>
      <trkpt lat="47.538633" lon="18.935203"><ele>302</ele></trkpt>
      <trkpt lat="47.538724" lon="18.935232"><ele>302</ele></trkpt>
      <trkpt lat="47.538807" lon="18.935296"><ele>303</ele></trkpt>
      <trkpt lat="47.538861" lon="18.935407"><ele>302</ele></trkpt>
      <trkpt lat="47.538944" lon="18.935465"><ele>303</ele></trkpt>
      <trkpt lat="47.539019" lon="18.935552"><ele>303</ele></trkpt>
      <trkpt lat="47.538988" lon="18.935677"><ele>303</ele></trkpt>
      <trkpt lat="47.538975" lon="18.935811"><ele>304</ele></trkpt>
      <trkpt lat="47.539003" lon="18.935946"><ele>304</ele></trkpt>
      <trkpt lat="47.539015" lon="18.936083"><ele>304</ele></trkpt>
      <trkpt lat="47.539031" lon="18.936215"><ele>304</ele></trkpt>
      <trkpt lat="47.539026" lon="18.936353"><ele>304</ele></trkpt>
      <trkpt lat="47.539008" lon="18.936485"><ele>303</ele></trkpt>
      <trkpt lat="47.538981" lon="18.936614"><ele>303</ele></trkpt>
      <trkpt lat="47.538947" lon="18.936738"><ele>302</ele></trkpt>
      <trkpt lat="47.538919" lon="18.936874"><ele>303</ele></trkpt>
      <trkpt lat="47.538889" lon="18.937002"><ele>303</ele></trkpt>
      <trkpt lat="47.53886" lon="18.937133"><ele>302</ele></trkpt>
      <trkpt lat="47.538825" lon="18.937265"><ele>303</ele></trkpt>
      <trkpt lat="47.538791" lon="18.937393"><ele>302</ele></trkpt>
      <trkpt lat="47.538759" lon="18.937525"><ele>302</ele></trkpt>
      <trkpt lat="47.538722" lon="18.937652"><ele>303</ele></trkpt>
      <trkpt lat="47.53869" lon="18.937778"><ele>303</ele></trkpt>
      <trkpt lat="47.538655" lon="18.937904"><ele>302</ele></trkpt>
      <trkpt lat="47.538614" lon="18.938029"><ele>303</ele></trkpt>
      <trkpt lat="47.538575" lon="18.938158"><ele>303</ele></trkpt>
      <trkpt lat="47.538537" lon="18.938283"><ele>302</ele></trkpt>
      <trkpt lat="47.538508" lon="18.938419"><ele>303</ele></trkpt>
      <trkpt lat="47.538478" lon="18.938556"><ele>303</ele></trkpt>
      <trkpt lat="47.538443" lon="18.938681"><ele>303</ele></trkpt>
      <trkpt lat="47.538408" lon="18.938808"><ele>303</ele></trkpt>
      <trkpt lat="47.538377" lon="18.938934"><ele>302</ele></trkpt>
      <trkpt lat="47.538337" lon="18.939062"><ele>304</ele></trkpt>
      <trkpt lat="47.538298" lon="18.939189"><ele>303</ele></trkpt>
      <trkpt lat="47.538253" lon="18.939307"><ele>303</ele></trkpt>
      <trkpt lat="47.53821" lon="18.939427"><ele>304</ele></trkpt>
      <trkpt lat="47.538172" lon="18.939547"><ele>303</ele></trkpt>
      <trkpt lat="47.538121" lon="18.939661"><ele>303</ele></trkpt>
      <trkpt lat="47.538077" lon="18.939787"><ele>304</ele></trkpt>
      <trkpt lat="47.53803" lon="18.939908"><ele>303</ele></trkpt>
      <trkpt lat="47.53798" lon="18.940023"><ele>303</ele></trkpt>
      <trkpt lat="47.537932" lon="18.940145"><ele>304</ele></trkpt>
      <trkpt lat="47.537886" lon="18.940261"><ele>303</ele></trkpt>
      <trkpt lat="47.537843" lon="18.940381"><ele>304</ele></trkpt>
      <trkpt lat="47.53782" lon="18.94051"><ele>303</ele></trkpt>
      <trkpt lat="47.537769" lon="18.940621"><ele>303</ele></trkpt>
      <trkpt lat="47.537702" lon="18.940715"><ele>303</ele></trkpt>
      <trkpt lat="47.537638" lon="18.940808"><ele>302</ele></trkpt>
      <trkpt lat="47.537577" lon="18.940911"><ele>302</ele></trkpt>
      <trkpt lat="47.537516" lon="18.941022"><ele>303</ele></trkpt>
      <trkpt lat="47.537464" lon="18.941134"><ele>302</ele></trkpt>
      <trkpt lat="47.537411" lon="18.941245"><ele>303</ele></trkpt>
      <trkpt lat="47.537354" lon="18.941348"><ele>302</ele></trkpt>
      <trkpt lat="47.537304" lon="18.94146"><ele>302</ele></trkpt>
      <trkpt lat="47.537246" lon="18.941564"><ele>302</ele></trkpt>
      <trkpt lat="47.537186" lon="18.941666"><ele>302</ele></trkpt>
      <trkpt lat="47.537154" lon="18.941799"><ele>302</ele></trkpt>
      <trkpt lat="47.537122" lon="18.941929"><ele>303</ele></trkpt>
      <trkpt lat="47.537162" lon="18.942052"><ele>303</ele></trkpt>
      <trkpt lat="47.537216" lon="18.942161"><ele>304</ele></trkpt>
      <trkpt lat="47.537282" lon="18.94226"><ele>304</ele></trkpt>
      <trkpt lat="47.537341" lon="18.94237"><ele>304</ele></trkpt>
      <trkpt lat="47.537341" lon="18.942518"><ele>303</ele></trkpt>
      <trkpt lat="47.537314" lon="18.942649"><ele>303</ele></trkpt>
      <trkpt lat="47.537265" lon="18.942766"><ele>303</ele></trkpt>
      <trkpt lat="47.5372" lon="18.942876"><ele>303</ele></trkpt>
      <trkpt lat="47.537132" lon="18.942972"><ele>302</ele></trkpt>
      <trkpt lat="47.53709" lon="18.943093"><ele>302</ele></trkpt>
      <trkpt lat="47.537106" lon="18.943238"><ele>301</ele></trkpt>
      <trkpt lat="47.537132" lon="18.943367"><ele>301</ele></trkpt>
      <trkpt lat="47.537163" lon="18.943497"><ele>300</ele></trkpt>
      <trkpt lat="47.537181" lon="18.943638"><ele>299</ele></trkpt>
      <trkpt lat="47.537189" lon="18.94377"><ele>299</ele></trkpt>
      <trkpt lat="47.537208" lon="18.943907"><ele>296</ele></trkpt>
      <trkpt lat="47.537244" lon="18.944032"><ele>295</ele></trkpt>
      <trkpt lat="47.537277" lon="18.944173"><ele>294</ele></trkpt>
      <trkpt lat="47.537299" lon="18.944312"><ele>293</ele></trkpt>
      <trkpt lat="47.537321" lon="18.944449"><ele>291</ele></trkpt>
      <trkpt lat="47.537334" lon="18.944594"><ele>290</ele></trkpt>
      <trkpt lat="47.537382" lon="18.944713"><ele>289</ele></trkpt>
      <trkpt lat="47.53746" lon="18.944783"><ele>288</ele></trkpt>
      <trkpt lat="47.537558" lon="18.94477"><ele>288</ele></trkpt>
      <trkpt lat="47.537647" lon="18.944735"><ele>287</ele></trkpt>
      <trkpt lat="47.537738" lon="18.944705"><ele>287</ele></trkpt>
      <trkpt lat="47.53782" lon="18.944649"><ele>286</ele></trkpt>
      <trkpt lat="47.53791" lon="18.944631"><ele>286</ele></trkpt>
      <trkpt lat="47.538001" lon="18.944606"><ele>284</ele></trkpt>
      <trkpt lat="47.538093" lon="18.944633"><ele>283</ele></trkpt>
      <trkpt lat="47.53813" lon="18.944755"><ele>282</ele></trkpt>
      <trkpt lat="47.53816" lon="18.944885"><ele>280</ele></trkpt>
      <trkpt lat="47.538176" lon="18.945026"><ele>280</ele></trkpt>
      <trkpt lat="47.538196" lon="18.945156"><ele>277</ele></trkpt>
      <trkpt lat="47.538231" lon="18.945282"><ele>277</ele></trkpt>
      <trkpt lat="47.538255" lon="18.945413"><ele>275</ele></trkpt>
      <trkpt lat="47.538297" lon="18.945535"><ele>273</ele></trkpt>
      <trkpt lat="47.538322" lon="18.945671"><ele>272</ele></trkpt>
      <trkpt lat="47.53836" lon="18.945794"><ele>271</ele></trkpt>
      <trkpt lat="47.538374" lon="18.945934"><ele>268</ele></trkpt>
      <trkpt lat="47.538418" lon="18.946056"><ele>267</ele></trkpt>
      <trkpt lat="47.538462" lon="18.946182"><ele>267</ele></trkpt>
      <trkpt lat="47.538502" lon="18.946308"><ele>266</ele></trkpt>
      <trkpt lat="47.538549" lon="18.946432"><ele>265</ele></trkpt>
      <trkpt lat="47.538638" lon="18.946473"><ele>265</ele></trkpt>
      <trkpt lat="47.538716" lon="18.946542"><ele>265</ele></trkpt>
      <trkpt lat="47.538811" lon="18.946487"><ele>265</ele></trkpt>
      <trkpt lat="47.538889" lon="18.946406"><ele>264</ele></trkpt>
      <trkpt lat="47.538952" lon="18.9463"><ele>265</ele></trkpt>
      <trkpt lat="47.539017" lon="18.946195"><ele>264</ele></trkpt>
      <trkpt lat="47.53909" lon="18.946105"><ele>264</ele></trkpt>
      <trkpt lat="47.539172" lon="18.946031"><ele>263</ele></trkpt>
      <trkpt lat="47.539253" lon="18.945976"><ele>262</ele></trkpt>
      <trkpt lat="47.539333" lon="18.945908"><ele>262</ele></trkpt>
      <trkpt lat="47.539426" lon="18.945863"><ele>263</ele></trkpt>
      <trkpt lat="47.53952" lon="18.945834"><ele>262</ele></trkpt>
      <trkpt lat="47.539613" lon="18.945856"><ele>261</ele></trkpt>
      <trkpt lat="47.539704" lon="18.945887"><ele>261</ele></trkpt>
      <trkpt lat="47.539762" lon="18.945994"><ele>260</ele></trkpt>
      <trkpt lat="47.539766" lon="18.946128"><ele>260</ele></trkpt>
      <trkpt lat="47.539733" lon="18.946257"><ele>259</ele></trkpt>
      <trkpt lat="47.539697" lon="18.946383"><ele>259</ele></trkpt>
      <trkpt lat="47.539676" lon="18.946518"><ele>260</ele></trkpt>
      <trkpt lat="47.539659" lon="18.946648"><ele>259</ele></trkpt>
      <trkpt lat="47.539628" lon="18.946778"><ele>259</ele></trkpt>
      <trkpt lat="47.539603" lon="18.946909"><ele>259</ele></trkpt>
      <trkpt lat="47.539573" lon="18.947041"><ele>258</ele></trkpt>
      <trkpt lat="47.539556" lon="18.947179"><ele>258</ele></trkpt>
      <trkpt lat="47.539547" lon="18.947315"><ele>258</ele></trkpt>
      <trkpt lat="47.539536" lon="18.947449"><ele>259</ele></trkpt>
      <trkpt lat="47.53952" lon="18.94758"><ele>258</ele></trkpt>
      <trkpt lat="47.539504" lon="18.947717"><ele>259</ele></trkpt>
      <trkpt lat="47.539495" lon="18.94785"><ele>260</ele></trkpt>
      <trkpt lat="47.539489" lon="18.947984"><ele>260</ele></trkpt>
      <trkpt lat="47.539504" lon="18.948121"><ele>259</ele></trkpt>
      <trkpt lat="47.539534" lon="18.948247"><ele>258</ele></trkpt>
      <trkpt lat="47.539556" lon="18.948381"><ele>258</ele></trkpt>
      <trkpt lat="47.539568" lon="18.948518"><ele>257</ele></trkpt>
      <trkpt lat="47.539581" lon="18.948652"><ele>256</ele></trkpt>
      <trkpt lat="47.539594" lon="18.948797"><ele>256</ele></trkpt>
      <trkpt lat="47.539595" lon="18.94893"><ele>255</ele></trkpt>
      <trkpt lat="47.539613" lon="18.949065"><ele>255</ele></trkpt>
      <trkpt lat="47.539615" lon="18.949203"><ele>253</ele></trkpt>
      <trkpt lat="47.539597" lon="18.949345"><ele>254</ele></trkpt>
      <trkpt lat="47.539596" lon="18.949481"><ele>255</ele></trkpt>
      <trkpt lat="47.539576" lon="18.949612"><ele>255</ele></trkpt>
      <trkpt lat="47.539566" lon="18.949753"><ele>254</ele></trkpt>
      <trkpt lat="47.539556" lon="18.949888"><ele>254</ele></trkpt>
      <trkpt lat="47.539546" lon="18.950036"><ele>253</ele></trkpt>
      <trkpt lat="47.539531" lon="18.950171"><ele>253</ele></trkpt>
      <trkpt lat="47.539514" lon="18.950306"><ele>252</ele></trkpt>
      <trkpt lat="47.539511" lon="18.950441"><ele>252</ele></trkpt>
      <trkpt lat="47.539511" lon="18.950586"><ele>250</ele></trkpt>
      <trkpt lat="47.539536" lon="18.950717"><ele>246</ele></trkpt>
      <trkpt lat="47.539532" lon="18.950859"><ele>247</ele></trkpt>
      <trkpt lat="47.539531" lon="18.951006"><ele>246</ele></trkpt>
      <trkpt lat="47.539544" lon="18.951148"><ele>244</ele></trkpt>
      <trkpt lat="47.539567" lon="18.951285"><ele>244</ele></trkpt>
      <trkpt lat="47.539577" lon="18.95142"><ele>243</ele></trkpt>
      <trkpt lat="47.5396" lon="18.95155"><ele>242</ele></trkpt>
      <trkpt lat="47.539664" lon="18.951663"><ele>241</ele></trkpt>
      <trkpt lat="47.539733" lon="18.95175"><ele>241</ele></trkpt>
      <trkpt lat="47.539782" lon="18.951865"><ele>240</ele></trkpt>
      <trkpt lat="47.53982" lon="18.951991"><ele>240</ele></trkpt>
      <trkpt lat="47.539866" lon="18.952107"><ele>239</ele></trkpt>
      <trkpt lat="47.539886" lon="18.952238"><ele>248</ele></trkpt>
      <trkpt lat="47.539903" lon="18.952378"><ele>246</ele></trkpt>
      <trkpt lat="47.539912" lon="18.95251"><ele>245</ele></trkpt>
      <trkpt lat="47.539911" lon="18.952646"><ele>246</ele></trkpt>
      <trkpt lat="47.539921" lon="18.952785"><ele>246</ele></trkpt>
      <trkpt lat="47.539931" lon="18.952919"><ele>246</ele></trkpt>
      <trkpt lat="47.539933" lon="18.953052"><ele>245</ele></trkpt>
      <trkpt lat="47.539916" lon="18.953185"><ele>245</ele></trkpt>
      <trkpt lat="47.539901" lon="18.953319"><ele>245</ele></trkpt>
      <trkpt lat="47.539888" lon="18.953456"><ele>245</ele></trkpt>
      <trkpt lat="47.539874" lon="18.953593"><ele>244</ele></trkpt>
      <trkpt lat="47.539886" lon="18.953732"><ele>244</ele></trkpt>
      <trkpt lat="47.539872" lon="18.953865"><ele>244</ele></trkpt>
      <trkpt lat="47.539858" lon="18.954"><ele>243</ele></trkpt>
      <trkpt lat="47.53988" lon="18.954138"><ele>242</ele></trkpt>
      <trkpt lat="47.539902" lon="18.954269"><ele>242</ele></trkpt>
      <trkpt lat="47.539909" lon="18.954407"><ele>242</ele></trkpt>
      <trkpt lat="47.539902" lon="18.95455"><ele>241</ele></trkpt>
      <trkpt lat="47.539911" lon="18.954684"><ele>241</ele></trkpt>
      <trkpt lat="47.539935" lon="18.954826"><ele>240</ele></trkpt>
      <trkpt lat="47.539957" lon="18.954955"><ele>239</ele></trkpt>
      <trkpt lat="47.540027" lon="18.955041"><ele>239</ele></trkpt>
      <trkpt lat="47.540119" lon="18.955081"><ele>239</ele></trkpt>
      <trkpt lat="47.54021" lon="18.955101"><ele>239</ele></trkpt>
      <trkpt lat="47.540289" lon="18.955174"><ele>239</ele></trkpt>
      <trkpt lat="47.54033" lon="18.955293"><ele>239</ele></trkpt>
      <trkpt lat="47.540349" lon="18.955435"><ele>238</ele></trkpt>
      <trkpt lat="47.540429" lon="18.9555"><ele>236</ele></trkpt>
      <trkpt lat="47.540497" lon="18.955595"><ele>236</ele></trkpt>
      <trkpt lat="47.54053" lon="18.955726"><ele>237</ele></trkpt>
      <trkpt lat="47.540564" lon="18.955855"><ele>237</ele></trkpt>
      <trkpt lat="47.54057" lon="18.955989"><ele>238</ele></trkpt>
      <trkpt lat="47.540578" lon="18.95613"><ele>239</ele></trkpt>
      <trkpt lat="47.540649" lon="18.956219"><ele>239</ele></trkpt>
      <trkpt lat="47.540726" lon="18.95629"><ele>239</ele></trkpt>
      <trkpt lat="47.540808" lon="18.956362"><ele>240</ele></trkpt>
      <trkpt lat="47.540868" lon="18.956464"><ele>240</ele></trkpt>
      <trkpt lat="47.5409" lon="18.956589"><ele>241</ele></trkpt>
      <trkpt lat="47.540935" lon="18.95672"><ele>242</ele></trkpt>
      <trkpt lat="47.541007" lon="18.956817"><ele>242</ele></trkpt>
      <trkpt lat="47.541093" lon="18.956861"><ele>243</ele></trkpt>
      <trkpt lat="47.541184" lon="18.956896"><ele>243</ele></trkpt>
      <trkpt lat="47.541278" lon="18.956931"><ele>243</ele></trkpt>
      <trkpt lat="47.541368" lon="18.956944"><ele>244</ele></trkpt>
      <trkpt lat="47.541455" lon="18.956987"><ele>244</ele></trkpt>
      <trkpt lat="47.541539" lon="18.957039"><ele>244</ele></trkpt>
      <trkpt lat="47.541629" lon="18.957073"><ele>245</ele></trkpt>
      <trkpt lat="47.54172" lon="18.957077"><ele>245</ele></trkpt>
      <trkpt lat="47.541808" lon="18.957116"><ele>245</ele></trkpt>
      <trkpt lat="47.541901" lon="18.957157"><ele>245</ele></trkpt>
      <trkpt lat="47.541988" lon="18.9572"><ele>245</ele></trkpt>
      <trkpt lat="47.542081" lon="18.957202"><ele>245</ele></trkpt>
      <trkpt lat="47.542117" lon="18.957325"><ele>245</ele></trkpt>
      <trkpt lat="47.542104" lon="18.95746"><ele>245</ele></trkpt>
      <trkpt lat="47.542088" lon="18.957599"><ele>246</ele></trkpt>
      <trkpt lat="47.542097" lon="18.957737"><ele>246</ele></trkpt>
      <trkpt lat="47.542103" lon="18.957876"><ele>246</ele></trkpt>
      <trkpt lat="47.542109" lon="18.958013"><ele>247</ele></trkpt>
      <trkpt lat="47.542114" lon="18.958152"><ele>247</ele></trkpt>
      <trkpt lat="47.542109" lon="18.958285"><ele>247</ele></trkpt>
      <trkpt lat="47.542118" lon="18.958425"><ele>248</ele></trkpt>
      <trkpt lat="47.54213" lon="18.95856"><ele>248</ele></trkpt>
      <trkpt lat="47.542139" lon="18.9587"><ele>248</ele></trkpt>
      <trkpt lat="47.542131" lon="18.958838"><ele>249</ele></trkpt>
      <trkpt lat="47.54213" lon="18.958974"><ele>249</ele></trkpt>
      <trkpt lat="47.542121" lon="18.959118"><ele>249</ele></trkpt>
      <trkpt lat="47.542137" lon="18.959251"><ele>249</ele></trkpt>
      <trkpt lat="47.542139" lon="18.959386"><ele>249</ele></trkpt>
      <trkpt lat="47.542142" lon="18.959522"><ele>249</ele></trkpt>
      <trkpt lat="47.542135" lon="18.959665"><ele>249</ele></trkpt>
      <trkpt lat="47.542138" lon="18.959801"><ele>248</ele></trkpt>
      <trkpt lat="47.542125" lon="18.959936"><ele>248</ele></trkpt>
      <trkpt lat="47.542126" lon="18.960072"><ele>247</ele></trkpt>
      <trkpt lat="47.542126" lon="18.960214"><ele>247</ele></trkpt>
      <trkpt lat="47.542119" lon="18.960353"><ele>246</ele></trkpt>
      <trkpt lat="47.542103" lon="18.960485"><ele>245</ele></trkpt>
      <trkpt lat="47.542111" lon="18.960621"><ele>244</ele></trkpt>
      <trkpt lat="47.542111" lon="18.960757"><ele>243</ele></trkpt>
      <trkpt lat="47.542117" lon="18.960903"><ele>242</ele></trkpt>
      <trkpt lat="47.542125" lon="18.96104"><ele>241</ele></trkpt>
      <trkpt lat="47.542111" lon="18.961182"><ele>241</ele></trkpt>
      <trkpt lat="47.542095" lon="18.961319"><ele>239</ele></trkpt>
      <trkpt lat="47.542081" lon="18.961453"><ele>238</ele></trkpt>
      <trkpt lat="47.542058" lon="18.961584"><ele>237</ele></trkpt>
      <trkpt lat="47.542078" lon="18.961724"><ele>236</ele></trkpt>
      <trkpt lat="47.542075" lon="18.961861"><ele>235</ele></trkpt>
      <trkpt lat="47.542069" lon="18.961995"><ele>234</ele></trkpt>
      <trkpt lat="47.542063" lon="18.962129"><ele>234</ele></trkpt>
      <trkpt lat="47.542039" lon="18.962263"><ele>233</ele></trkpt>
      <trkpt lat="47.542025" lon="18.9624"><ele>232</ele></trkpt>
      <trkpt lat="47.542027" lon="18.962538"><ele>231</ele></trkpt>
      <trkpt lat="47.542029" lon="18.962677"><ele>230</ele></trkpt>
      <trkpt lat="47.542046" lon="18.962813"><ele>229</ele></trkpt>
      <trkpt lat="47.542029" lon="18.962955"><ele>228</ele></trkpt>
      <trkpt lat="47.541993" lon="18.963078"><ele>228</ele></trkpt>
      <trkpt lat="47.542055" lon="18.963176"><ele>227</ele></trkpt>
      <trkpt lat="47.54208" lon="18.963308"><ele>226</ele></trkpt>
      <trkpt lat="47.542079" lon="18.963458"><ele>226</ele></trkpt>
      <trkpt lat="47.542098" lon="18.963593"><ele>226</ele></trkpt>
      <trkpt lat="47.542109" lon="18.963727"><ele>225</ele></trkpt>
      <trkpt lat="47.542119" lon="18.963861"><ele>226</ele></trkpt>
      <trkpt lat="47.542208" lon="18.963887"><ele>224</ele></trkpt>
      <trkpt lat="47.542302" lon="18.963874"><ele>224</ele></trkpt>
      <trkpt lat="47.54239" lon="18.963848"><ele>224</ele></trkpt>
      <trkpt lat="47.542484" lon="18.963851"><ele>224</ele></trkpt>
      <trkpt lat="47.542578" lon="18.963856"><ele>223</ele></trkpt>
      <trkpt lat="47.542662" lon="18.963923"><ele>223</ele></trkpt>
      <trkpt lat="47.542727" lon="18.96402"><ele>222</ele></trkpt>
      <trkpt lat="47.542817" lon="18.963966"><ele>222</ele></trkpt>
      <trkpt lat="47.542894" lon="18.963884"><ele>222</ele></trkpt>
      <trkpt lat="47.542978" lon="18.963835"><ele>222</ele></trkpt>
      <trkpt lat="47.543048" lon="18.963741"><ele>222</ele></trkpt>
      <trkpt lat="47.543133" lon="18.96369"><ele>222</ele></trkpt>
      <trkpt lat="47.543226" lon="18.96366"><ele>222</ele></trkpt>
      <trkpt lat="47.543296" lon="18.963753"><ele>222</ele></trkpt>
      <trkpt lat="47.543389" lon="18.963782"><ele>222</ele></trkpt>
      <trkpt lat="47.543482" lon="18.963808"><ele>220</ele></trkpt>
      <trkpt lat="47.543568" lon="18.963872"><ele>219</ele></trkpt>
      <trkpt lat="47.543649" lon="18.963943"><ele>215</ele></trkpt>
      <trkpt lat="47.543598" lon="18.964056"><ele>216</ele></trkpt>
      <trkpt lat="47.543511" lon="18.964096"><ele>216</ele></trkpt>
      <trkpt lat="47.543435" lon="18.964177"><ele>215</ele></trkpt>
      <trkpt lat="47.54334" lon="18.964177"><ele>215</ele></trkpt>
      <trkpt lat="47.54585" lon="18.963829"><ele>221</ele></trkpt>
      <trkpt lat="47.545822" lon="18.963961"><ele>220</ele></trkpt>
      <trkpt lat="47.545766" lon="18.964073"><ele>221</ele></trkpt>
      <trkpt lat="47.545714" lon="18.96419"><ele>221</ele></trkpt>
      <trkpt lat="47.545668" lon="18.964308"><ele>221</ele></trkpt>
      <trkpt lat="47.54562" lon="18.96443"><ele>221</ele></trkpt>
      <trkpt lat="47.545565" lon="18.964552"><ele>221</ele></trkpt>
      <trkpt lat="47.545497" lon="18.964647"><ele>221</ele></trkpt>
      <trkpt lat="47.545426" lon="18.964736"><ele>221</ele></trkpt>
      <trkpt lat="47.545365" lon="18.964847"><ele>221</ele></trkpt>
      <trkpt lat="47.545311" lon="18.964967"><ele>221</ele></trkpt>
      <trkpt lat="47.545269" lon="18.965085"><ele>221</ele></trkpt>
      <trkpt lat="47.545213" lon="18.9652"><ele>221</ele></trkpt>
      <trkpt lat="47.54514" lon="18.965291"><ele>223</ele></trkpt>
      <trkpt lat="47.545078" lon="18.965392"><ele>223</ele></trkpt>
      <trkpt lat="47.54504" lon="18.965518"><ele>223</ele></trkpt>
      <trkpt lat="47.544983" lon="18.965626"><ele>221</ele></trkpt>
      <trkpt lat="47.544918" lon="18.965723"><ele>224</ele></trkpt>
      <trkpt lat="47.544859" lon="18.965829"><ele>223</ele></trkpt>
      <trkpt lat="47.544826" lon="18.965966"><ele>224</ele></trkpt>
      <trkpt lat="47.544916" lon="18.966037"><ele>224</ele></trkpt>
      <trkpt lat="47.545001" lon="18.966105"><ele>224</ele></trkpt>
      <trkpt lat="47.545085" lon="18.96616"><ele>225</ele></trkpt>
      <trkpt lat="47.545203" lon="18.9663"><ele>228</ele></trkpt>
      <trkpt lat="47.54528" lon="18.966379"><ele>228</ele></trkpt>
      <trkpt lat="47.545359" lon="18.966451"><ele>228</ele></trkpt>
      <trkpt lat="47.545441" lon="18.966528"><ele>230</ele></trkpt>
      <trkpt lat="47.54552" lon="18.966601"><ele>231</ele></trkpt>
      <trkpt lat="47.545595" lon="18.966684"><ele>231</ele></trkpt>
      <trkpt lat="47.545668" lon="18.96678"><ele>233</ele></trkpt>
      <trkpt lat="47.545759" lon="18.966823"><ele>233</ele></trkpt>
      <trkpt lat="47.545831" lon="18.966912"><ele>233</ele></trkpt>
      <trkpt lat="47.545921" lon="18.966961"><ele>234</ele></trkpt>
      <trkpt lat="47.546009" lon="18.967002"><ele>236</ele></trkpt>
      <trkpt lat="47.546066" lon="18.967115"><ele>236</ele></trkpt>
      <trkpt lat="47.546132" lon="18.967208"><ele>239</ele></trkpt>
      <trkpt lat="47.546214" lon="18.967271"><ele>239</ele></trkpt>
      <trkpt lat="47.546292" lon="18.967348"><ele>239</ele></trkpt>
      <trkpt lat="47.546381" lon="18.967397"><ele>239</ele></trkpt>
      <trkpt lat="47.546454" lon="18.96748"><ele>239</ele></trkpt>
      <trkpt lat="47.54652" lon="18.967572"><ele>239</ele></trkpt>
      <trkpt lat="47.546589" lon="18.967658"><ele>239</ele></trkpt>
      <trkpt lat="47.546674" lon="18.967721"><ele>240</ele></trkpt>
      <trkpt lat="47.546747" lon="18.967802"><ele>239</ele></trkpt>
      <trkpt lat="47.546811" lon="18.967901"><ele>242</ele></trkpt>
      <trkpt lat="47.546885" lon="18.96798"><ele>243</ele></trkpt>
      <trkpt lat="47.546967" lon="18.968039"><ele>243</ele></trkpt>
      <trkpt lat="47.547036" lon="18.968134"><ele>245</ele></trkpt>
      <trkpt lat="47.547105" lon="18.968221"><ele>246</ele></trkpt>
      <trkpt lat="47.547185" lon="18.968294"><ele>245</ele></trkpt>
      <trkpt lat="47.547249" lon="18.96839"><ele>248</ele></trkpt>
      <trkpt lat="47.547317" lon="18.968479"><ele>248</ele></trkpt>
      <trkpt lat="47.547403" lon="18.968526"><ele>248</ele></trkpt>
      <trkpt lat="47.547469" lon="18.968616"><ele>251</ele></trkpt>
      <trkpt lat="47.547541" lon="18.968704"><ele>251</ele></trkpt>
      <trkpt lat="47.547606" lon="18.968805"><ele>251</ele></trkpt>
      <trkpt lat="47.547676" lon="18.968899"><ele>251</ele></trkpt>
      <trkpt lat="47.547763" lon="18.968935"><ele>251</ele></trkpt>
      <trkpt lat="47.547851" lon="18.968962"><ele>251</ele></trkpt>
      <trkpt lat="47.547938" lon="18.969021"><ele>251</ele></trkpt>
      <trkpt lat="47.548013" lon="18.969103"><ele>254</ele></trkpt>
      <trkpt lat="47.548096" lon="18.96918"><ele>252</ele></trkpt>
      <trkpt lat="47.548167" lon="18.969266"><ele>251</ele></trkpt>
      <trkpt lat="47.54824" lon="18.969353"><ele>254</ele></trkpt>
      <trkpt lat="47.548319" lon="18.969431"><ele>254</ele></trkpt>
      <trkpt lat="47.548395" lon="18.969516"><ele>250</ele></trkpt>
      <trkpt lat="47.548467" lon="18.969596"><ele>251</ele></trkpt>
      <trkpt lat="47.54854" lon="18.969701"><ele>250</ele></trkpt>
      <trkpt lat="47.548613" lon="18.969789"><ele>250</ele></trkpt>
      <trkpt lat="47.548691" lon="18.96986"><ele>250</ele></trkpt>
      <trkpt lat="47.548767" lon="18.96993"><ele>250</ele></trkpt>
      <trkpt lat="47.548844" lon="18.970006"><ele>251</ele></trkpt>
      <trkpt lat="47.54891" lon="18.970096"><ele>252</ele></trkpt>
      <trkpt lat="47.548987" lon="18.97017"><ele>252</ele></trkpt>
      <trkpt lat="47.549066" lon="18.970237"><ele>254</ele></trkpt>
      <trkpt lat="47.549138" lon="18.970327"><ele>255</ele></trkpt>
      <trkpt lat="47.549211" lon="18.970411"><ele>256</ele></trkpt>
      <trkpt lat="47.549284" lon="18.970493"><ele>258</ele></trkpt>
      <trkpt lat="47.549375" lon="18.970521"><ele>259</ele></trkpt>
      <trkpt lat="47.549469" lon="18.970525"><ele>261</ele></trkpt>
      <trkpt lat="47.549478" lon="18.970666"><ele>262</ele></trkpt>
      <trkpt lat="47.549535" lon="18.970774"><ele>265</ele></trkpt>
      <trkpt lat="47.549617" lon="18.970849"><ele>267</ele></trkpt>
      <trkpt lat="47.549687" lon="18.970932"><ele>269</ele></trkpt>
      <trkpt lat="47.54976" lon="18.971018"><ele>269</ele></trkpt>
      <trkpt lat="47.54984" lon="18.971091"><ele>269</ele></trkpt>
      <trkpt lat="47.549918" lon="18.971164"><ele>269</ele></trkpt>
      <trkpt lat="47.55" lon="18.971231"><ele>269</ele></trkpt>
      <trkpt lat="47.550073" lon="18.971311"><ele>269</ele></trkpt>
      <trkpt lat="47.550152" lon="18.971393"><ele>269</ele></trkpt>
      <trkpt lat="47.550222" lon="18.971482"><ele>270</ele></trkpt>
      <trkpt lat="47.550287" lon="18.971577"><ele>270</ele></trkpt>
      <trkpt lat="47.550354" lon="18.971671"><ele>271</ele></trkpt>
      <trkpt lat="47.550427" lon="18.971758"><ele>272</ele></trkpt>
      <trkpt lat="47.550502" lon="18.971848"><ele>273</ele></trkpt>
      <trkpt lat="47.550575" lon="18.971926"><ele>274</ele></trkpt>
      <trkpt lat="47.550653" lon="18.971995"><ele>275</ele></trkpt>
      <trkpt lat="47.550731" lon="18.972072"><ele>275</ele></trkpt>
      <trkpt lat="47.550885" lon="18.972235"><ele>281</ele></trkpt>
      <trkpt lat="47.550969" lon="18.972304"><ele>282</ele></trkpt>
      <trkpt lat="47.551061" lon="18.972344"><ele>282</ele></trkpt>
      <trkpt lat="47.551147" lon="18.972395"><ele>282</ele></trkpt>
      <trkpt lat="47.551217" lon="18.972482"><ele>282</ele></trkpt>
      <trkpt lat="47.551264" lon="18.9726"><ele>281</ele></trkpt>
      <trkpt lat="47.551333" lon="18.972685"><ele>281</ele></trkpt>
      <trkpt lat="47.551382" lon="18.972805"><ele>281</ele></trkpt>
      <trkpt lat="47.551436" lon="18.972921"><ele>280</ele></trkpt>
      <trkpt lat="47.551515" lon="18.973"><ele>280</ele></trkpt>
      <trkpt lat="47.551558" lon="18.973122"><ele>280</ele></trkpt>
      <trkpt lat="47.551573" lon="18.973257"><ele>279</ele></trkpt>
      <trkpt lat="47.551601" lon="18.973391"><ele>279</ele></trkpt>
      <trkpt lat="47.551622" lon="18.973525"><ele>279</ele></trkpt>
      <trkpt lat="47.55165" lon="18.973658"><ele>278</ele></trkpt>
      <trkpt lat="47.551671" lon="18.973787"><ele>277</ele></trkpt>
      <trkpt lat="47.55168" lon="18.973928"><ele>277</ele></trkpt>
      <trkpt lat="47.551718" lon="18.974051"><ele>276</ele></trkpt>
      <trkpt lat="47.551775" lon="18.974158"><ele>275</ele></trkpt>
      <trkpt lat="47.551826" lon="18.974281"><ele>274</ele></trkpt>
      <trkpt lat="47.551877" lon="18.974393"><ele>273</ele></trkpt>
      <trkpt lat="47.551925" lon="18.974514"><ele>273</ele></trkpt>
      <trkpt lat="47.55198" lon="18.974621"><ele>273</ele></trkpt>
      <trkpt lat="47.552044" lon="18.974722"><ele>273</ele></trkpt>
      <trkpt lat="47.552084" lon="18.974845"><ele>273</ele></trkpt>
      <trkpt lat="47.552145" lon="18.974958"><ele>273</ele></trkpt>
      <trkpt lat="47.552212" lon="18.975062"><ele>273</ele></trkpt>
      <trkpt lat="47.552287" lon="18.975155"><ele>273</ele></trkpt>
      <trkpt lat="47.552345" lon="18.975264"><ele>273</ele></trkpt>
      <trkpt lat="47.5524" lon="18.975382"><ele>274</ele></trkpt>
      <trkpt lat="47.552458" lon="18.975506"><ele>274</ele></trkpt>
      <trkpt lat="47.552524" lon="18.975599"><ele>274</ele></trkpt>
      <trkpt lat="47.552585" lon="18.975706"><ele>274</ele></trkpt>
      <trkpt lat="47.552682" lon="18.975746"><ele>275</ele></trkpt>
      <trkpt lat="47.552668" lon="18.975883"><ele>275</ele></trkpt>
      <trkpt lat="47.552631" lon="18.976007"><ele>275</ele></trkpt>
      <trkpt lat="47.552605" lon="18.976135"><ele>276</ele></trkpt>
      <trkpt lat="47.552651" lon="18.976259"><ele>277</ele></trkpt>
      <trkpt lat="47.552721" lon="18.976355"><ele>277</ele></trkpt>
      <trkpt lat="47.552739" lon="18.976491"><ele>277</ele></trkpt>
      <trkpt lat="47.552722" lon="18.976633"><ele>278</ele></trkpt>
      <trkpt lat="47.552701" lon="18.976767"><ele>278</ele></trkpt>
      <trkpt lat="47.55269" lon="18.976902"><ele>278</ele></trkpt>
      <trkpt lat="47.552693" lon="18.977038"><ele>279</ele></trkpt>
      <trkpt lat="47.552684" lon="18.977171"><ele>279</ele></trkpt>
      <trkpt lat="47.552707" lon="18.977307"><ele>280</ele></trkpt>
      <trkpt lat="47.55273" lon="18.977443"><ele>280</ele></trkpt>
      <trkpt lat="47.55275" lon="18.977594"><ele>281</ele></trkpt>
      <trkpt lat="47.552764" lon="18.977728"><ele>282</ele></trkpt>
      <trkpt lat="47.552771" lon="18.977864"><ele>283</ele></trkpt>
      <trkpt lat="47.552803" lon="18.97799"><ele>283</ele></trkpt>
      <trkpt lat="47.55282" lon="18.978123"><ele>283</ele></trkpt>
      <trkpt lat="47.552839" lon="18.978269"><ele>284</ele></trkpt>
      <trkpt lat="47.552866" lon="18.978406"><ele>284</ele></trkpt>
      <trkpt lat="47.55288" lon="18.978541"><ele>285</ele></trkpt>
      <trkpt lat="47.552894" lon="18.978674"><ele>285</ele></trkpt>
      <trkpt lat="47.552925" lon="18.978816"><ele>285</ele></trkpt>
      <trkpt lat="47.552939" lon="18.978958"><ele>285</ele></trkpt>
      <trkpt lat="47.552961" lon="18.979087"><ele>287</ele></trkpt>
      <trkpt lat="47.552993" lon="18.979226"><ele>287</ele></trkpt>
      <trkpt lat="47.553014" lon="18.979363"><ele>287</ele></trkpt>
      <trkpt lat="47.553029" lon="18.979496"><ele>287</ele></trkpt>
      <trkpt lat="47.553058" lon="18.979629"><ele>287</ele></trkpt>
      <trkpt lat="47.553078" lon="18.979759"><ele>288</ele></trkpt>
      <trkpt lat="47.553102" lon="18.979896"><ele>287</ele></trkpt>
      <trkpt lat="47.553124" lon="18.980027"><ele>288</ele></trkpt>
      <trkpt lat="47.553138" lon="18.980165"><ele>289</ele></trkpt>
      <trkpt lat="47.553181" lon="18.980295"><ele>289</ele></trkpt>
      <trkpt lat="47.553205" lon="18.980428"><ele>289</ele></trkpt>
      <trkpt lat="47.553236" lon="18.980566"><ele>289</ele></trkpt>
      <trkpt lat="47.553266" lon="18.980696"><ele>290</ele></trkpt>
      <trkpt lat="47.553289" lon="18.980828"><ele>290</ele></trkpt>
      <trkpt lat="47.553326" lon="18.980958"><ele>292</ele></trkpt>
      <trkpt lat="47.553362" lon="18.981084"><ele>292</ele></trkpt>
      <trkpt lat="47.553387" lon="18.981217"><ele>293</ele></trkpt>
      <trkpt lat="47.553431" lon="18.981344"><ele>294</ele></trkpt>
      <trkpt lat="47.55346" lon="18.981476"><ele>295</ele></trkpt>
      <trkpt lat="47.553491" lon="18.98161"><ele>296</ele></trkpt>
      <trkpt lat="47.553523" lon="18.981733"><ele>298</ele></trkpt>
      <trkpt lat="47.553568" lon="18.981851"><ele>299</ele></trkpt>
      <trkpt lat="47.553608" lon="18.981977"><ele>301</ele></trkpt>
      <trkpt lat="47.553665" lon="18.982099"><ele>303</ele></trkpt>
      <trkpt lat="47.553715" lon="18.982224"><ele>304</ele></trkpt>
      <trkpt lat="47.553748" lon="18.982358"><ele>306</ele></trkpt>
      <trkpt lat="47.553807" lon="18.982468"><ele>307</ele></trkpt>
      <trkpt lat="47.553848" lon="18.982597"><ele>308</ele></trkpt>
      <trkpt lat="47.553879" lon="18.982728"><ele>309</ele></trkpt>
      <trkpt lat="47.553912" lon="18.982853"><ele>309</ele></trkpt>
      <trkpt lat="47.553951" lon="18.982975"><ele>310</ele></trkpt>
      <trkpt lat="47.553992" lon="18.983097"><ele>310</ele></trkpt>
      <trkpt lat="47.554016" lon="18.983227"><ele>310</ele></trkpt>
      <trkpt lat="47.554059" lon="18.983346"><ele>311</ele></trkpt>
      <trkpt lat="47.554164" lon="18.983529"><ele>313</ele></trkpt>
      <trkpt lat="47.554248" lon="18.983655"><ele>314</ele></trkpt>
      <trkpt lat="47.554333" lon="18.983731"><ele>315</ele></trkpt>
      <trkpt lat="47.554392" lon="18.983843"><ele>316</ele></trkpt>
      <trkpt lat="47.554438" lon="18.983962"><ele>317</ele></trkpt>
      <trkpt lat="47.554502" lon="18.984069"><ele>318</ele></trkpt>
      <trkpt lat="47.554558" lon="18.984185"><ele>319</ele></trkpt>
      <trkpt lat="47.554616" lon="18.984292"><ele>319</ele></trkpt>
      <trkpt lat="47.554658" lon="18.984414"><ele>320</ele></trkpt>
      <trkpt lat="47.554696" lon="18.984535"><ele>322</ele></trkpt>
      <trkpt lat="47.554756" lon="18.984634"><ele>322</ele></trkpt>
      <trkpt lat="47.554813" lon="18.984748"><ele>324</ele></trkpt>
      <trkpt lat="47.554864" lon="18.984869"><ele>326</ele></trkpt>
      <trkpt lat="47.55493" lon="18.984977"><ele>326</ele></trkpt>
      <trkpt lat="47.554964" lon="18.985106"><ele>328</ele></trkpt>
      <trkpt lat="47.555021" lon="18.985211"><ele>329</ele></trkpt>
      <trkpt lat="47.555078" lon="18.985333"><ele>331</ele></trkpt>
      <trkpt lat="47.555139" lon="18.985444"><ele>332</ele></trkpt>
      <trkpt lat="47.555192" lon="18.985552"><ele>332</ele></trkpt>
      <trkpt lat="47.555242" lon="18.985672"><ele>333</ele></trkpt>
      <trkpt lat="47.555292" lon="18.985797"><ele>335</ele></trkpt>
      <trkpt lat="47.555362" lon="18.98589"><ele>335</ele></trkpt>
      <trkpt lat="47.555399" lon="18.986012"><ele>336</ele></trkpt>
      <trkpt lat="47.555467" lon="18.986106"><ele>338</ele></trkpt>
      <trkpt lat="47.555527" lon="18.986211"><ele>339</ele></trkpt>
      <trkpt lat="47.555588" lon="18.986316"><ele>339</ele></trkpt>
      <trkpt lat="47.555648" lon="18.986423"><ele>341</ele></trkpt>
      <trkpt lat="47.555713" lon="18.986531"><ele>341</ele></trkpt>
      <trkpt lat="47.555772" lon="18.986635"><ele>342</ele></trkpt>
      <trkpt lat="47.555841" lon="18.986725"><ele>343</ele></trkpt>
      <trkpt lat="47.555896" lon="18.986837"><ele>344</ele></trkpt>
      <trkpt lat="47.555975" lon="18.986912"><ele>345</ele></trkpt>
      <trkpt lat="47.556053" lon="18.986989"><ele>346</ele></trkpt>
      <trkpt lat="47.556104" lon="18.987104"><ele>347</ele></trkpt>
      <trkpt lat="47.556169" lon="18.987201"><ele>349</ele></trkpt>
      <trkpt lat="47.556242" lon="18.987291"><ele>349</ele></trkpt>
      <trkpt lat="47.55631" lon="18.987392"><ele>350</ele></trkpt>
      <trkpt lat="47.556388" lon="18.987472"><ele>352</ele></trkpt>
      <trkpt lat="47.55647" lon="18.987531"><ele>353</ele></trkpt>
      <trkpt lat="47.556495" lon="18.987659"><ele>354</ele></trkpt>
      <trkpt lat="47.556587" lon="18.987669"><ele>353</ele></trkpt>
      <trkpt lat="47.556684" lon="18.987713"><ele>352</ele></trkpt>
      <trkpt lat="47.556774" lon="18.987734"><ele>353</ele></trkpt>
      <trkpt lat="47.556859" lon="18.987792"><ele>351</ele></trkpt>
      <trkpt lat="47.556947" lon="18.987832"><ele>352</ele></trkpt>
      <trkpt lat="47.557033" lon="18.987878"><ele>351</ele></trkpt>
      <trkpt lat="47.557117" lon="18.987948"><ele>349</ele></trkpt>
      <trkpt lat="47.557203" lon="18.988021"><ele>348</ele></trkpt>
      <trkpt lat="47.557286" lon="18.988091"><ele>347</ele></trkpt>
      <trkpt lat="47.55738" lon="18.988126"><ele>345</ele></trkpt>
      <trkpt lat="47.557474" lon="18.988166"><ele>344</ele></trkpt>
      <trkpt lat="47.557555" lon="18.988228"><ele>343</ele></trkpt>
      <trkpt lat="47.557641" lon="18.988287"><ele>342</ele></trkpt>
      <trkpt lat="47.557714" lon="18.988381"><ele>340</ele></trkpt>
      <trkpt lat="47.557801" lon="18.988441"><ele>338</ele></trkpt>
      <trkpt lat="47.557875" lon="18.988531"><ele>337</ele></trkpt>
      <trkpt lat="47.557954" lon="18.988597"><ele>335</ele></trkpt>
      <trkpt lat="47.558019" lon="18.9887"><ele>334</ele></trkpt>
      <trkpt lat="47.558109" lon="18.98873"><ele>335</ele></trkpt>
      <trkpt lat="47.558198" lon="18.988759"><ele>337</ele></trkpt>
      <trkpt lat="47.558263" lon="18.988854"><ele>338</ele></trkpt>
      <trkpt lat="47.558342" lon="18.988937"><ele>337</ele></trkpt>
      <trkpt lat="47.558432" lon="18.988996"><ele>339</ele></trkpt>
      <trkpt lat="47.558518" lon="18.989058"><ele>338</ele></trkpt>
      <trkpt lat="47.558611" lon="18.989078"><ele>338</ele></trkpt>
      <trkpt lat="47.558699" lon="18.989112"><ele>339</ele></trkpt>
      <trkpt lat="47.55879" lon="18.989131"><ele>339</ele></trkpt>
      <trkpt lat="47.558887" lon="18.989152"><ele>338</ele></trkpt>
      <trkpt lat="47.55898" lon="18.989183"><ele>337</ele></trkpt>
      <trkpt lat="47.559072" lon="18.989206"><ele>338</ele></trkpt>
      <trkpt lat="47.559163" lon="18.989224"><ele>338</ele></trkpt>
      <trkpt lat="47.559251" lon="18.989266"><ele>339</ele></trkpt>
      <trkpt lat="47.559345" lon="18.989301"><ele>340</ele></trkpt>
      <trkpt lat="47.559439" lon="18.989314"><ele>341</ele></trkpt>
      <trkpt lat="47.559526" lon="18.98935"><ele>343</ele></trkpt>
      <trkpt lat="47.559617" lon="18.989357"><ele>344</ele></trkpt>
      <trkpt lat="47.559709" lon="18.989377"><ele>345</ele></trkpt>
      <trkpt lat="47.559798" lon="18.98941"><ele>347</ele></trkpt>
      <trkpt lat="47.55989" lon="18.989419"><ele>348</ele></trkpt>
      <trkpt lat="47.559988" lon="18.98946"><ele>349</ele></trkpt>
      <trkpt lat="47.56008" lon="18.989477"><ele>350</ele></trkpt>
      <trkpt lat="47.560175" lon="18.989456"><ele>351</ele></trkpt>
      <trkpt lat="47.560261" lon="18.989385"><ele>350</ele></trkpt>
      <trkpt lat="47.560337" lon="18.9893"><ele>350</ele></trkpt>
      <trkpt lat="47.560415" lon="18.98922"><ele>350</ele></trkpt>
      <trkpt lat="47.560595" lon="18.989184"><ele>351</ele></trkpt>
      <trkpt lat="47.560782" lon="18.989128"><ele>351</ele></trkpt>
      <trkpt lat="47.560968" lon="18.989117"><ele>352</ele></trkpt>
      <trkpt lat="47.561154" lon="18.989124"><ele>354</ele></trkpt>
      <trkpt lat="47.561345" lon="18.989145"><ele>354</ele></trkpt>
      <trkpt lat="47.561524" lon="18.989108"><ele>357</ele></trkpt>
      <trkpt lat="47.56171" lon="18.989163"><ele>359</ele></trkpt>
      <trkpt lat="47.561897" lon="18.989173"><ele>362</ele></trkpt>
      <trkpt lat="47.56208" lon="18.989235"><ele>364</ele></trkpt>
      <trkpt lat="47.562252" lon="18.989313"><ele>364</ele></trkpt>
      <trkpt lat="47.562424" lon="18.98923"><ele>363</ele></trkpt>
      <trkpt lat="47.562611" lon="18.989214"><ele>364</ele></trkpt>
      <trkpt lat="47.562796" lon="18.989257"><ele>365</ele></trkpt>
      <trkpt lat="47.562969" lon="18.989332"><ele>366</ele></trkpt>
      <trkpt lat="47.56315" lon="18.989336"><ele>366</ele></trkpt>
      <trkpt lat="47.563329" lon="18.989379"><ele>367</ele></trkpt>
      <trkpt lat="47.563507" lon="18.989432"><ele>367</ele></trkpt>
      <trkpt lat="47.563688" lon="18.989438"><ele>367</ele></trkpt>
      <trkpt lat="47.563879" lon="18.989428"><ele>367</ele></trkpt>
      <trkpt lat="47.563967" lon="18.989385"><ele>367</ele></trkpt>
      <trkpt lat="47.564058" lon="18.989399"><ele>368</ele></trkpt>
      <trkpt lat="47.564148" lon="18.989411"><ele>368</ele></trkpt>
      <trkpt lat="47.564238" lon="18.989371"><ele>367</ele></trkpt>
      <trkpt lat="47.564328" lon="18.989342"><ele>368</ele></trkpt>
      <trkpt lat="47.564421" lon="18.989349"><ele>368</ele></trkpt>
      <trkpt lat="47.56452" lon="18.989326"><ele>368</ele></trkpt>
      <trkpt lat="47.564611" lon="18.98931"><ele>368</ele></trkpt>
      <trkpt lat="47.564706" lon="18.989309"><ele>369</ele></trkpt>
      <trkpt lat="47.564795" lon="18.989287"><ele>368</ele></trkpt>
      <trkpt lat="47.564872" lon="18.989196"><ele>368</ele></trkpt>
      <trkpt lat="47.56496" lon="18.989161"><ele>367</ele></trkpt>
      <trkpt lat="47.565033" lon="18.989084"><ele>367</ele></trkpt>
      <trkpt lat="47.565126" lon="18.989041"><ele>367</ele></trkpt>
      <trkpt lat="47.565216" lon="18.989049"><ele>368</ele></trkpt>
      <trkpt lat="47.565311" lon="18.989058"><ele>367</ele></trkpt>
      <trkpt lat="47.565399" lon="18.989026"><ele>368</ele></trkpt>
      <trkpt lat="47.565491" lon="18.989026"><ele>366</ele></trkpt>
      <trkpt lat="47.565517" lon="18.989159"><ele>365</ele></trkpt>
      <trkpt lat="47.565513" lon="18.989301"><ele>364</ele></trkpt>
      <trkpt lat="47.565528" lon="18.98944"><ele>364</ele></trkpt>
      <trkpt lat="47.565535" lon="18.98958"><ele>363</ele></trkpt>
      <trkpt lat="47.565526" lon="18.989719"><ele>361</ele></trkpt>
      <trkpt lat="47.565509" lon="18.989859"><ele>360</ele></trkpt>
      <trkpt lat="47.565511" lon="18.989994"><ele>359</ele></trkpt>
      <trkpt lat="47.56552" lon="18.990131"><ele>356</ele></trkpt>
      <trkpt lat="47.565518" lon="18.990266"><ele>355</ele></trkpt>
      <trkpt lat="47.565532" lon="18.990407"><ele>354</ele></trkpt>
      <trkpt lat="47.565534" lon="18.990545"><ele>352</ele></trkpt>
      <trkpt lat="47.565522" lon="18.990678"><ele>351</ele></trkpt>
      <trkpt lat="47.565537" lon="18.990814"><ele>349</ele></trkpt>
      <trkpt lat="47.565525" lon="18.99095"><ele>348</ele></trkpt>
      <trkpt lat="47.565532" lon="18.991087"><ele>347</ele></trkpt>
      <trkpt lat="47.565535" lon="18.991225"><ele>346</ele></trkpt>
      <trkpt lat="47.565515" lon="18.991355"><ele>345</ele></trkpt>
      <trkpt lat="47.565481" lon="18.99148"><ele>344</ele></trkpt>
      <trkpt lat="47.565461" lon="18.991618"><ele>343</ele></trkpt>
      <trkpt lat="47.565481" lon="18.991755"><ele>342</ele></trkpt>
      <trkpt lat="47.565456" lon="18.991897"><ele>341</ele></trkpt>
      <trkpt lat="47.565435" lon="18.992033"><ele>339</ele></trkpt>
      <trkpt lat="47.565429" lon="18.992168"><ele>338</ele></trkpt>
      <trkpt lat="47.565395" lon="18.992294"><ele>337</ele></trkpt>
      <trkpt lat="47.565368" lon="18.992423"><ele>336</ele></trkpt>
      <trkpt lat="47.56534" lon="18.992554"><ele>333</ele></trkpt>
      <trkpt lat="47.565333" lon="18.992697"><ele>331</ele></trkpt>
      <trkpt lat="47.565311" lon="18.992833"><ele>329</ele></trkpt>
      <trkpt lat="47.565274" lon="18.992959"><ele>327</ele></trkpt>
      <trkpt lat="47.565226" lon="18.993079"><ele>327</ele></trkpt>
      <trkpt lat="47.565154" lon="18.993163"><ele>325</ele></trkpt>
      <trkpt lat="47.565097" lon="18.993275"><ele>324</ele></trkpt>
      <trkpt lat="47.565068" lon="18.99341"><ele>322</ele></trkpt>
      <trkpt lat="47.565039" lon="18.993539"><ele>322</ele></trkpt>
      <trkpt lat="47.565" lon="18.99367"><ele>319</ele></trkpt>
      <trkpt lat="47.565005" lon="18.993804"><ele>319</ele></trkpt>
      <trkpt lat="47.564956" lon="18.993921"><ele>317</ele></trkpt>
      <trkpt lat="47.564901" lon="18.99403"><ele>315</ele></trkpt>
      <trkpt lat="47.564843" lon="18.994134"><ele>315</ele></trkpt>
      <trkpt lat="47.564795" lon="18.994254"><ele>312</ele></trkpt>
      <trkpt lat="47.564744" lon="18.994364"><ele>310</ele></trkpt>
      <trkpt lat="47.564685" lon="18.994474"><ele>310</ele></trkpt>
      <trkpt lat="47.564638" lon="18.994596"><ele>308</ele></trkpt>
      <trkpt lat="47.564635" lon="18.994731"><ele>307</ele></trkpt>
      <trkpt lat="47.564636" lon="18.994866"><ele>304</ele></trkpt>
      <trkpt lat="47.564617" lon="18.994998"><ele>304</ele></trkpt>
      <trkpt lat="47.564652" lon="18.995127"><ele>300</ele></trkpt>
      <trkpt lat="47.56464" lon="18.995259"><ele>300</ele></trkpt>
      <trkpt lat="47.564629" lon="18.995395"><ele>299</ele></trkpt>
      <trkpt lat="47.564586" lon="18.995512"><ele>297</ele></trkpt>
      <trkpt lat="47.564545" lon="18.995631"><ele>297</ele></trkpt>
      <trkpt lat="47.564516" lon="18.995757"><ele>294</ele></trkpt>
      <trkpt lat="47.564491" lon="18.995891"><ele>292</ele></trkpt>
      <trkpt lat="47.564486" lon="18.996028"><ele>290</ele></trkpt>
      <trkpt lat="47.564455" lon="18.996189"><ele>289</ele></trkpt>
      <trkpt lat="47.564396" lon="18.996301"><ele>287</ele></trkpt>
      <trkpt lat="47.564357" lon="18.996422"><ele>286</ele></trkpt>
      <trkpt lat="47.564313" lon="18.996539"><ele>284</ele></trkpt>
      <trkpt lat="47.564254" lon="18.996639"><ele>283</ele></trkpt>
      <trkpt lat="47.564205" lon="18.996756"><ele>281</ele></trkpt>
      <trkpt lat="47.564176" lon="18.996882"><ele>280</ele></trkpt>
      <trkpt lat="47.564104" lon="18.996967"><ele>278</ele></trkpt>
      <trkpt lat="47.56404" lon="18.997067"><ele>277</ele></trkpt>
      <trkpt lat="47.563977" lon="18.997172"><ele>277</ele></trkpt>
      <trkpt lat="47.56391" lon="18.997264"><ele>276</ele></trkpt>
      <trkpt lat="47.563857" lon="18.997373"><ele>275</ele></trkpt>
      <trkpt lat="47.563811" lon="18.99749"><ele>273</ele></trkpt>
      <trkpt lat="47.563744" lon="18.997585"><ele>274</ele></trkpt>
      <trkpt lat="47.563756" lon="18.997439"><ele>275</ele></trkpt>
      <trkpt lat="47.563727" lon="18.99757"><ele>273</ele></trkpt>
      <trkpt lat="47.563719" lon="18.997706"><ele>272</ele></trkpt>
      <trkpt lat="47.563694" lon="18.997838"><ele>271</ele></trkpt>
      <trkpt lat="47.563652" lon="18.997958"><ele>272</ele></trkpt>
      <trkpt lat="47.563621" lon="18.998089"><ele>270</ele></trkpt>
      <trkpt lat="47.563603" lon="18.998223"><ele>268</ele></trkpt>
      <trkpt lat="47.563553" lon="18.998344"><ele>268</ele></trkpt>
      <trkpt lat="47.56351" lon="18.998508"><ele>266</ele></trkpt>
      <trkpt lat="47.563443" lon="18.998766"><ele>266</ele></trkpt>
      <trkpt lat="47.563376" lon="18.999016"><ele>265</ele></trkpt>
      <trkpt lat="47.563511" lon="18.999194"><ele>260</ele></trkpt>
      <trkpt lat="47.563658" lon="18.999352"><ele>255</ele></trkpt>
      <trkpt lat="47.563787" lon="18.999551"><ele>253</ele></trkpt>
      <trkpt lat="47.563924" lon="18.999732"><ele>251</ele></trkpt>
      <trkpt lat="47.564074" lon="18.999925"><ele>246</ele></trkpt>
      <trkpt lat="47.564225" lon="19.000078"><ele>243</ele></trkpt>
      <trkpt lat="47.564368" lon="19.000244"><ele>239</ele></trkpt>
      <trkpt lat="47.564446" lon="19.000318"><ele>236</ele></trkpt>
      <trkpt lat="47.564519" lon="19.000401"><ele>234</ele></trkpt>
      <trkpt lat="47.564591" lon="19.000487"><ele>233</ele></trkpt>
      <trkpt lat="47.564654" lon="19.000584"><ele>231</ele></trkpt>
      <trkpt lat="47.564727" lon="19.000669"><ele>230</ele></trkpt>
      <trkpt lat="47.564795" lon="19.000758"><ele>227</ele></trkpt>
      <trkpt lat="47.564858" lon="19.000854"><ele>225</ele></trkpt>
      <trkpt lat="47.564924" lon="19.00095"><ele>225</ele></trkpt>
      <trkpt lat="47.564986" lon="19.001052"><ele>221</ele></trkpt>
      <trkpt lat="47.565067" lon="19.001112"><ele>221</ele></trkpt>
      <trkpt lat="47.565144" lon="19.001184"><ele>219</ele></trkpt>
      <trkpt lat="47.565201" lon="19.00129"><ele>221</ele></trkpt>
      <trkpt lat="47.565269" lon="19.001384"><ele>216</ele></trkpt>
      <trkpt lat="47.565334" lon="19.001485"><ele>216</ele></trkpt>
      <trkpt lat="47.565418" lon="19.001536"><ele>214</ele></trkpt>
      <trkpt lat="47.565488" lon="19.001626"><ele>214</ele></trkpt>
      <trkpt lat="47.565548" lon="19.001725"><ele>213</ele></trkpt>
      <trkpt lat="47.565619" lon="19.001805"><ele>211</ele></trkpt>
      <trkpt lat="47.565681" lon="19.001909"><ele>209</ele></trkpt>
      <trkpt lat="47.565749" lon="19.002004"><ele>208</ele></trkpt>
      <trkpt lat="47.565815" lon="19.002094"><ele>208</ele></trkpt>
      <trkpt lat="47.565895" lon="19.002165"><ele>206</ele></trkpt>
      <trkpt lat="47.565952" lon="19.002268"><ele>204</ele></trkpt>
      <trkpt lat="47.566028" lon="19.002361"><ele>204</ele></trkpt>
      <trkpt lat="47.56611" lon="19.00243"><ele>202</ele></trkpt>
      <trkpt lat="47.566166" lon="19.002538"><ele>200</ele></trkpt>
      <trkpt lat="47.566234" lon="19.002627"><ele>200</ele></trkpt>
      <trkpt lat="47.566307" lon="19.002713"><ele>200</ele></trkpt>
      <trkpt lat="47.566374" lon="19.002807"><ele>200</ele></trkpt>
      <trkpt lat="47.566446" lon="19.002901"><ele>196</ele></trkpt>
      <trkpt lat="47.566531" lon="19.002971"><ele>197</ele></trkpt>
      <trkpt lat="47.566595" lon="19.003066"><ele>196</ele></trkpt>
      <trkpt lat="47.566667" lon="19.00315"><ele>194</ele></trkpt>
      <trkpt lat="47.566757" lon="19.0032"><ele>192</ele></trkpt>
      <trkpt lat="47.566827" lon="19.00329"><ele>191</ele></trkpt>
      <trkpt lat="47.566878" lon="19.003403"><ele>190</ele></trkpt>
      <trkpt lat="47.56695" lon="19.003484"><ele>190</ele></trkpt>
      <trkpt lat="47.567029" lon="19.003551"><ele>189</ele></trkpt>
      <trkpt lat="47.567093" lon="19.003653"><ele>188</ele></trkpt>
      <trkpt lat="47.567174" lon="19.003719"><ele>186</ele></trkpt>
      <trkpt lat="47.567246" lon="19.003805"><ele>186</ele></trkpt>
      <trkpt lat="47.567313" lon="19.003893"><ele>185</ele></trkpt>
      <trkpt lat="47.567394" lon="19.003967"><ele>185</ele></trkpt>
      <trkpt lat="47.567466" lon="19.00405"><ele>185</ele></trkpt>
      <trkpt lat="47.567542" lon="19.004128"><ele>181</ele></trkpt>
      <trkpt lat="47.567618" lon="19.00421"><ele>180</ele></trkpt>
      <trkpt lat="47.567695" lon="19.004282"><ele>179</ele></trkpt>
      <trkpt lat="47.567775" lon="19.004347"><ele>178</ele></trkpt>
      <trkpt lat="47.567864" lon="19.004394"><ele>177</ele></trkpt>
      <trkpt lat="47.567945" lon="19.004465"><ele>175</ele></trkpt>
      <trkpt lat="47.568025" lon="19.004526"><ele>174</ele></trkpt>
      <trkpt lat="47.568104" lon="19.004608"><ele>172</ele></trkpt>
      <trkpt lat="47.568179" lon="19.004697"><ele>173</ele></trkpt>
      <trkpt lat="47.568235" lon="19.004816"><ele>172</ele></trkpt>
      <trkpt lat="47.568288" lon="19.004927"><ele>172</ele></trkpt>
      <trkpt lat="47.568334" lon="19.005045"><ele>170</ele></trkpt>
      <trkpt lat="47.568389" lon="19.005154"><ele>170</ele></trkpt>
      <trkpt lat="47.568457" lon="19.005257"><ele>168</ele></trkpt>
      <trkpt lat="47.568526" lon="19.005353"><ele>166</ele></trkpt>
      <trkpt lat="47.568581" lon="19.005457"><ele>165</ele></trkpt>
      <trkpt lat="47.568662" lon="19.005519"><ele>164</ele></trkpt>
      <trkpt lat="47.56874" lon="19.005602"><ele>162</ele></trkpt>
      <trkpt lat="47.568815" lon="19.005684"><ele>161</ele></trkpt>
      <trkpt lat="47.568897" lon="19.00575"><ele>160</ele></trkpt>
      <trkpt lat="47.568966" lon="19.005843"><ele>160</ele></trkpt>
      <trkpt lat="47.569045" lon="19.005917"><ele>158</ele></trkpt>
      <trkpt lat="47.569122" lon="19.005987"><ele>158</ele></trkpt>
      <trkpt lat="47.569194" lon="19.006071"><ele>158</ele></trkpt>
      <trkpt lat="47.569281" lon="19.006114"><ele>157</ele></trkpt>
      <trkpt lat="47.569387" lon="19.006195"><ele>157</ele></trkpt>
      <trkpt lat="47.569466" lon="19.006266"><ele>157</ele></trkpt>
      <trkpt lat="47.56955" lon="19.00633"><ele>155</ele></trkpt>
      <trkpt lat="47.569633" lon="19.006387"><ele>155</ele></trkpt>
      <trkpt lat="47.569704" lon="19.006475"><ele>154</ele></trkpt>
      <trkpt lat="47.569761" lon="19.006581"><ele>152</ele></trkpt>
      <trkpt lat="47.569826" lon="19.006679"><ele>150</ele></trkpt>
      <trkpt lat="47.569892" lon="19.006775"><ele>148</ele></trkpt>
      <trkpt lat="47.569955" lon="19.006871"><ele>147</ele></trkpt>
      <trkpt lat="47.57003" lon="19.006965"><ele>147</ele></trkpt>
      <trkpt lat="47.570091" lon="19.007069"><ele>147</ele></trkpt>
      <trkpt lat="47.570148" lon="19.007175"><ele>147</ele></trkpt>
      <trkpt lat="47.570215" lon="19.007272"><ele>145</ele></trkpt>
      <trkpt lat="47.570274" lon="19.00738"><ele>143</ele></trkpt>
      <trkpt lat="47.570344" lon="19.007469"><ele>142</ele></trkpt>
      <trkpt lat="47.570411" lon="19.007563"><ele>141</ele></trkpt>
      <trkpt lat="47.570472" lon="19.007661"><ele>140</ele></trkpt>
      <trkpt lat="47.570541" lon="19.007758"><ele>139</ele></trkpt>
      <trkpt lat="47.570604" lon="19.007852"><ele>139</ele></trkpt>
      <trkpt lat="47.570666" lon="19.007952"><ele>138</ele></trkpt>
      <trkpt lat="47.57073" lon="19.008047"><ele>138</ele></trkpt>
      <trkpt lat="47.570788" lon="19.00815"><ele>137</ele></trkpt>
      <trkpt lat="47.570845" lon="19.008257"><ele>137</ele></trkpt>
      <trkpt lat="47.570895" lon="19.008374"><ele>136</ele></trkpt>
      <trkpt lat="47.570956" lon="19.008479"><ele>134</ele></trkpt>
      <trkpt lat="47.570991" lon="19.008609"><ele>133</ele></trkpt>
      <trkpt lat="47.571056" lon="19.008709"><ele>134</ele></trkpt>
      <trkpt lat="47.571149" lon="19.008754"><ele>133</ele></trkpt>
      <trkpt lat="47.571241" lon="19.008717"><ele>134</ele></trkpt>
      <trkpt lat="47.571333" lon="19.008742"><ele>133</ele></trkpt>
      <trkpt lat="47.571408" lon="19.008825"><ele>134</ele></trkpt>
      <trkpt lat="47.571473" lon="19.008917"><ele>133</ele></trkpt>
      <trkpt lat="47.571531" lon="19.00902"><ele>131</ele></trkpt>
      <trkpt lat="47.571588" lon="19.009129"><ele>131</ele></trkpt>
      <trkpt lat="47.571648" lon="19.009232"><ele>129</ele></trkpt>
      <trkpt lat="47.571716" lon="19.009325"><ele>129</ele></trkpt>
      <trkpt lat="47.571784" lon="19.009421"><ele>129</ele></trkpt>
      <trkpt lat="47.571846" lon="19.009531"><ele>129</ele></trkpt>
      <trkpt lat="47.571919" lon="19.009616"><ele>127</ele></trkpt>
      <trkpt lat="47.57199" lon="19.009715"><ele>125</ele></trkpt>
      <trkpt lat="47.572053" lon="19.009816"><ele>125</ele></trkpt>
      <trkpt lat="47.572122" lon="19.009915"><ele>124</ele></trkpt>
      <trkpt lat="47.572179" lon="19.01002"><ele>124</ele></trkpt>
      <trkpt lat="47.572242" lon="19.010118"><ele>123</ele></trkpt>
      <trkpt lat="47.572321" lon="19.010214"><ele>123</ele></trkpt>
      <trkpt lat="47.572391" lon="19.0103"><ele>122</ele></trkpt>
      <trkpt lat="47.57246" lon="19.01041"><ele>122</ele></trkpt>
      <trkpt lat="47.572527" lon="19.010501"><ele>121</ele></trkpt>
      <trkpt lat="47.572584" lon="19.010608"><ele>121</ele></trkpt>
      <trkpt lat="47.572664" lon="19.010691"><ele>120</ele></trkpt>
      <trkpt lat="47.572731" lon="19.010781"><ele>119</ele></trkpt>
      <trkpt lat="47.57278" lon="19.010893"><ele>120</ele></trkpt>
      <trkpt lat="47.572841" lon="19.010999"><ele>119</ele></trkpt>
      <trkpt lat="47.572908" lon="19.011095"><ele>119</ele></trkpt>
      <trkpt lat="47.572978" lon="19.011181"><ele>118</ele></trkpt>
      <trkpt lat="47.573036" lon="19.011287"><ele>119</ele></trkpt>
      <trkpt lat="47.573085" lon="19.011416"><ele>119</ele></trkpt>
      <trkpt lat="47.573157" lon="19.011504"><ele>118</ele></trkpt>
      <trkpt lat="47.573217" lon="19.011605"><ele>119</ele></trkpt>
      <trkpt lat="47.573286" lon="19.011707"><ele>119</ele></trkpt>
      <trkpt lat="47.573339" lon="19.011814"><ele>118</ele></trkpt>
      <trkpt lat="47.573401" lon="19.011928"><ele>118</ele></trkpt>
      <trkpt lat="47.573466" lon="19.012025"><ele>117</ele></trkpt>
      <trkpt lat="47.573529" lon="19.012129"><ele>117</ele></trkpt>
      <trkpt lat="47.573595" lon="19.012231"><ele>117</ele></trkpt>
      <trkpt lat="47.573657" lon="19.012348"><ele>118</ele></trkpt>
      <trkpt lat="47.573716" lon="19.012452"><ele>118</ele></trkpt>
      <trkpt lat="47.573761" lon="19.012577"><ele>118</ele></trkpt>
      <trkpt lat="47.573834" lon="19.012675"><ele>118</ele></trkpt>
      <trkpt lat="47.573903" lon="19.012766"><ele>118</ele></trkpt>
      <trkpt lat="47.573965" lon="19.012868"><ele>118</ele></trkpt>
      <trkpt lat="47.574038" lon="19.012957"><ele>117</ele></trkpt>
      <trkpt lat="47.574103" lon="19.013063"><ele>116</ele></trkpt>
      <trkpt lat="47.574162" lon="19.013166"><ele>117</ele></trkpt>
      <trkpt lat="47.574223" lon="19.013274"><ele>117</ele></trkpt>
      <trkpt lat="47.57428" lon="19.013383"><ele>117</ele></trkpt>
      <trkpt lat="47.574341" lon="19.013492"><ele>117</ele></trkpt>
      <trkpt lat="47.574404" lon="19.013596"><ele>116</ele></trkpt>
      <trkpt lat="47.574478" lon="19.013696"><ele>116</ele></trkpt>
      <trkpt lat="47.574536" lon="19.01382"><ele>116</ele></trkpt>
      <trkpt lat="47.574596" lon="19.013925"><ele>116</ele></trkpt>
      <trkpt lat="47.574667" lon="19.014034"><ele>118</ele></trkpt>
      <trkpt lat="47.574738" lon="19.014134"><ele>118</ele></trkpt>
      <trkpt lat="47.574702" lon="19.014259"><ele>116</ele></trkpt>
      <trkpt lat="47.574713" lon="19.014397"><ele>118</ele></trkpt>
      <trkpt lat="47.574799" lon="19.01449"><ele>116</ele></trkpt>
      <trkpt lat="47.57474" lon="19.014602"><ele>116</ele></trkpt>
      <trkpt lat="47.574676" lon="19.014716"><ele>116</ele></trkpt>
      <trkpt lat="47.574605" lon="19.014813"><ele>116</ele></trkpt>
      <trkpt lat="47.574532" lon="19.014911"><ele>116</ele></trkpt>
      <trkpt lat="47.574455" lon="19.014988"><ele>116</ele></trkpt>
      <trkpt lat="47.574375" lon="19.015072"><ele>116</ele></trkpt>
      <trkpt lat="47.574296" lon="19.015153"><ele>116</ele></trkpt>
      <trkpt lat="47.574225" lon="19.015235"><ele>116</ele></trkpt>
      <trkpt lat="47.574145" lon="19.015305"><ele>116</ele></trkpt>
      <trkpt lat="47.574223" lon="19.015219"><ele>116</ele></trkpt>
      <trkpt lat="47.574294" lon="19.015136"><ele>116</ele></trkpt>
      <trkpt lat="47.574388" lon="19.015101"><ele>116</ele></trkpt>
      <trkpt lat="47.57448" lon="19.015149"><ele>116</ele></trkpt>
      <trkpt lat="47.574567" lon="19.015211"><ele>116</ele></trkpt>
      <trkpt lat="47.574536" lon="19.015336"><ele>116</ele></trkpt>
      <trkpt lat="47.574487" lon="19.015459"><ele>116</ele></trkpt>
      <trkpt lat="47.574445" lon="19.015584"><ele>116</ele></trkpt>
      <trkpt lat="47.574398" lon="19.015699"><ele>116</ele></trkpt>
      <trkpt lat="47.574369" lon="19.015835"><ele>117</ele></trkpt>
      <trkpt lat="47.574325" lon="19.015951"><ele>116</ele></trkpt>
      <trkpt lat="47.57426" lon="19.016056"><ele>117</ele></trkpt>
      <trkpt lat="47.574211" lon="19.016167"><ele>117</ele></trkpt>
      <trkpt lat="47.574164" lon="19.016284"><ele>116</ele></trkpt>
      <trkpt lat="47.574088" lon="19.016363"><ele>117</ele></trkpt>
      <trkpt lat="47.574025" lon="19.016472"><ele>117</ele></trkpt>
      <trkpt lat="47.573952" lon="19.016549"><ele>117</ele></trkpt>
      <trkpt lat="47.57389" lon="19.016658"><ele>117</ele></trkpt>
      <trkpt lat="47.573824" lon="19.016761"><ele>117</ele></trkpt>
      <trkpt lat="47.573905" lon="19.016838"><ele>117</ele></trkpt>
      <trkpt lat="47.573988" lon="19.016902"><ele>117</ele></trkpt>
      <trkpt lat="47.574072" lon="19.016953"><ele>117</ele></trkpt>
      <trkpt lat="47.574153" lon="19.017015"><ele>115</ele></trkpt>
      <trkpt lat="47.57425" lon="19.016997"><ele>115</ele></trkpt>
      <trkpt lat="47.574279" lon="19.01687"><ele>116</ele></trkpt>
      <trkpt lat="47.574318" lon="19.016739"><ele>115</ele></trkpt>
      <trkpt lat="47.574373" lon="19.016619"><ele>116</ele></trkpt>
      <trkpt lat="47.574422" lon="19.0165"><ele>116</ele></trkpt>
      <trkpt lat="47.574473" lon="19.016378"><ele>115</ele></trkpt>
      <trkpt lat="47.574523" lon="19.016261"><ele>116</ele></trkpt>
      <trkpt lat="47.57456" lon="19.016135"><ele>116</ele></trkpt>
      <trkpt lat="47.574606" lon="19.016017"><ele>116</ele></trkpt>
      <trkpt lat="47.574642" lon="19.015888"><ele>116</ele></trkpt>
      <trkpt lat="47.574683" lon="19.015766"><ele>115</ele></trkpt>
      <trkpt lat="47.574733" lon="19.015652"><ele>115</ele></trkpt>
      <trkpt lat="47.574787" lon="19.015541"><ele>116</ele></trkpt>
      <trkpt lat="47.574786" lon="19.015388"><ele>116</ele></trkpt>
      <trkpt lat="47.574861" lon="19.015305"><ele>116</ele></trkpt>
      <trkpt lat="47.574918" lon="19.015188"><ele>116</ele></trkpt>
      <trkpt lat="47.574966" lon="19.015072"><ele>116</ele></trkpt>
      <trkpt lat="47.575027" lon="19.014972"><ele>116</ele></trkpt>
      <trkpt lat="47.575084" lon="19.014866"><ele>116</ele></trkpt>
      <trkpt lat="47.575171" lon="19.014794"><ele>118</ele></trkpt>
      <trkpt lat="47.575227" lon="19.014688"><ele>118</ele></trkpt>
      <trkpt lat="47.575287" lon="19.014577"><ele>118</ele></trkpt>
      <trkpt lat="47.575361" lon="19.01449"><ele>118</ele></trkpt>
      <trkpt lat="47.575423" lon="19.014388"><ele>119</ele></trkpt>
      <trkpt lat="47.575476" lon="19.014279"><ele>119</ele></trkpt>
      <trkpt lat="47.57554" lon="19.01417"><ele>121</ele></trkpt>
      <trkpt lat="47.575605" lon="19.014075"><ele>121</ele></trkpt>
      <trkpt lat="47.575666" lon="19.013976"><ele>121</ele></trkpt>
      <trkpt lat="47.575759" lon="19.013973"><ele>122</ele></trkpt>
      <trkpt lat="47.575851" lon="19.013952"><ele>124</ele></trkpt>
      <trkpt lat="47.575926" lon="19.014034"><ele>124</ele></trkpt>
      <trkpt lat="47.575985" lon="19.01415"><ele>124</ele></trkpt>
      <trkpt lat="47.576069" lon="19.014209"><ele>124</ele></trkpt>
      <trkpt lat="47.576156" lon="19.014284"><ele>124</ele></trkpt>
      <trkpt lat="47.576222" lon="19.014388"><ele>126</ele></trkpt>
      <trkpt lat="47.576287" lon="19.014511"><ele>128</ele></trkpt>
      <trkpt lat="47.576363" lon="19.014585"><ele>130</ele></trkpt>
      <trkpt lat="47.576439" lon="19.014667"><ele>130</ele></trkpt>
      <trkpt lat="47.576514" lon="19.014744"><ele>130</ele></trkpt>
      <trkpt lat="47.576574" lon="19.014848"><ele>133</ele></trkpt>
      <trkpt lat="47.576653" lon="19.014915"><ele>133</ele></trkpt>
      <trkpt lat="47.576727" lon="19.014991"><ele>135</ele></trkpt>
      <trkpt lat="47.576807" lon="19.015061"><ele>136</ele></trkpt>
      <trkpt lat="47.576889" lon="19.015135"><ele>137</ele></trkpt>
      <trkpt lat="47.576966" lon="19.015207"><ele>137</ele></trkpt>
      <trkpt lat="47.577045" lon="19.015278"><ele>140</ele></trkpt>
      <trkpt lat="47.577116" lon="19.01536"><ele>139</ele></trkpt>
      <trkpt lat="47.577188" lon="19.015442"><ele>141</ele></trkpt>
      <trkpt lat="47.577254" lon="19.015534"><ele>143</ele></trkpt>
      <trkpt lat="47.577323" lon="19.015625"><ele>144</ele></trkpt>
      <trkpt lat="47.577412" lon="19.01567"><ele>145</ele></trkpt>
      <trkpt lat="47.577481" lon="19.015756"><ele>145</ele></trkpt>
      <trkpt lat="47.577549" lon="19.015853"><ele>147</ele></trkpt>
      <trkpt lat="47.57763" lon="19.015922"><ele>148</ele></trkpt>
      <trkpt lat="47.577694" lon="19.016025"><ele>150</ele></trkpt>
      <trkpt lat="47.577776" lon="19.016083"><ele>150</ele></trkpt>
      <trkpt lat="47.577858" lon="19.016142"><ele>150</ele></trkpt>
      <trkpt lat="47.577943" lon="19.016198"><ele>150</ele></trkpt>
      <trkpt lat="47.578011" lon="19.016284"><ele>150</ele></trkpt>
      <trkpt lat="47.57809" lon="19.01636"><ele>150</ele></trkpt>
      <trkpt lat="47.578205" lon="19.016517"><ele>151</ele></trkpt>
      <trkpt lat="47.578273" lon="19.016618"><ele>151</ele></trkpt>
      <trkpt lat="47.578349" lon="19.016706"><ele>154</ele></trkpt>
      <trkpt lat="47.578416" lon="19.016798"><ele>156</ele></trkpt>
      <trkpt lat="47.578491" lon="19.016883"><ele>157</ele></trkpt>
      <trkpt lat="47.57858" lon="19.016929"><ele>158</ele></trkpt>
      <trkpt lat="47.578665" lon="19.016984"><ele>160</ele></trkpt>
      <trkpt lat="47.578747" lon="19.017044"><ele>160</ele></trkpt>
      <trkpt lat="47.578837" lon="19.017109"><ele>162</ele></trkpt>
      <trkpt lat="47.578924" lon="19.01715"><ele>164</ele></trkpt>
      <trkpt lat="47.579014" lon="19.017156"><ele>166</ele></trkpt>
      <trkpt lat="47.579102" lon="19.017193"><ele>168</ele></trkpt>
      <trkpt lat="47.579195" lon="19.017219"><ele>169</ele></trkpt>
      <trkpt lat="47.579453" lon="19.01737"><ele>177</ele></trkpt>
      <trkpt lat="47.579519" lon="19.017475"><ele>179</ele></trkpt>
      <trkpt lat="47.579606" lon="19.017528"><ele>179</ele></trkpt>
      <trkpt lat="47.579696" lon="19.017589"><ele>179</ele></trkpt>
      <trkpt lat="47.579772" lon="19.017667"><ele>180</ele></trkpt>
      <trkpt lat="47.579839" lon="19.017758"><ele>180</ele></trkpt>
      <trkpt lat="47.57991" lon="19.017845"><ele>181</ele></trkpt>
      <trkpt lat="47.579976" lon="19.01794"><ele>181</ele></trkpt>
      <trkpt lat="47.580042" lon="19.018034"><ele>181</ele></trkpt>
      <trkpt lat="47.580121" lon="19.018115"><ele>181</ele></trkpt>
      <trkpt lat="47.580191" lon="19.018207"><ele>181</ele></trkpt>
      <trkpt lat="47.58027" lon="19.018281"><ele>181</ele></trkpt>
      <trkpt lat="47.580345" lon="19.018365"><ele>181</ele></trkpt>
      <trkpt lat="47.580408" lon="19.018465"><ele>181</ele></trkpt>
      <trkpt lat="47.580478" lon="19.018557"><ele>181</ele></trkpt>
      <trkpt lat="47.580555" lon="19.018627"><ele>181</ele></trkpt>
      <trkpt lat="47.580642" lon="19.018672"><ele>181</ele></trkpt>
      <trkpt lat="47.58073" lon="19.018635"><ele>181</ele></trkpt>
      <trkpt lat="47.580809" lon="19.018564"><ele>181</ele></trkpt>
      <trkpt lat="47.580902" lon="19.018529"><ele>181</ele></trkpt>
      <trkpt lat="47.580995" lon="19.018533"><ele>181</ele></trkpt>
      <trkpt lat="47.581078" lon="19.018587"><ele>181</ele></trkpt>
      <trkpt lat="47.581165" lon="19.018631"><ele>180</ele></trkpt>
      <trkpt lat="47.581249" lon="19.018684"><ele>181</ele></trkpt>
      <trkpt lat="47.581337" lon="19.018723"><ele>180</ele></trkpt>
      <trkpt lat="47.581422" lon="19.018784"><ele>180</ele></trkpt>
      <trkpt lat="47.581518" lon="19.018808"><ele>181</ele></trkpt>
      <trkpt lat="47.581599" lon="19.018868"><ele>181</ele></trkpt>
      <trkpt lat="47.581683" lon="19.018918"><ele>181</ele></trkpt>
      <trkpt lat="47.58177" lon="19.018973"><ele>181</ele></trkpt>
      <trkpt lat="47.581865" lon="19.018998"><ele>181</ele></trkpt>
      <trkpt lat="47.581927" lon="19.019103"><ele>181</ele></trkpt>
      <trkpt lat="47.582019" lon="19.019091"><ele>181</ele></trkpt>
      <trkpt lat="47.582106" lon="19.01913"><ele>181</ele></trkpt>
      <trkpt lat="47.582194" lon="19.019175"><ele>181</ele></trkpt>
      <trkpt lat="47.582277" lon="19.019236"><ele>180</ele></trkpt>
      <trkpt lat="47.58236" lon="19.019296"><ele>180</ele></trkpt>
      <trkpt lat="47.582452" lon="19.019332"><ele>181</ele></trkpt>
      <trkpt lat="47.582541" lon="19.01937"><ele>177</ele></trkpt>
      <trkpt lat="47.582625" lon="19.019433"><ele>177</ele></trkpt>
      <trkpt lat="47.582706" lon="19.01949"><ele>177</ele></trkpt>
      <trkpt lat="47.582798" lon="19.019521"><ele>174</ele></trkpt>
      <trkpt lat="47.582882" lon="19.019591"><ele>175</ele></trkpt>
      <trkpt lat="47.582968" lon="19.019639"><ele>174</ele></trkpt>
      <trkpt lat="47.583052" lon="19.01969"><ele>172</ele></trkpt>
      <trkpt lat="47.583142" lon="19.019736"><ele>172</ele></trkpt>
      <trkpt lat="47.583216" lon="19.019836"><ele>174</ele></trkpt>
      <trkpt lat="47.583327" lon="19.01993"><ele>172</ele></trkpt>
      <trkpt lat="47.58339" lon="19.020031"><ele>167</ele></trkpt>
      <trkpt lat="47.58347" lon="19.020093"><ele>167</ele></trkpt>
      <trkpt lat="47.583557" lon="19.020138"><ele>167</ele></trkpt>
      <trkpt lat="47.58363" lon="19.020217"><ele>167</ele></trkpt>
      <trkpt lat="47.583714" lon="19.020268"><ele>165</ele></trkpt>
      <trkpt lat="47.583803" lon="19.020307"><ele>164</ele></trkpt>
      <trkpt lat="47.583881" lon="19.020376"><ele>165</ele></trkpt>
      <trkpt lat="47.58397" lon="19.020432"><ele>162</ele></trkpt>
      <trkpt lat="47.584058" lon="19.020494"><ele>162</ele></trkpt>
      <trkpt lat="47.584139" lon="19.020565"><ele>163</ele></trkpt>
      <trkpt lat="47.584233" lon="19.020588"><ele>162</ele></trkpt>
      <trkpt lat="47.584324" lon="19.020614"><ele>162</ele></trkpt>
      <trkpt lat="47.584404" lon="19.020685"><ele>162</ele></trkpt>
      <trkpt lat="47.584489" lon="19.020739"><ele>160</ele></trkpt>
      <trkpt lat="47.584576" lon="19.020779"><ele>159</ele></trkpt>
      <trkpt lat="47.58467" lon="19.020798"><ele>158</ele></trkpt>
      <trkpt lat="47.584764" lon="19.020807"><ele>157</ele></trkpt>
      <trkpt lat="47.584847" lon="19.020864"><ele>156</ele></trkpt>
      <trkpt lat="47.584931" lon="19.020936"><ele>155</ele></trkpt>
      <trkpt lat="47.585023" lon="19.020948"><ele>156</ele></trkpt>
      <trkpt lat="47.5851" lon="19.020877"><ele>157</ele></trkpt>
      <trkpt lat="47.585141" lon="19.020747"><ele>157</ele></trkpt>
      <trkpt lat="47.585191" lon="19.020628"><ele>158</ele></trkpt>
      <trkpt lat="47.585248" lon="19.020516"><ele>159</ele></trkpt>
      <trkpt lat="47.585301" lon="19.020406"><ele>162</ele></trkpt>
      <trkpt lat="47.585346" lon="19.020287"><ele>162</ele></trkpt>
      <trkpt lat="47.585391" lon="19.020161"><ele>164</ele></trkpt>
      <trkpt lat="47.585457" lon="19.020052"><ele>165</ele></trkpt>
      <trkpt lat="47.585512" lon="19.019936"><ele>166</ele></trkpt>
      <trkpt lat="47.585576" lon="19.019838"><ele>166</ele></trkpt>
      <trkpt lat="47.585633" lon="19.019729"><ele>167</ele></trkpt>
      <trkpt lat="47.585667" lon="19.019588"><ele>170</ele></trkpt>
      <trkpt lat="47.585753" lon="19.019544"><ele>171</ele></trkpt>
      <trkpt lat="47.585837" lon="19.019592"><ele>173</ele></trkpt>
      <trkpt lat="47.585909" lon="19.019684"><ele>174</ele></trkpt>
      <trkpt lat="47.586002" lon="19.019705"><ele>174</ele></trkpt>
      <trkpt lat="47.58605" lon="19.019583"><ele>175</ele></trkpt>
      <trkpt lat="47.586114" lon="19.019445"><ele>175</ele></trkpt>
      <trkpt lat="47.586193" lon="19.019378"><ele>176</ele></trkpt>
      <trkpt lat="47.586262" lon="19.019281"><ele>179</ele></trkpt>
      <trkpt lat="47.586392" lon="19.019285"><ele>181</ele></trkpt>
      <trkpt lat="47.586512" lon="19.0193"><ele>185</ele></trkpt>
      <trkpt lat="47.586706" lon="19.019457"><ele>191</ele></trkpt>
      <trkpt lat="47.586915" lon="19.019651"><ele>200</ele></trkpt>
      <trkpt lat="47.586993" lon="19.019729"><ele>203</ele></trkpt>
      <trkpt lat="47.587063" lon="19.019828"><ele>204</ele></trkpt>
      <trkpt lat="47.587145" lon="19.019881"><ele>206</ele></trkpt>
      <trkpt lat="47.587227" lon="19.019941"><ele>207</ele></trkpt>
      <trkpt lat="47.587282" lon="19.020051"><ele>208</ele></trkpt>
      <trkpt lat="47.587351" lon="19.020158"><ele>209</ele></trkpt>
      <trkpt lat="47.587435" lon="19.020219"><ele>211</ele></trkpt>
      <trkpt lat="47.587498" lon="19.020319"><ele>213</ele></trkpt>
      <trkpt lat="47.587587" lon="19.020291"><ele>216</ele></trkpt>
      <trkpt lat="47.587669" lon="19.020353"><ele>216</ele></trkpt>
      <trkpt lat="47.58776" lon="19.020296"><ele>216</ele></trkpt>
      <trkpt lat="47.587783" lon="19.020464"><ele>219</ele></trkpt>
      <trkpt lat="47.587774" lon="19.020683"><ele>222</ele></trkpt>
      <trkpt lat="47.587786" lon="19.020929"><ele>227</ele></trkpt>
      <trkpt lat="47.587783" lon="19.021066"><ele>227</ele></trkpt>
      <trkpt lat="47.587719" lon="19.021163"><ele>227</ele></trkpt>
      <trkpt lat="47.587662" lon="19.021274"><ele>227</ele></trkpt>
      <trkpt lat="47.587575" lon="19.02133"><ele>226</ele></trkpt>
      <trkpt lat="47.587656" lon="19.021263"><ele>227</ele></trkpt>
      <trkpt lat="47.587743" lon="19.021305"><ele>227</ele></trkpt>
      <trkpt lat="47.5879" lon="19.021451"><ele>227</ele></trkpt>
      <trkpt lat="47.587905" lon="19.021589"><ele>225</ele></trkpt>
      <trkpt lat="47.587935" lon="19.021722"><ele>225</ele></trkpt>
      <trkpt lat="47.587951" lon="19.021854"><ele>222</ele></trkpt>
      <trkpt lat="47.587962" lon="19.021989"><ele>221</ele></trkpt>
      <trkpt lat="47.587951" lon="19.022123"><ele>222</ele></trkpt>
      <trkpt lat="47.587968" lon="19.022261"><ele>223</ele></trkpt>
      <trkpt lat="47.587962" lon="19.022397"><ele>223</ele></trkpt>
      <trkpt lat="47.587968" lon="19.022533"><ele>222</ele></trkpt>
      <trkpt lat="47.587996" lon="19.02267"><ele>222</ele></trkpt>
      <trkpt lat="47.588006" lon="19.022806"><ele>222</ele></trkpt>
      <trkpt lat="47.588008" lon="19.022941"><ele>222</ele></trkpt>
      <trkpt lat="47.588045" lon="19.023071"><ele>223</ele></trkpt>
      <trkpt lat="47.58801" lon="19.023193"><ele>223</ele></trkpt>
      <trkpt lat="47.588037" lon="19.023321"><ele>223</ele></trkpt>
      <trkpt lat="47.588052" lon="19.023471"><ele>223</ele></trkpt>
      <trkpt lat="47.588079" lon="19.023602"><ele>223</ele></trkpt>
      <trkpt lat="47.588103" lon="19.023735"><ele>221</ele></trkpt>
      <trkpt lat="47.588108" lon="19.023884"><ele>222</ele></trkpt>
      <trkpt lat="47.5881" lon="19.024018"><ele>223</ele></trkpt>
      <trkpt lat="47.588122" lon="19.024155"><ele>222</ele></trkpt>
      <trkpt lat="47.588127" lon="19.024292"><ele>223</ele></trkpt>
      <trkpt lat="47.588159" lon="19.024426"><ele>224</ele></trkpt>
      <trkpt lat="47.588159" lon="19.024567"><ele>224</ele></trkpt>
      <trkpt lat="47.588175" lon="19.024701"><ele>225</ele></trkpt>
      <trkpt lat="47.588183" lon="19.024835"><ele>225</ele></trkpt>
      <trkpt lat="47.588174" lon="19.024972"><ele>226</ele></trkpt>
      <trkpt lat="47.588191" lon="19.025107"><ele>227</ele></trkpt>
      <trkpt lat="47.588179" lon="19.02524"><ele>227</ele></trkpt>
      <trkpt lat="47.588219" lon="19.025367"><ele>227</ele></trkpt>
      <trkpt lat="47.588248" lon="19.0255"><ele>226</ele></trkpt>
      <trkpt lat="47.588254" lon="19.025645"><ele>226</ele></trkpt>
      <trkpt lat="47.588274" lon="19.025794"><ele>227</ele></trkpt>
      <trkpt lat="47.588273" lon="19.025937"><ele>228</ele></trkpt>
      <trkpt lat="47.588252" lon="19.02607"><ele>229</ele></trkpt>
      <trkpt lat="47.588228" lon="19.026204"><ele>231</ele></trkpt>
      <trkpt lat="47.588196" lon="19.02633"><ele>232</ele></trkpt>
      <trkpt lat="47.588182" lon="19.026462"><ele>234</ele></trkpt>
      <trkpt lat="47.58819" lon="19.026598"><ele>233</ele></trkpt>
      <trkpt lat="47.588175" lon="19.026732"><ele>233</ele></trkpt>
      <trkpt lat="47.588155" lon="19.026864"><ele>234</ele></trkpt>
      <trkpt lat="47.588133" lon="19.027009"><ele>235</ele></trkpt>
      <trkpt lat="47.588086" lon="19.027246"><ele>233</ele></trkpt>
      <trkpt lat="47.588084" lon="19.02738"><ele>232</ele></trkpt>
      <trkpt lat="47.588055" lon="19.027512"><ele>232</ele></trkpt>
      <trkpt lat="47.588033" lon="19.027659"><ele>229</ele></trkpt>
      <trkpt lat="47.588034" lon="19.027797"><ele>229</ele></trkpt>
      <trkpt lat="47.588015" lon="19.02793"><ele>227</ele></trkpt>
      <trkpt lat="47.587993" lon="19.028061"><ele>227</ele></trkpt>
      <trkpt lat="47.58799" lon="19.028202"><ele>226</ele></trkpt>
      <trkpt lat="47.587972" lon="19.028334"><ele>225</ele></trkpt>
      <trkpt lat="47.587937" lon="19.028458"><ele>224</ele></trkpt>
      <trkpt lat="47.587935" lon="19.028598"><ele>222</ele></trkpt>
      <trkpt lat="47.587929" lon="19.028733"><ele>222</ele></trkpt>
      <trkpt lat="47.587894" lon="19.028859"><ele>221</ele></trkpt>
      <trkpt lat="47.587888" lon="19.028994"><ele>221</ele></trkpt>
      <trkpt lat="47.587861" lon="19.029132"><ele>219</ele></trkpt>
      <trkpt lat="47.587832" lon="19.029262"><ele>218</ele></trkpt>
      <trkpt lat="47.587813" lon="19.029396"><ele>218</ele></trkpt>
      <trkpt lat="47.587787" lon="19.02953"><ele>215</ele></trkpt>
      <trkpt lat="47.587785" lon="19.029664"><ele>214</ele></trkpt>
      <trkpt lat="47.587853" lon="19.029759"><ele>211</ele></trkpt>
      <trkpt lat="47.587943" lon="19.029808"><ele>208</ele></trkpt>
      <trkpt lat="47.588027" lon="19.029759"><ele>208</ele></trkpt>
      <trkpt lat="47.588114" lon="19.029702"><ele>208</ele></trkpt>
      <trkpt lat="47.58821" lon="19.029652"><ele>209</ele></trkpt>
      <trkpt lat="47.5883" lon="19.029699"><ele>207</ele></trkpt>
      <trkpt lat="47.588372" lon="19.029789"><ele>208</ele></trkpt>
      <trkpt lat="47.588459" lon="19.029848"><ele>208</ele></trkpt>
      <trkpt lat="47.588547" lon="19.029915"><ele>207</ele></trkpt>
      <trkpt lat="47.588629" lon="19.029982"><ele>207</ele></trkpt>
      <trkpt lat="47.588715" lon="19.03004"><ele>207</ele></trkpt>
      <trkpt lat="47.588798" lon="19.030119"><ele>207</ele></trkpt>
      <trkpt lat="47.588876" lon="19.030205"><ele>206</ele></trkpt>
      <trkpt lat="47.588965" lon="19.030266"><ele>206</ele></trkpt>
      <trkpt lat="47.589051" lon="19.030336"><ele>206</ele></trkpt>
      <trkpt lat="47.589117" lon="19.030437"><ele>207</ele></trkpt>
      <trkpt lat="47.589099" lon="19.030571"><ele>205</ele></trkpt>
      <trkpt lat="47.589084" lon="19.030709"><ele>205</ele></trkpt>
      <trkpt lat="47.589064" lon="19.030848"><ele>205</ele></trkpt>
      <trkpt lat="47.589038" lon="19.030981"><ele>204</ele></trkpt>
      <trkpt lat="47.589015" lon="19.031118"><ele>204</ele></trkpt>
      <trkpt lat="47.58896" lon="19.031225"><ele>203</ele></trkpt>
      <trkpt lat="47.588925" lon="19.031363"><ele>204</ele></trkpt>
      <trkpt lat="47.588924" lon="19.031497"><ele>204</ele></trkpt>
      <trkpt lat="47.588869" lon="19.031611"><ele>203</ele></trkpt>
      <trkpt lat="47.58881" lon="19.031724"><ele>204</ele></trkpt>
      <trkpt lat="47.58877" lon="19.031847"><ele>204</ele></trkpt>
      <trkpt lat="47.58875" lon="19.031979"><ele>202</ele></trkpt>
      <trkpt lat="47.588758" lon="19.032126"><ele>202</ele></trkpt>
      <trkpt lat="47.588678" lon="19.032226"><ele>200</ele></trkpt>
      <trkpt lat="47.588607" lon="19.03231"><ele>198</ele></trkpt>
      <trkpt lat="47.588541" lon="19.032416"><ele>198</ele></trkpt>
      <trkpt lat="47.588464" lon="19.032501"><ele>198</ele></trkpt>
      <trkpt lat="47.588385" lon="19.032568"><ele>198</ele></trkpt>
      <trkpt lat="47.588304" lon="19.032652"><ele>198</ele></trkpt>
      <trkpt lat="47.588239" lon="19.032751"><ele>198</ele></trkpt>
      <trkpt lat="47.588237" lon="19.032891"><ele>198</ele></trkpt>
      <trkpt lat="47.58822" lon="19.033024"><ele>198</ele></trkpt>
      <trkpt lat="47.588267" lon="19.033139"><ele>198</ele></trkpt>
      <trkpt lat="47.588328" lon="19.033248"><ele>198</ele></trkpt>
      <trkpt lat="47.58839" lon="19.033351"><ele>198</ele></trkpt>
      <trkpt lat="47.588439" lon="19.033465"><ele>196</ele></trkpt>
      <trkpt lat="47.588429" lon="19.033602"><ele>196</ele></trkpt>
      <trkpt lat="47.588392" lon="19.033734"><ele>193</ele></trkpt>
      <trkpt lat="47.588408" lon="19.033867"><ele>196</ele></trkpt>
      <trkpt lat="47.588478" lon="19.033954"><ele>196</ele></trkpt>
      <trkpt lat="47.588575" lon="19.033944"><ele>199</ele></trkpt>
      <trkpt lat="47.588669" lon="19.033942"><ele>199</ele></trkpt>
      <trkpt lat="47.588754" lon="19.033883"><ele>199</ele></trkpt>
      <trkpt lat="47.588847" lon="19.033848"><ele>203</ele></trkpt>
      <trkpt lat="47.588937" lon="19.0338"><ele>204</ele></trkpt>
      <trkpt lat="47.589025" lon="19.033765"><ele>206</ele></trkpt>
      <trkpt lat="47.589112" lon="19.03373"><ele>207</ele></trkpt>
      <trkpt lat="47.589207" lon="19.033699"><ele>207</ele></trkpt>
      <trkpt lat="47.589301" lon="19.03369"><ele>209</ele></trkpt>
      <trkpt lat="47.589388" lon="19.033655"><ele>211</ele></trkpt>
      <trkpt lat="47.589487" lon="19.033649"><ele>213</ele></trkpt>
      <trkpt lat="47.589578" lon="19.033599"><ele>213</ele></trkpt>
      <trkpt lat="47.589649" lon="19.033681"><ele>211</ele></trkpt>
      <trkpt lat="47.589769" lon="19.033828"><ele>211</ele></trkpt>
      <trkpt lat="47.589899" lon="19.034024"><ele>214</ele></trkpt>
      <trkpt lat="47.590073" lon="19.034114"><ele>220</ele></trkpt>
      <trkpt lat="47.590239" lon="19.034249"><ele>223</ele></trkpt>
      <trkpt lat="47.590414" lon="19.034316"><ele>227</ele></trkpt>
      <trkpt lat="47.59032" lon="19.034578"><ele>222</ele></trkpt>
      <trkpt lat="47.590441" lon="19.034784"><ele>221</ele></trkpt>
      <trkpt lat="47.590389" lon="19.035039"><ele>226</ele></trkpt>
      <trkpt lat="47.59031" lon="19.035283"><ele>226</ele></trkpt>
      <trkpt lat="47.590231" lon="19.035522"><ele>221</ele></trkpt>
      <trkpt lat="47.590223" lon="19.036052"><ele>196</ele></trkpt>
      <trkpt lat="47.590313" lon="19.036064"><ele>196</ele></trkpt>
      <trkpt lat="47.590392" lon="19.036134"><ele>196</ele></trkpt>
      <trkpt lat="47.590468" lon="19.036236"><ele>196</ele></trkpt>
      <trkpt lat="47.590452" lon="19.036367"><ele>196</ele></trkpt>
      <trkpt lat="47.590468" lon="19.036504"><ele>196</ele></trkpt>
      <trkpt lat="47.590513" lon="19.036624"><ele>197</ele></trkpt>
      <trkpt lat="47.590549" lon="19.036755"><ele>197</ele></trkpt>
      <trkpt lat="47.590591" lon="19.036873"><ele>197</ele></trkpt>
      <trkpt lat="47.590663" lon="19.036954"><ele>196</ele></trkpt>
      <trkpt lat="47.59057" lon="19.036993"><ele>196</ele></trkpt>
      <trkpt lat="47.590496" lon="19.037075"><ele>196</ele></trkpt>
      <trkpt lat="47.590422" lon="19.03716"><ele>194</ele></trkpt>
      <trkpt lat="47.590319" lon="19.037178"><ele>191</ele></trkpt>
      <trkpt lat="47.590302" lon="19.037346"><ele>184</ele></trkpt>
      <trkpt lat="47.590221" lon="19.037406"><ele>183</ele></trkpt>
      <trkpt lat="47.590148" lon="19.037497"><ele>178</ele></trkpt>
      <trkpt lat="47.590117" lon="19.037625"><ele>175</ele></trkpt>
      <trkpt lat="47.590126" lon="19.037762"><ele>171</ele></trkpt>
      <trkpt lat="47.590216" lon="19.037799"><ele>170</ele></trkpt>
      <trkpt lat="47.590308" lon="19.037776"><ele>170</ele></trkpt>
      <trkpt lat="47.590398" lon="19.037802"><ele>168</ele></trkpt>
      <trkpt lat="47.590488" lon="19.037833"><ele>167</ele></trkpt>
      <trkpt lat="47.590575" lon="19.037892"><ele>166</ele></trkpt>
      <trkpt lat="47.590502" lon="19.037998"><ele>163</ele></trkpt>
      <trkpt lat="47.590285" lon="19.038195"><ele>157</ele></trkpt>
      <trkpt lat="47.590218" lon="19.038291"><ele>157</ele></trkpt>
      <trkpt lat="47.590281" lon="19.038455"><ele>155</ele></trkpt>
      <trkpt lat="47.590376" lon="19.038489"><ele>154</ele></trkpt>
      <trkpt lat="47.590485" lon="19.038599"><ele>152</ele></trkpt>
      <trkpt lat="47.59057" lon="19.038644"><ele>152</ele></trkpt>
      <trkpt lat="47.590572" lon="19.03878"><ele>152</ele></trkpt>
      <trkpt lat="47.590477" lon="19.038797"><ele>151</ele></trkpt>
      <trkpt lat="47.590461" lon="19.039005"><ele>145</ele></trkpt>
      <trkpt lat="47.590457" lon="19.039139"><ele>143</ele></trkpt>
      <trkpt lat="47.590447" lon="19.039276"><ele>141</ele></trkpt>
      <trkpt lat="47.590447" lon="19.039419"><ele>139</ele></trkpt>
      <trkpt lat="47.590459" lon="19.039553"><ele>137</ele></trkpt>
      <trkpt lat="47.590443" lon="19.039686"><ele>136</ele></trkpt>
      <trkpt lat="47.590436" lon="19.039824"><ele>135</ele></trkpt>
      <trkpt lat="47.590446" lon="19.039956"><ele>133</ele></trkpt>
      <trkpt lat="47.590405" lon="19.040086"><ele>132</ele></trkpt>
      <trkpt lat="47.590315" lon="19.040078"><ele>130</ele></trkpt>
      <trkpt lat="47.590223" lon="19.040055"><ele>130</ele></trkpt>
      <trkpt lat="47.590136" lon="19.040091"><ele>129</ele></trkpt>
      <trkpt lat="47.590046" lon="19.040056"><ele>130</ele></trkpt>
      <trkpt lat="47.589954" lon="19.040034"><ele>130</ele></trkpt>
      <trkpt lat="47.589861" lon="19.040019"><ele>130</ele></trkpt>
      <trkpt lat="47.589769" lon="19.040028"><ele>130</ele></trkpt>
      <trkpt lat="47.589677" lon="19.040008"><ele>129</ele></trkpt>
      <trkpt lat="47.589582" lon="19.040043"><ele>130</ele></trkpt>
      <trkpt lat="47.589484" lon="19.040023"><ele>128</ele></trkpt>
      <trkpt lat="47.589399" lon="19.039969"><ele>128</ele></trkpt>
      <trkpt lat="47.589298" lon="19.039977"><ele>128</ele></trkpt>
      <trkpt lat="47.589202" lon="19.03996"><ele>127</ele></trkpt>
      <trkpt lat="47.589113" lon="19.039936"><ele>126</ele></trkpt>
      <trkpt lat="47.589018" lon="19.039952"><ele>126</ele></trkpt>
      <trkpt lat="47.588941" lon="19.040024"><ele>125</ele></trkpt>
      <trkpt lat="47.588871" lon="19.040118"><ele>125</ele></trkpt>
      <trkpt lat="47.588808" lon="19.040216"><ele>125</ele></trkpt>
      <trkpt lat="47.588738" lon="19.040303"><ele>125</ele></trkpt>
      <trkpt lat="47.588674" lon="19.040406"><ele>123</ele></trkpt>
      <trkpt lat="47.588591" lon="19.040471"><ele>122</ele></trkpt>
      <trkpt lat="47.588507" lon="19.040522"><ele>122</ele></trkpt>
      <trkpt lat="47.588458" lon="19.040648"><ele>123</ele></trkpt>
      <trkpt lat="47.588391" lon="19.040746"><ele>122</ele></trkpt>
      <trkpt lat="47.588323" lon="19.04085"><ele>119</ele></trkpt>
      <trkpt lat="47.58829" lon="19.040976"><ele>119</ele></trkpt>
      <trkpt lat="47.58823" lon="19.041085"><ele>120</ele></trkpt>
      <trkpt lat="47.588153" lon="19.041159"><ele>117</ele></trkpt>
      <trkpt lat="47.58808" lon="19.041243"><ele>119</ele></trkpt>
      <trkpt lat="47.587998" lon="19.0413"><ele>117</ele></trkpt>
      <trkpt lat="47.587917" lon="19.041359"><ele>116</ele></trkpt>
      <trkpt lat="47.587838" lon="19.04143"><ele>116</ele></trkpt>
      <trkpt lat="47.587758" lon="19.041511"><ele>116</ele></trkpt>
      <trkpt lat="47.587679" lon="19.041581"><ele>116</ele></trkpt>
      <trkpt lat="47.587591" lon="19.041625"><ele>114</ele></trkpt>
      <trkpt lat="47.58751" lon="19.041688"><ele>115</ele></trkpt>
      <trkpt lat="47.587422" lon="19.041765"><ele>114</ele></trkpt>
      <trkpt lat="47.587335" lon="19.041823"><ele>112</ele></trkpt>
      <trkpt lat="47.587252" lon="19.041898"><ele>112</ele></trkpt>
      <trkpt lat="47.587168" lon="19.041973"><ele>112</ele></trkpt>
      <trkpt lat="47.587086" lon="19.042044"><ele>112</ele></trkpt>
      <trkpt lat="47.587005" lon="19.042112"><ele>112</ele></trkpt>
      <trkpt lat="47.586926" lon="19.042183"><ele>112</ele></trkpt>
      <trkpt lat="47.586843" lon="19.042262"><ele>110</ele></trkpt>
      <trkpt lat="47.586773" lon="19.04236"><ele>110</ele></trkpt>
      <trkpt lat="47.586703" lon="19.042462"><ele>110</ele></trkpt>
      <trkpt lat="47.586637" lon="19.042566"><ele>110</ele></trkpt>
      <trkpt lat="47.586614" lon="19.042702"><ele>110</ele></trkpt>
      <trkpt lat="47.586556" lon="19.042818"><ele>110</ele></trkpt>
      <trkpt lat="47.58653" lon="19.042946"><ele>110</ele></trkpt>
      <trkpt lat="47.586506" lon="19.043089"><ele>110</ele></trkpt>
      <trkpt lat="47.58648" lon="19.043217"><ele>110</ele></trkpt>
      <trkpt lat="47.586453" lon="19.043346"><ele>110</ele></trkpt>
      <trkpt lat="47.586432" lon="19.043476"><ele>108</ele></trkpt>
      <trkpt lat="47.586407" lon="19.043604"><ele>108</ele></trkpt>
      <trkpt lat="47.586383" lon="19.043732"><ele>108</ele></trkpt>
      <trkpt lat="47.58636" lon="19.043868"><ele>108</ele></trkpt>
      <trkpt lat="47.586338" lon="19.043999"><ele>108</ele></trkpt>
      <trkpt lat="47.586323" lon="19.044135"><ele>108</ele></trkpt>
      <trkpt lat="47.586305" lon="19.044269"><ele>108</ele></trkpt>
      <trkpt lat="47.586284" lon="19.044399"><ele>108</ele></trkpt>
      <trkpt lat="47.586264" lon="19.044529"><ele>108</ele></trkpt>
      <trkpt lat="47.586244" lon="19.044674"><ele>107</ele></trkpt>
      <trkpt lat="47.586223" lon="19.044815"><ele>107</ele></trkpt>
      <trkpt lat="47.586266" lon="19.044934"><ele>107</ele></trkpt>
      <trkpt lat="47.586097" lon="19.044845"><ele>107</ele></trkpt>
      <trkpt lat="47.586" lon="19.045071"><ele>107</ele></trkpt>
      <trkpt lat="47.585915" lon="19.045313"><ele>107</ele></trkpt>
      <trkpt lat="47.586005" lon="19.045258"><ele>107</ele></trkpt>
      <trkpt lat="47.586079" lon="19.045336"><ele>107</ele></trkpt>
      <trkpt lat="47.586136" lon="19.045446"><ele>107</ele></trkpt>
      <trkpt lat="47.586122" lon="19.045591"><ele>107</ele></trkpt>
      <trkpt lat="47.586112" lon="19.045743"><ele>107</ele></trkpt>
      <trkpt lat="47.586088" lon="19.04587"><ele>107</ele></trkpt>
      <trkpt lat="47.586074" lon="19.046015"><ele>107</ele></trkpt>
      <trkpt lat="47.58605" lon="19.046146"><ele>107</ele></trkpt>
      <trkpt lat="47.58603" lon="19.046276"><ele>106</ele></trkpt>
      <trkpt lat="47.586013" lon="19.046413"><ele>106</ele></trkpt>
      <trkpt lat="47.585998" lon="19.046553"><ele>106</ele></trkpt>
      <trkpt lat="47.585971" lon="19.046688"><ele>107</ele></trkpt>
      <trkpt lat="47.585956" lon="19.046824"><ele>107</ele></trkpt>
      <trkpt lat="47.585941" lon="19.046958"><ele>107</ele></trkpt>
      <trkpt lat="47.585914" lon="19.047093"><ele>107</ele></trkpt>
      <trkpt lat="47.585906" lon="19.04723"><ele>107</ele></trkpt>
      <trkpt lat="47.585894" lon="19.047367"><ele>107</ele></trkpt>
      <trkpt lat="47.585886" lon="19.047501"><ele>107</ele></trkpt>
      <trkpt lat="47.58585" lon="19.047626"><ele>107</ele></trkpt>
      <trkpt lat="47.585818" lon="19.047773"><ele>107</ele></trkpt>
      <trkpt lat="47.585805" lon="19.047913"><ele>107</ele></trkpt>
      <trkpt lat="47.585799" lon="19.048053"><ele>107</ele></trkpt>
      <trkpt lat="47.585714" lon="19.048126"><ele>107</ele></trkpt>
      <trkpt lat="47.585654" lon="19.048236"><ele>107</ele></trkpt>
      <trkpt lat="47.585648" lon="19.048368"><ele>107</ele></trkpt>
      <trkpt lat="47.585651" lon="19.048509"><ele>107</ele></trkpt>
      <trkpt lat="47.585635" lon="19.048653"><ele>107</ele></trkpt>
      <trkpt lat="47.585627" lon="19.048802"><ele>107</ele></trkpt>
      <trkpt lat="47.585615" lon="19.04894"><ele>107</ele></trkpt>
      <trkpt lat="47.585615" lon="19.049085"><ele>107</ele></trkpt>
      <trkpt lat="47.5856" lon="19.049228"><ele>107</ele></trkpt>
      <trkpt lat="47.585586" lon="19.049369"><ele>107</ele></trkpt>
      <trkpt lat="47.585562" lon="19.049504"><ele>107</ele></trkpt>
      <trkpt lat="47.585542" lon="19.049637"><ele>107</ele></trkpt>
      <trkpt lat="47.585551" lon="19.04979"><ele>107</ele></trkpt>
      <trkpt lat="47.585562" lon="19.049934"><ele>107</ele></trkpt>
      <trkpt lat="47.585553" lon="19.05007"><ele>107</ele></trkpt>
      <trkpt lat="47.585537" lon="19.050207"><ele>107</ele></trkpt>
      <trkpt lat="47.585519" lon="19.050347"><ele>107</ele></trkpt>
      <trkpt lat="47.58551" lon="19.050479"><ele>107</ele></trkpt>
      <trkpt lat="47.58549" lon="19.050611"><ele>107</ele></trkpt>
      <trkpt lat="47.585474" lon="19.050754"><ele>107</ele></trkpt>
      <trkpt lat="47.585461" lon="19.05089"><ele>107</ele></trkpt>
      <trkpt lat="47.585454" lon="19.051036"><ele>107</ele></trkpt>
      <trkpt lat="47.585452" lon="19.051179"><ele>107</ele></trkpt>
      <trkpt lat="47.585446" lon="19.051312"><ele>107</ele></trkpt>
      <trkpt lat="47.585443" lon="19.051457"><ele>107</ele></trkpt>
      <trkpt lat="47.585441" lon="19.051597"><ele>107</ele></trkpt>
      <trkpt lat="47.58544" lon="19.051731"><ele>107</ele></trkpt>
      <trkpt lat="47.585424" lon="19.05187"><ele>107</ele></trkpt>
      <trkpt lat="47.585406" lon="19.052003"><ele>107</ele></trkpt>
      <trkpt lat="47.585397" lon="19.052148"><ele>107</ele></trkpt>
      <trkpt lat="47.585393" lon="19.052285"><ele>107</ele></trkpt>
      <trkpt lat="47.585378" lon="19.052427"><ele>107</ele></trkpt>
      <trkpt lat="47.585372" lon="19.052574"><ele>107</ele></trkpt>
      <trkpt lat="47.585361" lon="19.052718"><ele>107</ele></trkpt>
      <trkpt lat="47.585345" lon="19.05286"><ele>106</ele></trkpt>
      <trkpt lat="47.585338" lon="19.052993"><ele>106</ele></trkpt>
      <trkpt lat="47.585332" lon="19.05314"><ele>106</ele></trkpt>
      <trkpt lat="47.585326" lon="19.053278"><ele>106</ele></trkpt>
      <trkpt lat="47.585297" lon="19.05341"><ele>106</ele></trkpt>
      <trkpt lat="47.585312" lon="19.053546"><ele>106</ele></trkpt>
      <trkpt lat="47.585295" lon="19.053686"><ele>106</ele></trkpt>
      <trkpt lat="47.585279" lon="19.05382"><ele>106</ele></trkpt>
      <trkpt lat="47.58527" lon="19.053954"><ele>106</ele></trkpt>
      <trkpt lat="47.585251" lon="19.054094"><ele>106</ele></trkpt>
      <trkpt lat="47.585229" lon="19.054228"><ele>106</ele></trkpt>
      <trkpt lat="47.585209" lon="19.054365"><ele>106</ele></trkpt>
      <trkpt lat="47.585208" lon="19.054507"><ele>106</ele></trkpt>
      <trkpt lat="47.585177" lon="19.054639"><ele>106</ele></trkpt>
      <trkpt lat="47.585183" lon="19.054774"><ele>106</ele></trkpt>
      <trkpt lat="47.585177" lon="19.054921"><ele>106</ele></trkpt>
      <trkpt lat="47.58517" lon="19.055065"><ele>106</ele></trkpt>
      <trkpt lat="47.58515" lon="19.055195"><ele>106</ele></trkpt>
      <trkpt lat="47.585139" lon="19.055336"><ele>106</ele></trkpt>
      <trkpt lat="47.585133" lon="19.055475"><ele>106</ele></trkpt>
      <trkpt lat="47.585126" lon="19.055613"><ele>106</ele></trkpt>
      <trkpt lat="47.585111" lon="19.055746"><ele>106</ele></trkpt>
      <trkpt lat="47.585113" lon="19.055893"><ele>106</ele></trkpt>
      <trkpt lat="47.5851" lon="19.056036"><ele>106</ele></trkpt>
      <trkpt lat="47.585104" lon="19.056172"><ele>106</ele></trkpt>
      <trkpt lat="47.585182" lon="19.05625"><ele>106</ele></trkpt>
      <trkpt lat="47.585094" lon="19.05629"><ele>106</ele></trkpt>
      <trkpt lat="47.58506" lon="19.05642"><ele>106</ele></trkpt>
      <trkpt lat="47.585054" lon="19.056559"><ele>105</ele></trkpt>
      <trkpt lat="47.585051" lon="19.056693"><ele>105</ele></trkpt>
      <trkpt lat="47.585047" lon="19.056832"><ele>105</ele></trkpt>
      <trkpt lat="47.58504" lon="19.056965"><ele>105</ele></trkpt>
      <trkpt lat="47.585019" lon="19.057099"><ele>105</ele></trkpt>
      <trkpt lat="47.584987" lon="19.057231"><ele>105</ele></trkpt>
      <trkpt lat="47.584959" lon="19.057365"><ele>105</ele></trkpt>
      <trkpt lat="47.584959" lon="19.057499"><ele>105</ele></trkpt>
      <trkpt lat="47.584966" lon="19.057634"><ele>105</ele></trkpt>
      <trkpt lat="47.58497" lon="19.057775"><ele>105</ele></trkpt>
      <trkpt lat="47.584951" lon="19.05791"><ele>106</ele></trkpt>
      <trkpt lat="47.584919" lon="19.058046"><ele>106</ele></trkpt>
      <trkpt lat="47.584888" lon="19.058177"><ele>106</ele></trkpt>
      <trkpt lat="47.584896" lon="19.058314"><ele>106</ele></trkpt>
      <trkpt lat="47.584887" lon="19.058447"><ele>105</ele></trkpt>
      <trkpt lat="47.584882" lon="19.058586"><ele>105</ele></trkpt>
      <trkpt lat="47.584868" lon="19.058724"><ele>105</ele></trkpt>
      <trkpt lat="47.584868" lon="19.058867"><ele>105</ele></trkpt>
      <trkpt lat="47.584867" lon="19.059011"><ele>105</ele></trkpt>
      <trkpt lat="47.584839" lon="19.059147"><ele>105</ele></trkpt>
      <trkpt lat="47.584845" lon="19.059284"><ele>105</ele></trkpt>
      <trkpt lat="47.584833" lon="19.059427"><ele>105</ele></trkpt>
      <trkpt lat="47.584823" lon="19.059563"><ele>105</ele></trkpt>
      <trkpt lat="47.584814" lon="19.059701"><ele>105</ele></trkpt>
      <trkpt lat="47.584813" lon="19.059836"><ele>105</ele></trkpt>
      <trkpt lat="47.584807" lon="19.059973"><ele>105</ele></trkpt>
      <trkpt lat="47.584782" lon="19.060104"><ele>105</ele></trkpt>
      <trkpt lat="47.584761" lon="19.060244"><ele>105</ele></trkpt>
      <trkpt lat="47.584762" lon="19.060379"><ele>105</ele></trkpt>
      <trkpt lat="47.58471" lon="19.060507"><ele>105</ele></trkpt>
      <trkpt lat="47.584731" lon="19.060642"><ele>105</ele></trkpt>
      <trkpt lat="47.584774" lon="19.060766"><ele>105</ele></trkpt>
      <trkpt lat="47.584773" lon="19.060905"><ele>105</ele></trkpt>
      <trkpt lat="47.584754" lon="19.061041"><ele>105</ele></trkpt>
      <trkpt lat="47.584743" lon="19.061172"><ele>105</ele></trkpt>
      <trkpt lat="47.584713" lon="19.061309"><ele>105</ele></trkpt>
      <trkpt lat="47.584705" lon="19.06145"><ele>105</ele></trkpt>
      <trkpt lat="47.58471" lon="19.061586"><ele>105</ele></trkpt>
      <trkpt lat="47.584707" lon="19.061727"><ele>105</ele></trkpt>
      <trkpt lat="47.584704" lon="19.061871"><ele>105</ele></trkpt>
      <trkpt lat="47.584697" lon="19.062003"><ele>105</ele></trkpt>
      <trkpt lat="47.584687" lon="19.062143"><ele>105</ele></trkpt>
      <trkpt lat="47.584665" lon="19.062273"><ele>105</ele></trkpt>
      <trkpt lat="47.584632" lon="19.062414"><ele>105</ele></trkpt>
      <trkpt lat="47.584618" lon="19.062553"><ele>105</ele></trkpt>
      <trkpt lat="47.584623" lon="19.062694"><ele>105</ele></trkpt>
      <trkpt lat="47.584626" lon="19.062832"><ele>105</ele></trkpt>
      <trkpt lat="47.584607" lon="19.06297"><ele>105</ele></trkpt>
      <trkpt lat="47.584615" lon="19.063113"><ele>105</ele></trkpt>
      <trkpt lat="47.584617" lon="19.063253"><ele>105</ele></trkpt>
      <trkpt lat="47.584596" lon="19.063389"><ele>105</ele></trkpt>
      <trkpt lat="47.584575" lon="19.063532"><ele>105</ele></trkpt>
      <trkpt lat="47.584574" lon="19.063665"><ele>105</ele></trkpt>
      <trkpt lat="47.584576" lon="19.063799"><ele>105</ele></trkpt>
      <trkpt lat="47.584548" lon="19.063928"><ele>105</ele></trkpt>
      <trkpt lat="47.584516" lon="19.064055"><ele>105</ele></trkpt>
      <trkpt lat="47.584502" lon="19.064191"><ele>105</ele></trkpt>
      <trkpt lat="47.584506" lon="19.064328"><ele>105</ele></trkpt>
      <trkpt lat="47.584512" lon="19.064468"><ele>106</ele></trkpt>
      <trkpt lat="47.584504" lon="19.064603"><ele>105</ele></trkpt>
      <trkpt lat="47.58449" lon="19.064742"><ele>105</ele></trkpt>
      <trkpt lat="47.584548" lon="19.064848"><ele>106</ele></trkpt>
      <trkpt lat="47.584574" lon="19.064977"><ele>105</ele></trkpt>
      <trkpt lat="47.584517" lon="19.065085"><ele>105</ele></trkpt>
      <trkpt lat="47.584491" lon="19.065213"><ele>105</ele></trkpt>
      <trkpt lat="47.584477" lon="19.065351"><ele>105</ele></trkpt>
      <trkpt lat="47.584475" lon="19.065489"><ele>105</ele></trkpt>
      <trkpt lat="47.584495" lon="19.065626"><ele>105</ele></trkpt>
      <trkpt lat="47.58451" lon="19.065763"><ele>105</ele></trkpt>
      <trkpt lat="47.584487" lon="19.065895"><ele>105</ele></trkpt>
      <trkpt lat="47.584492" lon="19.066035"><ele>105</ele></trkpt>
      <trkpt lat="47.584472" lon="19.066165"><ele>105</ele></trkpt>
      <trkpt lat="47.584447" lon="19.066299"><ele>105</ele></trkpt>
      <trkpt lat="47.584455" lon="19.066435"><ele>105</ele></trkpt>
      <trkpt lat="47.584438" lon="19.066574"><ele>105</ele></trkpt>
      <trkpt lat="47.584424" lon="19.066709"><ele>105</ele></trkpt>
      <trkpt lat="47.584411" lon="19.066844"><ele>105</ele></trkpt>
      <trkpt lat="47.5844" lon="19.066983"><ele>105</ele></trkpt>
      <trkpt lat="47.584393" lon="19.06712"><ele>105</ele></trkpt>
      <trkpt lat="47.58439" lon="19.067263"><ele>105</ele></trkpt>
      <trkpt lat="47.584383" lon="19.067397"><ele>105</ele></trkpt>
      <trkpt lat="47.584387" lon="19.067355"><ele>102.5</ele></trkpt>
      <trkpt lat="47.584852" lon="19.067487"><ele>102</ele></trkpt>
      <trkpt lat="47.585485" lon="19.067691"><ele>102.5</ele></trkpt>
      <trkpt lat="47.586509" lon="19.068131"><ele>102.5</ele></trkpt>
      <trkpt lat="47.587014" lon="19.068322"><ele>103</ele></trkpt>
      <trkpt lat="47.587091" lon="19.068344"><ele>102.75</ele></trkpt>
      <trkpt lat="47.58736" lon="19.068421"><ele>102.25</ele></trkpt>
      <trkpt lat="47.587577" lon="19.068484"><ele>101.75</ele></trkpt>
      <trkpt lat="47.587872" lon="19.068555"><ele>101.25</ele></trkpt>
      <trkpt lat="47.58842" lon="19.068695"><ele>100.5</ele></trkpt>
      <trkpt lat="47.589019" lon="19.068833"><ele>102.5</ele></trkpt>
      <trkpt lat="47.589516" lon="19.06893"><ele>103</ele></trkpt>
      <trkpt lat="47.589755" lon="19.068957"><ele>102.75</ele></trkpt>
      <trkpt lat="47.589962" lon="19.068959"><ele>102.75</ele></trkpt>
      <trkpt lat="47.590655" lon="19.06895"><ele>103</ele></trkpt>
      <trkpt lat="47.591395" lon="19.068966"><ele>103.5</ele></trkpt>
      <trkpt lat="47.59216" lon="19.068953"><ele>103.5</ele></trkpt>
      <trkpt lat="47.59227" lon="19.068948"><ele>103.5</ele></trkpt>
      <trkpt lat="47.592287" lon="19.068951"><ele>103.5</ele></trkpt>
      <trkpt lat="47.59239" lon="19.068951"><ele>103.5</ele></trkpt>
      <trkpt lat="47.593019" lon="19.068948"><ele>102.75</ele></trkpt>
      <trkpt lat="47.593164" lon="19.068951"><ele>102.5</ele></trkpt>
      <trkpt lat="47.593677" lon="19.068942"><ele>102.5</ele></trkpt>
      <trkpt lat="47.593799" lon="19.068938"><ele>102.75</ele></trkpt>
      <trkpt lat="47.594134" lon="19.068954"><ele>102.75</ele></trkpt>
      <trkpt lat="47.594179" lon="19.068963"><ele>102.75</ele></trkpt>
    </trkseg>
  </trk>
</gpx>
